"Kind","Agent_Id","Queue_Id","Stream_Id","Thread_Id","Dispatch_Id","Kernel_Id","Kernel_Name","Correlation_Id","Start_Timestamp","End_Timestamp","LDS_Block_Size","Scratch_Size","VGPR_Count","Accum_VGPR_Count","SGPR_Count","Workgroup_Size_X","Workgroup_Size_Y","Workgroup_Size_Z","Grid_Size_X","Grid_Size_Y","Grid_Size_Z"
"KERNEL_DISPATCH","Agent 1",1,0,46,1,161,"void at::native::vectorized_elementwise_kernel<4, at::native::float16tofloat32_copy_kernel_cuda(at::TensorIteratorBase&)::{lambda(c10::Half)#1}, std::array<char*, 2ul> >(int, at::native::float16tofloat32_copy_kernel_cuda(at::TensorIteratorBase&)::{lambda(c10::Half)#1}, std::array<char*, 2ul>)",1,12548005050186837,12548005050191963,0,0,16,0,128,256,1,1,1792,1,1
"KERNEL_DISPATCH","Agent 1",1,0,46,2,450,"void at::native::vectorized_elementwise_kernel<4, at::native::(anonymous namespace)::silu_kernel(at::TensorIteratorBase&)::{lambda()#1}::operator()() const::{lambda()#2}::operator()() const::{lambda(float)#1}, std::array<char*, 2ul> >(int, at::native::(anonymous namespace)::silu_kernel(at::TensorIteratorBase&)::{lambda()#1}::operator()() const::{lambda()#2}::operator()() const::{lambda(float)#1}, std::array<char*, 2ul>)",2,12548005070673670,12548005070677309,0,0,32,0,128,256,1,1,3584,1,1
"KERNEL_DISPATCH","Agent 1",1,0,46,3,161,"void at::native::vectorized_elementwise_kernel<4, at::native::float16tofloat32_copy_kernel_cuda(at::TensorIteratorBase&)::{lambda(c10::Half)#1}, std::array<char*, 2ul> >(int, at::native::float16tofloat32_copy_kernel_cuda(at::TensorIteratorBase&)::{lambda(c10::Half)#1}, std::array<char*, 2ul>)",3,12548005070867396,12548005070871481,0,0,16,0,128,256,1,1,1792,1,1
"KERNEL_DISPATCH","Agent 1",1,0,46,4,671,"void at::native::vectorized_elementwise_kernel<4, at::native::BinaryFunctor<float, float, float, at::native::binary_internal::MulFunctor<float> >, std::array<char*, 3ul> >(int, at::native::BinaryFunctor<float, float, float, at::native::binary_internal::MulFunctor<float> >, std::array<char*, 3ul>)",4,12548005121207116,12548005121211758,0,0,16,0,128,256,1,1,3584,1,1
"KERNEL_DISPATCH","Agent 1",1,0,46,5,184,"void at::native::vectorized_elementwise_kernel<4, at::native::float16_copy_kernel_cuda(at::TensorIteratorBase&)::{lambda(float)#1}, std::array<char*, 2ul> >(int, at::native::float16_copy_kernel_cuda(at::TensorIteratorBase&)::{lambda(float)#1}, std::array<char*, 2ul>)",5,12548005121319823,12548005121324386,0,0,16,0,128,256,1,1,1792,1,1
"KERNEL_DISPATCH","Agent 1",1,0,46,6,161,"void at::native::vectorized_elementwise_kernel<4, at::native::float16tofloat32_copy_kernel_cuda(at::TensorIteratorBase&)::{lambda(c10::Half)#1}, std::array<char*, 2ul> >(int, at::native::float16tofloat32_copy_kernel_cuda(at::TensorIteratorBase&)::{lambda(c10::Half)#1}, std::array<char*, 2ul>)",6,12548005121538569,12548005121542417,0,0,16,0,128,256,1,1,1792,1,1
"KERNEL_DISPATCH","Agent 1",1,0,46,7,688,"hadacore_fallback_fp32_kernel",7,12548005122819121,12548005122824516,0,0,16,0,128,128,1,1,7168,1,1
"KERNEL_DISPATCH","Agent 1",1,0,46,8,184,"void at::native::vectorized_elementwise_kernel<4, at::native::float16_copy_kernel_cuda(at::TensorIteratorBase&)::{lambda(float)#1}, std::array<char*, 2ul> >(int, at::native::float16_copy_kernel_cuda(at::TensorIteratorBase&)::{lambda(float)#1}, std::array<char*, 2ul>)",8,12548005122930539,12548005122934631,0,0,16,0,128,256,1,1,1792,1,1
"KERNEL_DISPATCH","Agent 1",1,0,46,9,161,"void at::native::vectorized_elementwise_kernel<4, at::native::float16tofloat32_copy_kernel_cuda(at::TensorIteratorBase&)::{lambda(c10::Half)#1}, std::array<char*, 2ul> >(int, at::native::float16tofloat32_copy_kernel_cuda(at::TensorIteratorBase&)::{lambda(c10::Half)#1}, std::array<char*, 2ul>)",9,12548005123039835,12548005123043904,0,0,16,0,128,256,1,1,1792,1,1
"KERNEL_DISPATCH","Agent 1",1,0,46,10,710,"void at::native::vectorized_elementwise_kernel<4, at::native::AbsFunctor<float>, std::array<char*, 2ul> >(int, at::native::AbsFunctor<float>, std::array<char*, 2ul>)",10,12548005135259663,12548005135264265,0,0,16,0,128,256,1,1,3584,1,1
"KERNEL_DISPATCH","Agent 1",1,0,46,11,776,"void at::native::reduce_kernel<512, 1, at::native::ReduceOp<float, at::native::func_wrapper_t<float, at::native::MaxNanFunctor<float> >, unsigned int, float, 4, 4> >(at::native::ReduceOp<float, at::native::func_wrapper_t<float, at::native::MaxNanFunctor<float> >, unsigned int, float, 4, 4>)",11,12548005147139404,12548005147146374,512,0,32,0,128,32,16,1,128,16,1
"KERNEL_DISPATCH","Agent 1",1,0,46,12,931,"void at::native::vectorized_elementwise_kernel<4, at::native::BUnaryFunctor<float, float, float, at::native::binary_internal::MulFunctor<float> >, std::array<char*, 2ul> >(int, at::native::BUnaryFunctor<float, float, float, at::native::binary_internal::MulFunctor<float> >, std::array<char*, 2ul>)",12,12548005182900554,12548005182905410,0,0,16,0,128,256,1,1,256,1,1
"KERNEL_DISPATCH","Agent 1",1,0,46,13,1065,"void at::native::vectorized_elementwise_kernel<4, at::native::(anonymous namespace)::launch_clamp_scalar(at::TensorIteratorBase&, c10::Scalar, c10::Scalar, at::native::detail::ClampLimits)::{lambda()#1}::operator()() const::{lambda()#7}::operator()() const::{lambda(float)#1}, std::array<char*, 2ul> >(int, at::native::(anonymous namespace)::launch_clamp_scalar(at::TensorIteratorBase&, c10::Scalar, c10::Scalar, at::native::detail::ClampLimits)::{lambda()#1}::operator()() const::{lambda()#7}::operator()() const::{lambda(float)#1}, std::array<char*, 2ul>)",13,12548005255272021,12548005255276335,0,0,16,0,128,256,1,1,256,1,1
"KERNEL_DISPATCH","Agent 1",1,0,46,14,1024,"void at::native::elementwise_kernel_manual_unroll<128, 4, at::native::gpu_kernel_impl_nocast<at::native::BinaryFunctor<float, float, float, at::native::binary_internal::DivFunctor<float> > >(at::TensorIteratorBase&, at::native::BinaryFunctor<float, float, float, at::native::binary_internal::DivFunctor<float> > const&)::{lambda(int, bool)#1}>(int, at::native::gpu_kernel_impl_nocast<at::native::BinaryFunctor<float, float, float, at::native::binary_internal::DivFunctor<float> > >(at::TensorIteratorBase&, at::native::BinaryFunctor<float, float, float, at::native::binary_internal::DivFunctor<float> > const&)::{lambda(int, bool)#1})",14,12548005255386095,12548005255391681,0,0,32,0,128,128,1,1,3584,1,1
"KERNEL_DISPATCH","Agent 1",1,0,46,15,1456,"void at::native::vectorized_elementwise_kernel<4, at::native::round_kernel_cuda(at::TensorIteratorBase&)::{lambda()#1}::operator()() const::{lambda()#2}::operator()() const::{lambda(float)#1}, std::array<char*, 2ul> >(int, at::native::round_kernel_cuda(at::TensorIteratorBase&)::{lambda()#1}::operator()() const::{lambda()#2}::operator()() const::{lambda(float)#1}, std::array<char*, 2ul>)",15,12548005288144510,12548005288149188,0,0,16,0,128,256,1,1,3584,1,1
"KERNEL_DISPATCH","Agent 1",1,0,46,16,1065,"void at::native::vectorized_elementwise_kernel<4, at::native::(anonymous namespace)::launch_clamp_scalar(at::TensorIteratorBase&, c10::Scalar, c10::Scalar, at::native::detail::ClampLimits)::{lambda()#1}::operator()() const::{lambda()#7}::operator()() const::{lambda(float)#1}, std::array<char*, 2ul> >(int, at::native::(anonymous namespace)::launch_clamp_scalar(at::TensorIteratorBase&, c10::Scalar, c10::Scalar, at::native::detail::ClampLimits)::{lambda()#1}::operator()() const::{lambda()#7}::operator()() const::{lambda(float)#1}, std::array<char*, 2ul>)",16,12548005288257140,12548005288261945,0,0,16,0,128,256,1,1,3584,1,1
"KERNEL_DISPATCH","Agent 1",1,0,46,17,260,"void at::native::elementwise_kernel_manual_unroll<128, 4, at::native::gpu_kernel_impl<at::native::direct_copy_kernel_cuda(at::TensorIteratorBase&)::{lambda()#3}::operator()() const::{lambda()#5}::operator()() const::{lambda(short)#1}>(at::TensorIteratorBase&, at::native::direct_copy_kernel_cuda(at::TensorIteratorBase&)::{lambda()#3}::operator()() const::{lambda()#5}::operator()() const::{lambda(short)#1} const&)::{lambda(int, bool)#1}>(int, at::native::gpu_kernel_impl<at::native::direct_copy_kernel_cuda(at::TensorIteratorBase&)::{lambda()#3}::operator()() const::{lambda()#5}::operator()() const::{lambda(short)#1}>(at::TensorIteratorBase&, at::native::direct_copy_kernel_cuda(at::TensorIteratorBase&)::{lambda()#3}::operator()() const::{lambda()#5}::operator()() const::{lambda(short)#1} const&)::{lambda(int, bool)#1})",17,12548005288365982,12548005288372749,0,0,16,0,128,128,1,1,3584,1,1
"KERNEL_DISPATCH","Agent 1",1,0,46,18,1879,"void at::native::vectorized_elementwise_kernel<8, at::native::CUDAFunctorOnSelf_add<short>, std::array<char*, 2ul> >(int, at::native::CUDAFunctorOnSelf_add<short>, std::array<char*, 2ul>)",18,12548005328127931,12548005328131832,0,0,16,0,128,256,1,1,1792,1,1
"KERNEL_DISPATCH","Agent 1",1,0,46,19,346,"void at::native::elementwise_kernel_manual_unroll<128, 4, at::native::gpu_kernel_impl<at::native::direct_copy_kernel_cuda(at::TensorIteratorBase&)::{lambda()#3}::operator()() const::{lambda()#1}::operator()() const::{lambda(unsigned char)#1}>(at::TensorIteratorBase&, at::native::direct_copy_kernel_cuda(at::TensorIteratorBase&)::{lambda()#3}::operator()() const::{lambda()#1}::operator()() const::{lambda(unsigned char)#1} const&)::{lambda(int, bool)#1}>(int, at::native::gpu_kernel_impl<at::native::direct_copy_kernel_cuda(at::TensorIteratorBase&)::{lambda()#3}::operator()() const::{lambda()#1}::operator()() const::{lambda(unsigned char)#1}>(at::TensorIteratorBase&, at::native::direct_copy_kernel_cuda(at::TensorIteratorBase&)::{lambda()#3}::operator()() const::{lambda()#1}::operator()() const::{lambda(unsigned char)#1} const&)::{lambda(int, bool)#1})",19,12548005328238173,12548005328244351,0,0,16,0,128,128,1,1,3584,1,1
"KERNEL_DISPATCH","Agent 1",1,0,46,20,2116,"void at::native::elementwise_kernel_manual_unroll<128, 8, at::native::gpu_kernel_impl_nocast<at::native::BUnaryFunctor<unsigned char, unsigned char, unsigned char, at::native::lshift_kernel_cuda(at::TensorIteratorBase&)::{lambda()#1}::operator()() const::{lambda()#1}::operator()() const::{lambda(unsigned char, unsigned char)#1}> >(at::TensorIteratorBase&, at::native::BUnaryFunctor<unsigned char, unsigned char, unsigned char, at::native::lshift_kernel_cuda(at::TensorIteratorBase&)::{lambda()#1}::operator()() const::{lambda()#1}::operator()() const::{lambda(unsigned char, unsigned char)#1}> const&)::{lambda(int, bool)#1}>(int, at::native::gpu_kernel_impl_nocast<at::native::BUnaryFunctor<unsigned char, unsigned char, unsigned char, at::native::lshift_kernel_cuda(at::TensorIteratorBase&)::{lambda()#1}::operator()() const::{lambda()#1}::operator()() const::{lambda(unsigned char, unsigned char)#1}> >(at::TensorIteratorBase&, at::native::BUnaryFunctor<unsigned char, unsigned char, unsigned char, at::native::lshift_kernel_cuda(at::TensorIteratorBase&)::{lambda()#1}::operator()() const::{lambda()#1}::operator()() const::{lambda(unsigned char, unsigned char)#1}> const&)::{lambda(int, bool)#1})",20,12548005366095351,12548005366099409,0,0,32,0,128,128,1,1,896,1,1
"KERNEL_DISPATCH","Agent 1",1,0,46,21,2262,"void at::native::elementwise_kernel_manual_unroll<128, 8, at::native::gpu_kernel_impl_nocast<at::native::BinaryFunctor<unsigned char, unsigned char, unsigned char, at::native::BitwiseOrFunctor<unsigned char> > >(at::TensorIteratorBase&, at::native::BinaryFunctor<unsigned char, unsigned char, unsigned char, at::native::BitwiseOrFunctor<unsigned char> > const&)::{lambda(int, bool)#1}>(int, at::native::gpu_kernel_impl_nocast<at::native::BinaryFunctor<unsigned char, unsigned char, unsigned char, at::native::BitwiseOrFunctor<unsigned char> > >(at::TensorIteratorBase&, at::native::BinaryFunctor<unsigned char, unsigned char, unsigned char, at::native::BitwiseOrFunctor<unsigned char> > const&)::{lambda(int, bool)#1})",21,12548005407384815,12548005407388826,0,0,48,0,128,128,1,1,896,1,1
"KERNEL_DISPATCH","Agent 1",1,0,46,22,184,"void at::native::vectorized_elementwise_kernel<4, at::native::float16_copy_kernel_cuda(at::TensorIteratorBase&)::{lambda(float)#1}, std::array<char*, 2ul> >(int, at::native::float16_copy_kernel_cuda(at::TensorIteratorBase&)::{lambda(float)#1}, std::array<char*, 2ul>)",22,12548005407483639,12548005407486670,0,0,16,0,128,256,1,1,256,1,1
"KERNEL_DISPATCH","Agent 1",1,0,46,23,161,"void at::native::vectorized_elementwise_kernel<4, at::native::float16tofloat32_copy_kernel_cuda(at::TensorIteratorBase&)::{lambda(c10::Half)#1}, std::array<char*, 2ul> >(int, at::native::float16tofloat32_copy_kernel_cuda(at::TensorIteratorBase&)::{lambda(c10::Half)#1}, std::array<char*, 2ul>)",23,12548005407593238,12548005407595634,0,0,16,0,128,256,1,1,1792,1,1
"KERNEL_DISPATCH","Agent 1",1,0,46,24,450,"void at::native::vectorized_elementwise_kernel<4, at::native::(anonymous namespace)::silu_kernel(at::TensorIteratorBase&)::{lambda()#1}::operator()() const::{lambda()#2}::operator()() const::{lambda(float)#1}, std::array<char*, 2ul> >(int, at::native::(anonymous namespace)::silu_kernel(at::TensorIteratorBase&)::{lambda()#1}::operator()() const::{lambda()#2}::operator()() const::{lambda(float)#1}, std::array<char*, 2ul>)",24,12548005407750942,12548005407754016,0,0,32,0,128,256,1,1,3584,1,1
"KERNEL_DISPATCH","Agent 1",1,0,46,25,161,"void at::native::vectorized_elementwise_kernel<4, at::native::float16tofloat32_copy_kernel_cuda(at::TensorIteratorBase&)::{lambda(c10::Half)#1}, std::array<char*, 2ul> >(int, at::native::float16tofloat32_copy_kernel_cuda(at::TensorIteratorBase&)::{lambda(c10::Half)#1}, std::array<char*, 2ul>)",25,12548005407881347,12548005407917517,0,0,16,0,128,256,1,1,1792,1,1
"KERNEL_DISPATCH","Agent 1",1,0,46,26,671,"void at::native::vectorized_elementwise_kernel<4, at::native::BinaryFunctor<float, float, float, at::native::binary_internal::MulFunctor<float> >, std::array<char*, 3ul> >(int, at::native::BinaryFunctor<float, float, float, at::native::binary_internal::MulFunctor<float> >, std::array<char*, 3ul>)",26,12548005408094151,12548005408097007,0,0,16,0,128,256,1,1,3584,1,1
"KERNEL_DISPATCH","Agent 1",1,0,46,27,184,"void at::native::vectorized_elementwise_kernel<4, at::native::float16_copy_kernel_cuda(at::TensorIteratorBase&)::{lambda(float)#1}, std::array<char*, 2ul> >(int, at::native::float16_copy_kernel_cuda(at::TensorIteratorBase&)::{lambda(float)#1}, std::array<char*, 2ul>)",27,12548005408248680,12548005408250856,0,0,16,0,128,256,1,1,1792,1,1
"KERNEL_DISPATCH","Agent 1",1,0,46,28,161,"void at::native::vectorized_elementwise_kernel<4, at::native::float16tofloat32_copy_kernel_cuda(at::TensorIteratorBase&)::{lambda(c10::Half)#1}, std::array<char*, 2ul> >(int, at::native::float16tofloat32_copy_kernel_cuda(at::TensorIteratorBase&)::{lambda(c10::Half)#1}, std::array<char*, 2ul>)",28,12548005408338786,12548005408341289,0,0,16,0,128,256,1,1,1792,1,1
"KERNEL_DISPATCH","Agent 1",1,0,46,29,688,"hadacore_fallback_fp32_kernel",29,12548005408899903,12548005408903158,0,0,16,0,128,128,1,1,7168,1,1
"KERNEL_DISPATCH","Agent 1",1,0,46,30,184,"void at::native::vectorized_elementwise_kernel<4, at::native::float16_copy_kernel_cuda(at::TensorIteratorBase&)::{lambda(float)#1}, std::array<char*, 2ul> >(int, at::native::float16_copy_kernel_cuda(at::TensorIteratorBase&)::{lambda(float)#1}, std::array<char*, 2ul>)",30,12548005409002468,12548005409005158,0,0,16,0,128,256,1,1,1792,1,1
"KERNEL_DISPATCH","Agent 1",1,0,46,31,161,"void at::native::vectorized_elementwise_kernel<4, at::native::float16tofloat32_copy_kernel_cuda(at::TensorIteratorBase&)::{lambda(c10::Half)#1}, std::array<char*, 2ul> >(int, at::native::float16tofloat32_copy_kernel_cuda(at::TensorIteratorBase&)::{lambda(c10::Half)#1}, std::array<char*, 2ul>)",31,12548005409128864,12548005409131475,0,0,16,0,128,256,1,1,1792,1,1
"KERNEL_DISPATCH","Agent 1",1,0,46,32,710,"void at::native::vectorized_elementwise_kernel<4, at::native::AbsFunctor<float>, std::array<char*, 2ul> >(int, at::native::AbsFunctor<float>, std::array<char*, 2ul>)",32,12548005409738977,12548005409741240,0,0,16,0,128,256,1,1,3584,1,1
"KERNEL_DISPATCH","Agent 1",1,0,46,33,776,"void at::native::reduce_kernel<512, 1, at::native::ReduceOp<float, at::native::func_wrapper_t<float, at::native::MaxNanFunctor<float> >, unsigned int, float, 4, 4> >(at::native::ReduceOp<float, at::native::func_wrapper_t<float, at::native::MaxNanFunctor<float> >, unsigned int, float, 4, 4>)",33,12548005409839942,12548005409844255,512,0,32,0,128,32,16,1,128,16,1
"KERNEL_DISPATCH","Agent 1",1,0,46,34,931,"void at::native::vectorized_elementwise_kernel<4, at::native::BUnaryFunctor<float, float, float, at::native::binary_internal::MulFunctor<float> >, std::array<char*, 2ul> >(int, at::native::BUnaryFunctor<float, float, float, at::native::binary_internal::MulFunctor<float> >, std::array<char*, 2ul>)",34,12548005409929442,12548005409931828,0,0,16,0,128,256,1,1,256,1,1
"KERNEL_DISPATCH","Agent 1",1,0,46,35,1065,"void at::native::vectorized_elementwise_kernel<4, at::native::(anonymous namespace)::launch_clamp_scalar(at::TensorIteratorBase&, c10::Scalar, c10::Scalar, at::native::detail::ClampLimits)::{lambda()#1}::operator()() const::{lambda()#7}::operator()() const::{lambda(float)#1}, std::array<char*, 2ul> >(int, at::native::(anonymous namespace)::launch_clamp_scalar(at::TensorIteratorBase&, c10::Scalar, c10::Scalar, at::native::detail::ClampLimits)::{lambda()#1}::operator()() const::{lambda()#7}::operator()() const::{lambda(float)#1}, std::array<char*, 2ul>)",35,12548005410017786,12548005410020427,0,0,16,0,128,256,1,1,256,1,1
"KERNEL_DISPATCH","Agent 1",1,0,46,36,1024,"void at::native::elementwise_kernel_manual_unroll<128, 4, at::native::gpu_kernel_impl_nocast<at::native::BinaryFunctor<float, float, float, at::native::binary_internal::DivFunctor<float> > >(at::TensorIteratorBase&, at::native::BinaryFunctor<float, float, float, at::native::binary_internal::DivFunctor<float> > const&)::{lambda(int, bool)#1}>(int, at::native::gpu_kernel_impl_nocast<at::native::BinaryFunctor<float, float, float, at::native::binary_internal::DivFunctor<float> > >(at::TensorIteratorBase&, at::native::BinaryFunctor<float, float, float, at::native::binary_internal::DivFunctor<float> > const&)::{lambda(int, bool)#1})",36,12548005410518076,12548005410521500,0,0,32,0,128,128,1,1,3584,1,1
"KERNEL_DISPATCH","Agent 1",1,0,46,37,1456,"void at::native::vectorized_elementwise_kernel<4, at::native::round_kernel_cuda(at::TensorIteratorBase&)::{lambda()#1}::operator()() const::{lambda()#2}::operator()() const::{lambda(float)#1}, std::array<char*, 2ul> >(int, at::native::round_kernel_cuda(at::TensorIteratorBase&)::{lambda()#1}::operator()() const::{lambda()#2}::operator()() const::{lambda(float)#1}, std::array<char*, 2ul>)",37,12548005410609062,12548005410611075,0,0,16,0,128,256,1,1,3584,1,1
"KERNEL_DISPATCH","Agent 1",1,0,46,38,1065,"void at::native::vectorized_elementwise_kernel<4, at::native::(anonymous namespace)::launch_clamp_scalar(at::TensorIteratorBase&, c10::Scalar, c10::Scalar, at::native::detail::ClampLimits)::{lambda()#1}::operator()() const::{lambda()#7}::operator()() const::{lambda(float)#1}, std::array<char*, 2ul> >(int, at::native::(anonymous namespace)::launch_clamp_scalar(at::TensorIteratorBase&, c10::Scalar, c10::Scalar, at::native::detail::ClampLimits)::{lambda()#1}::operator()() const::{lambda()#7}::operator()() const::{lambda(float)#1}, std::array<char*, 2ul>)",38,12548005410700878,12548005410703407,0,0,16,0,128,256,1,1,3584,1,1
"KERNEL_DISPATCH","Agent 1",1,0,46,39,260,"void at::native::elementwise_kernel_manual_unroll<128, 4, at::native::gpu_kernel_impl<at::native::direct_copy_kernel_cuda(at::TensorIteratorBase&)::{lambda()#3}::operator()() const::{lambda()#5}::operator()() const::{lambda(short)#1}>(at::TensorIteratorBase&, at::native::direct_copy_kernel_cuda(at::TensorIteratorBase&)::{lambda()#3}::operator()() const::{lambda()#5}::operator()() const::{lambda(short)#1} const&)::{lambda(int, bool)#1}>(int, at::native::gpu_kernel_impl<at::native::direct_copy_kernel_cuda(at::TensorIteratorBase&)::{lambda()#3}::operator()() const::{lambda()#5}::operator()() const::{lambda(short)#1}>(at::TensorIteratorBase&, at::native::direct_copy_kernel_cuda(at::TensorIteratorBase&)::{lambda()#3}::operator()() const::{lambda()#5}::operator()() const::{lambda(short)#1} const&)::{lambda(int, bool)#1})",39,12548005410793745,12548005410798153,0,0,16,0,128,128,1,1,3584,1,1
"KERNEL_DISPATCH","Agent 1",1,0,46,40,1879,"void at::native::vectorized_elementwise_kernel<8, at::native::CUDAFunctorOnSelf_add<short>, std::array<char*, 2ul> >(int, at::native::CUDAFunctorOnSelf_add<short>, std::array<char*, 2ul>)",40,12548005410887466,12548005410890493,0,0,16,0,128,256,1,1,1792,1,1
"KERNEL_DISPATCH","Agent 1",1,0,46,41,346,"void at::native::elementwise_kernel_manual_unroll<128, 4, at::native::gpu_kernel_impl<at::native::direct_copy_kernel_cuda(at::TensorIteratorBase&)::{lambda()#3}::operator()() const::{lambda()#1}::operator()() const::{lambda(unsigned char)#1}>(at::TensorIteratorBase&, at::native::direct_copy_kernel_cuda(at::TensorIteratorBase&)::{lambda()#3}::operator()() const::{lambda()#1}::operator()() const::{lambda(unsigned char)#1} const&)::{lambda(int, bool)#1}>(int, at::native::gpu_kernel_impl<at::native::direct_copy_kernel_cuda(at::TensorIteratorBase&)::{lambda()#3}::operator()() const::{lambda()#1}::operator()() const::{lambda(unsigned char)#1}>(at::TensorIteratorBase&, at::native::direct_copy_kernel_cuda(at::TensorIteratorBase&)::{lambda()#3}::operator()() const::{lambda()#1}::operator()() const::{lambda(unsigned char)#1} const&)::{lambda(int, bool)#1})",41,12548005411292909,12548005411296706,0,0,16,0,128,128,1,1,3584,1,1
"KERNEL_DISPATCH","Agent 1",1,0,46,42,2116,"void at::native::elementwise_kernel_manual_unroll<128, 8, at::native::gpu_kernel_impl_nocast<at::native::BUnaryFunctor<unsigned char, unsigned char, unsigned char, at::native::lshift_kernel_cuda(at::TensorIteratorBase&)::{lambda()#1}::operator()() const::{lambda()#1}::operator()() const::{lambda(unsigned char, unsigned char)#1}> >(at::TensorIteratorBase&, at::native::BUnaryFunctor<unsigned char, unsigned char, unsigned char, at::native::lshift_kernel_cuda(at::TensorIteratorBase&)::{lambda()#1}::operator()() const::{lambda()#1}::operator()() const::{lambda(unsigned char, unsigned char)#1}> const&)::{lambda(int, bool)#1}>(int, at::native::gpu_kernel_impl_nocast<at::native::BUnaryFunctor<unsigned char, unsigned char, unsigned char, at::native::lshift_kernel_cuda(at::TensorIteratorBase&)::{lambda()#1}::operator()() const::{lambda()#1}::operator()() const::{lambda(unsigned char, unsigned char)#1}> >(at::TensorIteratorBase&, at::native::BUnaryFunctor<unsigned char, unsigned char, unsigned char, at::native::lshift_kernel_cuda(at::TensorIteratorBase&)::{lambda()#1}::operator()() const::{lambda()#1}::operator()() const::{lambda(unsigned char, unsigned char)#1}> const&)::{lambda(int, bool)#1})",42,12548005411434460,12548005411437762,0,0,32,0,128,128,1,1,896,1,1
"KERNEL_DISPATCH","Agent 1",1,0,46,43,2262,"void at::native::elementwise_kernel_manual_unroll<128, 8, at::native::gpu_kernel_impl_nocast<at::native::BinaryFunctor<unsigned char, unsigned char, unsigned char, at::native::BitwiseOrFunctor<unsigned char> > >(at::TensorIteratorBase&, at::native::BinaryFunctor<unsigned char, unsigned char, unsigned char, at::native::BitwiseOrFunctor<unsigned char> > const&)::{lambda(int, bool)#1}>(int, at::native::gpu_kernel_impl_nocast<at::native::BinaryFunctor<unsigned char, unsigned char, unsigned char, at::native::BitwiseOrFunctor<unsigned char> > >(at::TensorIteratorBase&, at::native::BinaryFunctor<unsigned char, unsigned char, unsigned char, at::native::BitwiseOrFunctor<unsigned char> > const&)::{lambda(int, bool)#1})",43,12548005411520622,12548005411523891,0,0,48,0,128,128,1,1,896,1,1
"KERNEL_DISPATCH","Agent 1",1,0,46,44,184,"void at::native::vectorized_elementwise_kernel<4, at::native::float16_copy_kernel_cuda(at::TensorIteratorBase&)::{lambda(float)#1}, std::array<char*, 2ul> >(int, at::native::float16_copy_kernel_cuda(at::TensorIteratorBase&)::{lambda(float)#1}, std::array<char*, 2ul>)",44,12548005411608103,12548005411610299,0,0,16,0,128,256,1,1,256,1,1
"KERNEL_DISPATCH","Agent 1",1,0,46,45,161,"void at::native::vectorized_elementwise_kernel<4, at::native::float16tofloat32_copy_kernel_cuda(at::TensorIteratorBase&)::{lambda(c10::Half)#1}, std::array<char*, 2ul> >(int, at::native::float16tofloat32_copy_kernel_cuda(at::TensorIteratorBase&)::{lambda(c10::Half)#1}, std::array<char*, 2ul>)",45,12548005411693483,12548005411695297,0,0,16,0,128,256,1,1,1792,1,1
"KERNEL_DISPATCH","Agent 1",1,0,46,46,450,"void at::native::vectorized_elementwise_kernel<4, at::native::(anonymous namespace)::silu_kernel(at::TensorIteratorBase&)::{lambda()#1}::operator()() const::{lambda()#2}::operator()() const::{lambda(float)#1}, std::array<char*, 2ul> >(int, at::native::(anonymous namespace)::silu_kernel(at::TensorIteratorBase&)::{lambda()#1}::operator()() const::{lambda()#2}::operator()() const::{lambda(float)#1}, std::array<char*, 2ul>)",46,12548005412134249,12548005412136186,0,0,32,0,128,256,1,1,3584,1,1
"KERNEL_DISPATCH","Agent 1",1,0,46,47,161,"void at::native::vectorized_elementwise_kernel<4, at::native::float16tofloat32_copy_kernel_cuda(at::TensorIteratorBase&)::{lambda(c10::Half)#1}, std::array<char*, 2ul> >(int, at::native::float16tofloat32_copy_kernel_cuda(at::TensorIteratorBase&)::{lambda(c10::Half)#1}, std::array<char*, 2ul>)",47,12548005412219277,12548005412221098,0,0,16,0,128,256,1,1,1792,1,1
"KERNEL_DISPATCH","Agent 1",1,0,46,48,671,"void at::native::vectorized_elementwise_kernel<4, at::native::BinaryFunctor<float, float, float, at::native::binary_internal::MulFunctor<float> >, std::array<char*, 3ul> >(int, at::native::BinaryFunctor<float, float, float, at::native::binary_internal::MulFunctor<float> >, std::array<char*, 3ul>)",48,12548005412304394,12548005412306306,0,0,16,0,128,256,1,1,3584,1,1
"KERNEL_DISPATCH","Agent 1",1,0,46,49,184,"void at::native::vectorized_elementwise_kernel<4, at::native::float16_copy_kernel_cuda(at::TensorIteratorBase&)::{lambda(float)#1}, std::array<char*, 2ul> >(int, at::native::float16_copy_kernel_cuda(at::TensorIteratorBase&)::{lambda(float)#1}, std::array<char*, 2ul>)",49,12548005412392427,12548005412394737,0,0,16,0,128,256,1,1,1792,1,1
"KERNEL_DISPATCH","Agent 1",1,0,46,50,161,"void at::native::vectorized_elementwise_kernel<4, at::native::float16tofloat32_copy_kernel_cuda(at::TensorIteratorBase&)::{lambda(c10::Half)#1}, std::array<char*, 2ul> >(int, at::native::float16tofloat32_copy_kernel_cuda(at::TensorIteratorBase&)::{lambda(c10::Half)#1}, std::array<char*, 2ul>)",50,12548005412864238,12548005412865966,0,0,16,0,128,256,1,1,1792,1,1
"KERNEL_DISPATCH","Agent 1",1,0,46,51,688,"hadacore_fallback_fp32_kernel",51,12548005412952302,12548005412955893,0,0,16,0,128,128,1,1,7168,1,1
"KERNEL_DISPATCH","Agent 1",1,0,46,52,184,"void at::native::vectorized_elementwise_kernel<4, at::native::float16_copy_kernel_cuda(at::TensorIteratorBase&)::{lambda(float)#1}, std::array<char*, 2ul> >(int, at::native::float16_copy_kernel_cuda(at::TensorIteratorBase&)::{lambda(float)#1}, std::array<char*, 2ul>)",52,12548005413041715,12548005413044509,0,0,16,0,128,256,1,1,1792,1,1
"KERNEL_DISPATCH","Agent 1",1,0,46,53,161,"void at::native::vectorized_elementwise_kernel<4, at::native::float16tofloat32_copy_kernel_cuda(at::TensorIteratorBase&)::{lambda(c10::Half)#1}, std::array<char*, 2ul> >(int, at::native::float16tofloat32_copy_kernel_cuda(at::TensorIteratorBase&)::{lambda(c10::Half)#1}, std::array<char*, 2ul>)",53,12548005413131022,12548005413133593,0,0,16,0,128,256,1,1,1792,1,1
"KERNEL_DISPATCH","Agent 1",1,0,46,54,710,"void at::native::vectorized_elementwise_kernel<4, at::native::AbsFunctor<float>, std::array<char*, 2ul> >(int, at::native::AbsFunctor<float>, std::array<char*, 2ul>)",54,12548005413545063,12548005413547281,0,0,16,0,128,256,1,1,3584,1,1
"KERNEL_DISPATCH","Agent 1",1,0,46,55,776,"void at::native::reduce_kernel<512, 1, at::native::ReduceOp<float, at::native::func_wrapper_t<float, at::native::MaxNanFunctor<float> >, unsigned int, float, 4, 4> >(at::native::ReduceOp<float, at::native::func_wrapper_t<float, at::native::MaxNanFunctor<float> >, unsigned int, float, 4, 4>)",55,12548005413633563,12548005413638033,512,0,32,0,128,32,16,1,128,16,1
"KERNEL_DISPATCH","Agent 1",1,0,46,56,931,"void at::native::vectorized_elementwise_kernel<4, at::native::BUnaryFunctor<float, float, float, at::native::binary_internal::MulFunctor<float> >, std::array<char*, 2ul> >(int, at::native::BUnaryFunctor<float, float, float, at::native::binary_internal::MulFunctor<float> >, std::array<char*, 2ul>)",56,12548005413724960,12548005413727166,0,0,16,0,128,256,1,1,256,1,1
"KERNEL_DISPATCH","Agent 1",1,0,46,57,1065,"void at::native::vectorized_elementwise_kernel<4, at::native::(anonymous namespace)::launch_clamp_scalar(at::TensorIteratorBase&, c10::Scalar, c10::Scalar, at::native::detail::ClampLimits)::{lambda()#1}::operator()() const::{lambda()#7}::operator()() const::{lambda(float)#1}, std::array<char*, 2ul> >(int, at::native::(anonymous namespace)::launch_clamp_scalar(at::TensorIteratorBase&, c10::Scalar, c10::Scalar, at::native::detail::ClampLimits)::{lambda()#1}::operator()() const::{lambda()#7}::operator()() const::{lambda(float)#1}, std::array<char*, 2ul>)",57,12548005413810021,12548005413812274,0,0,16,0,128,256,1,1,256,1,1
"KERNEL_DISPATCH","Agent 1",1,0,46,58,1024,"void at::native::elementwise_kernel_manual_unroll<128, 4, at::native::gpu_kernel_impl_nocast<at::native::BinaryFunctor<float, float, float, at::native::binary_internal::DivFunctor<float> > >(at::TensorIteratorBase&, at::native::BinaryFunctor<float, float, float, at::native::binary_internal::DivFunctor<float> > const&)::{lambda(int, bool)#1}>(int, at::native::gpu_kernel_impl_nocast<at::native::BinaryFunctor<float, float, float, at::native::binary_internal::DivFunctor<float> > >(at::TensorIteratorBase&, at::native::BinaryFunctor<float, float, float, at::native::binary_internal::DivFunctor<float> > const&)::{lambda(int, bool)#1})",58,12548005413896579,12548005413899959,0,0,32,0,128,128,1,1,3584,1,1
"KERNEL_DISPATCH","Agent 1",1,0,46,59,1456,"void at::native::vectorized_elementwise_kernel<4, at::native::round_kernel_cuda(at::TensorIteratorBase&)::{lambda()#1}::operator()() const::{lambda()#2}::operator()() const::{lambda(float)#1}, std::array<char*, 2ul> >(int, at::native::round_kernel_cuda(at::TensorIteratorBase&)::{lambda()#1}::operator()() const::{lambda()#2}::operator()() const::{lambda(float)#1}, std::array<char*, 2ul>)",59,12548005414295993,12548005414297850,0,0,16,0,128,256,1,1,3584,1,1
"KERNEL_DISPATCH","Agent 1",1,0,46,60,1065,"void at::native::vectorized_elementwise_kernel<4, at::native::(anonymous namespace)::launch_clamp_scalar(at::TensorIteratorBase&, c10::Scalar, c10::Scalar, at::native::detail::ClampLimits)::{lambda()#1}::operator()() const::{lambda()#7}::operator()() const::{lambda(float)#1}, std::array<char*, 2ul> >(int, at::native::(anonymous namespace)::launch_clamp_scalar(at::TensorIteratorBase&, c10::Scalar, c10::Scalar, at::native::detail::ClampLimits)::{lambda()#1}::operator()() const::{lambda()#7}::operator()() const::{lambda(float)#1}, std::array<char*, 2ul>)",60,12548005414384305,12548005414386243,0,0,16,0,128,256,1,1,3584,1,1
"KERNEL_DISPATCH","Agent 1",1,0,46,61,260,"void at::native::elementwise_kernel_manual_unroll<128, 4, at::native::gpu_kernel_impl<at::native::direct_copy_kernel_cuda(at::TensorIteratorBase&)::{lambda()#3}::operator()() const::{lambda()#5}::operator()() const::{lambda(short)#1}>(at::TensorIteratorBase&, at::native::direct_copy_kernel_cuda(at::TensorIteratorBase&)::{lambda()#3}::operator()() const::{lambda()#5}::operator()() const::{lambda(short)#1} const&)::{lambda(int, bool)#1}>(int, at::native::gpu_kernel_impl<at::native::direct_copy_kernel_cuda(at::TensorIteratorBase&)::{lambda()#3}::operator()() const::{lambda()#5}::operator()() const::{lambda(short)#1}>(at::TensorIteratorBase&, at::native::direct_copy_kernel_cuda(at::TensorIteratorBase&)::{lambda()#3}::operator()() const::{lambda()#5}::operator()() const::{lambda(short)#1} const&)::{lambda(int, bool)#1})",61,12548005414469613,12548005414473604,0,0,16,0,128,128,1,1,3584,1,1
"KERNEL_DISPATCH","Agent 1",1,0,46,62,1879,"void at::native::vectorized_elementwise_kernel<8, at::native::CUDAFunctorOnSelf_add<short>, std::array<char*, 2ul> >(int, at::native::CUDAFunctorOnSelf_add<short>, std::array<char*, 2ul>)",62,12548005414559242,12548005414561492,0,0,16,0,128,256,1,1,1792,1,1
"KERNEL_DISPATCH","Agent 1",1,0,46,63,346,"void at::native::elementwise_kernel_manual_unroll<128, 4, at::native::gpu_kernel_impl<at::native::direct_copy_kernel_cuda(at::TensorIteratorBase&)::{lambda()#3}::operator()() const::{lambda()#1}::operator()() const::{lambda(unsigned char)#1}>(at::TensorIteratorBase&, at::native::direct_copy_kernel_cuda(at::TensorIteratorBase&)::{lambda()#3}::operator()() const::{lambda()#1}::operator()() const::{lambda(unsigned char)#1} const&)::{lambda(int, bool)#1}>(int, at::native::gpu_kernel_impl<at::native::direct_copy_kernel_cuda(at::TensorIteratorBase&)::{lambda()#3}::operator()() const::{lambda()#1}::operator()() const::{lambda(unsigned char)#1}>(at::TensorIteratorBase&, at::native::direct_copy_kernel_cuda(at::TensorIteratorBase&)::{lambda()#3}::operator()() const::{lambda()#1}::operator()() const::{lambda(unsigned char)#1} const&)::{lambda(int, bool)#1})",63,12548005414977959,12548005414981763,0,0,16,0,128,128,1,1,3584,1,1
"KERNEL_DISPATCH","Agent 1",1,0,46,64,2116,"void at::native::elementwise_kernel_manual_unroll<128, 8, at::native::gpu_kernel_impl_nocast<at::native::BUnaryFunctor<unsigned char, unsigned char, unsigned char, at::native::lshift_kernel_cuda(at::TensorIteratorBase&)::{lambda()#1}::operator()() const::{lambda()#1}::operator()() const::{lambda(unsigned char, unsigned char)#1}> >(at::TensorIteratorBase&, at::native::BUnaryFunctor<unsigned char, unsigned char, unsigned char, at::native::lshift_kernel_cuda(at::TensorIteratorBase&)::{lambda()#1}::operator()() const::{lambda()#1}::operator()() const::{lambda(unsigned char, unsigned char)#1}> const&)::{lambda(int, bool)#1}>(int, at::native::gpu_kernel_impl_nocast<at::native::BUnaryFunctor<unsigned char, unsigned char, unsigned char, at::native::lshift_kernel_cuda(at::TensorIteratorBase&)::{lambda()#1}::operator()() const::{lambda()#1}::operator()() const::{lambda(unsigned char, unsigned char)#1}> >(at::TensorIteratorBase&, at::native::BUnaryFunctor<unsigned char, unsigned char, unsigned char, at::native::lshift_kernel_cuda(at::TensorIteratorBase&)::{lambda()#1}::operator()() const::{lambda()#1}::operator()() const::{lambda(unsigned char, unsigned char)#1}> const&)::{lambda(int, bool)#1})",64,12548005415120100,12548005415124088,0,0,32,0,128,128,1,1,896,1,1
"KERNEL_DISPATCH","Agent 1",1,0,46,65,2262,"void at::native::elementwise_kernel_manual_unroll<128, 8, at::native::gpu_kernel_impl_nocast<at::native::BinaryFunctor<unsigned char, unsigned char, unsigned char, at::native::BitwiseOrFunctor<unsigned char> > >(at::TensorIteratorBase&, at::native::BinaryFunctor<unsigned char, unsigned char, unsigned char, at::native::BitwiseOrFunctor<unsigned char> > const&)::{lambda(int, bool)#1}>(int, at::native::gpu_kernel_impl_nocast<at::native::BinaryFunctor<unsigned char, unsigned char, unsigned char, at::native::BitwiseOrFunctor<unsigned char> > >(at::TensorIteratorBase&, at::native::BinaryFunctor<unsigned char, unsigned char, unsigned char, at::native::BitwiseOrFunctor<unsigned char> > const&)::{lambda(int, bool)#1})",65,12548005415208349,12548005415211782,0,0,48,0,128,128,1,1,896,1,1
"KERNEL_DISPATCH","Agent 1",1,0,46,66,184,"void at::native::vectorized_elementwise_kernel<4, at::native::float16_copy_kernel_cuda(at::TensorIteratorBase&)::{lambda(float)#1}, std::array<char*, 2ul> >(int, at::native::float16_copy_kernel_cuda(at::TensorIteratorBase&)::{lambda(float)#1}, std::array<char*, 2ul>)",66,12548005415297147,12548005415299418,0,0,16,0,128,256,1,1,256,1,1
"KERNEL_DISPATCH","Agent 1",1,0,46,67,161,"void at::native::vectorized_elementwise_kernel<4, at::native::float16tofloat32_copy_kernel_cuda(at::TensorIteratorBase&)::{lambda(c10::Half)#1}, std::array<char*, 2ul> >(int, at::native::float16tofloat32_copy_kernel_cuda(at::TensorIteratorBase&)::{lambda(c10::Half)#1}, std::array<char*, 2ul>)",67,12548005415383127,12548005415385143,0,0,16,0,128,256,1,1,1792,1,1
"KERNEL_DISPATCH","Agent 1",1,0,46,68,450,"void at::native::vectorized_elementwise_kernel<4, at::native::(anonymous namespace)::silu_kernel(at::TensorIteratorBase&)::{lambda()#1}::operator()() const::{lambda()#2}::operator()() const::{lambda(float)#1}, std::array<char*, 2ul> >(int, at::native::(anonymous namespace)::silu_kernel(at::TensorIteratorBase&)::{lambda()#1}::operator()() const::{lambda()#2}::operator()() const::{lambda(float)#1}, std::array<char*, 2ul>)",68,12548005415841352,12548005415843514,0,0,32,0,128,256,1,1,3584,1,1
"KERNEL_DISPATCH","Agent 1",1,0,46,69,161,"void at::native::vectorized_elementwise_kernel<4, at::native::float16tofloat32_copy_kernel_cuda(at::TensorIteratorBase&)::{lambda(c10::Half)#1}, std::array<char*, 2ul> >(int, at::native::float16tofloat32_copy_kernel_cuda(at::TensorIteratorBase&)::{lambda(c10::Half)#1}, std::array<char*, 2ul>)",69,12548005415926978,12548005415929160,0,0,16,0,128,256,1,1,1792,1,1
"KERNEL_DISPATCH","Agent 1",1,0,46,70,671,"void at::native::vectorized_elementwise_kernel<4, at::native::BinaryFunctor<float, float, float, at::native::binary_internal::MulFunctor<float> >, std::array<char*, 3ul> >(int, at::native::BinaryFunctor<float, float, float, at::native::binary_internal::MulFunctor<float> >, std::array<char*, 3ul>)",70,12548005416010975,12548005416012927,0,0,16,0,128,256,1,1,3584,1,1
"KERNEL_DISPATCH","Agent 1",1,0,46,71,184,"void at::native::vectorized_elementwise_kernel<4, at::native::float16_copy_kernel_cuda(at::TensorIteratorBase&)::{lambda(float)#1}, std::array<char*, 2ul> >(int, at::native::float16_copy_kernel_cuda(at::TensorIteratorBase&)::{lambda(float)#1}, std::array<char*, 2ul>)",71,12548005416097029,12548005416098908,0,0,16,0,128,256,1,1,1792,1,1
"KERNEL_DISPATCH","Agent 1",1,0,46,72,161,"void at::native::vectorized_elementwise_kernel<4, at::native::float16tofloat32_copy_kernel_cuda(at::TensorIteratorBase&)::{lambda(c10::Half)#1}, std::array<char*, 2ul> >(int, at::native::float16tofloat32_copy_kernel_cuda(at::TensorIteratorBase&)::{lambda(c10::Half)#1}, std::array<char*, 2ul>)",72,12548005416514824,12548005416516591,0,0,16,0,128,256,1,1,1792,1,1
"KERNEL_DISPATCH","Agent 1",1,0,46,73,688,"hadacore_fallback_fp32_kernel",73,12548005416600162,12548005416603213,0,0,16,0,128,128,1,1,7168,1,1
"KERNEL_DISPATCH","Agent 1",1,0,46,74,184,"void at::native::vectorized_elementwise_kernel<4, at::native::float16_copy_kernel_cuda(at::TensorIteratorBase&)::{lambda(float)#1}, std::array<char*, 2ul> >(int, at::native::float16_copy_kernel_cuda(at::TensorIteratorBase&)::{lambda(float)#1}, std::array<char*, 2ul>)",74,12548005416686210,12548005416688389,0,0,16,0,128,256,1,1,1792,1,1
"KERNEL_DISPATCH","Agent 1",1,0,46,75,161,"void at::native::vectorized_elementwise_kernel<4, at::native::float16tofloat32_copy_kernel_cuda(at::TensorIteratorBase&)::{lambda(c10::Half)#1}, std::array<char*, 2ul> >(int, at::native::float16tofloat32_copy_kernel_cuda(at::TensorIteratorBase&)::{lambda(c10::Half)#1}, std::array<char*, 2ul>)",75,12548005416719497,12548005416781901,0,0,16,0,128,256,1,1,1792,1,1
"KERNEL_DISPATCH","Agent 1",1,0,46,76,710,"void at::native::vectorized_elementwise_kernel<4, at::native::AbsFunctor<float>, std::array<char*, 2ul> >(int, at::native::AbsFunctor<float>, std::array<char*, 2ul>)",76,12548005417194589,12548005417196719,0,0,16,0,128,256,1,1,3584,1,1
"KERNEL_DISPATCH","Agent 1",1,0,46,77,776,"void at::native::reduce_kernel<512, 1, at::native::ReduceOp<float, at::native::func_wrapper_t<float, at::native::MaxNanFunctor<float> >, unsigned int, float, 4, 4> >(at::native::ReduceOp<float, at::native::func_wrapper_t<float, at::native::MaxNanFunctor<float> >, unsigned int, float, 4, 4>)",77,12548005417280697,12548005417284783,512,0,32,0,128,32,16,1,128,16,1
"KERNEL_DISPATCH","Agent 1",1,0,46,78,931,"void at::native::vectorized_elementwise_kernel<4, at::native::BUnaryFunctor<float, float, float, at::native::binary_internal::MulFunctor<float> >, std::array<char*, 2ul> >(int, at::native::BUnaryFunctor<float, float, float, at::native::binary_internal::MulFunctor<float> >, std::array<char*, 2ul>)",78,12548005417369408,12548005417371949,0,0,16,0,128,256,1,1,256,1,1
"KERNEL_DISPATCH","Agent 1",1,0,46,79,1065,"void at::native::vectorized_elementwise_kernel<4, at::native::(anonymous namespace)::launch_clamp_scalar(at::TensorIteratorBase&, c10::Scalar, c10::Scalar, at::native::detail::ClampLimits)::{lambda()#1}::operator()() const::{lambda()#7}::operator()() const::{lambda(float)#1}, std::array<char*, 2ul> >(int, at::native::(anonymous namespace)::launch_clamp_scalar(at::TensorIteratorBase&, c10::Scalar, c10::Scalar, at::native::detail::ClampLimits)::{lambda()#1}::operator()() const::{lambda()#7}::operator()() const::{lambda(float)#1}, std::array<char*, 2ul>)",79,12548005417456382,12548005417678406,0,0,16,0,128,256,1,1,256,1,1
"KERNEL_DISPATCH","Agent 1",1,0,46,80,1024,"void at::native::elementwise_kernel_manual_unroll<128, 4, at::native::gpu_kernel_impl_nocast<at::native::BinaryFunctor<float, float, float, at::native::binary_internal::DivFunctor<float> > >(at::TensorIteratorBase&, at::native::BinaryFunctor<float, float, float, at::native::binary_internal::DivFunctor<float> > const&)::{lambda(int, bool)#1}>(int, at::native::gpu_kernel_impl_nocast<at::native::BinaryFunctor<float, float, float, at::native::binary_internal::DivFunctor<float> > >(at::TensorIteratorBase&, at::native::BinaryFunctor<float, float, float, at::native::binary_internal::DivFunctor<float> > const&)::{lambda(int, bool)#1})",80,12548005417760574,12548005417763723,0,0,32,0,128,128,1,1,3584,1,1
"KERNEL_DISPATCH","Agent 1",1,0,46,81,1456,"void at::native::vectorized_elementwise_kernel<4, at::native::round_kernel_cuda(at::TensorIteratorBase&)::{lambda()#1}::operator()() const::{lambda()#2}::operator()() const::{lambda(float)#1}, std::array<char*, 2ul> >(int, at::native::round_kernel_cuda(at::TensorIteratorBase&)::{lambda()#1}::operator()() const::{lambda()#2}::operator()() const::{lambda(float)#1}, std::array<char*, 2ul>)",81,12548005418001796,12548005418004062,0,0,16,0,128,256,1,1,3584,1,1
"KERNEL_DISPATCH","Agent 1",1,0,46,82,1065,"void at::native::vectorized_elementwise_kernel<4, at::native::(anonymous namespace)::launch_clamp_scalar(at::TensorIteratorBase&, c10::Scalar, c10::Scalar, at::native::detail::ClampLimits)::{lambda()#1}::operator()() const::{lambda()#7}::operator()() const::{lambda(float)#1}, std::array<char*, 2ul> >(int, at::native::(anonymous namespace)::launch_clamp_scalar(at::TensorIteratorBase&, c10::Scalar, c10::Scalar, at::native::detail::ClampLimits)::{lambda()#1}::operator()() const::{lambda()#7}::operator()() const::{lambda(float)#1}, std::array<char*, 2ul>)",82,12548005418087498,12548005418089856,0,0,16,0,128,256,1,1,3584,1,1
"KERNEL_DISPATCH","Agent 1",1,0,46,83,260,"void at::native::elementwise_kernel_manual_unroll<128, 4, at::native::gpu_kernel_impl<at::native::direct_copy_kernel_cuda(at::TensorIteratorBase&)::{lambda()#3}::operator()() const::{lambda()#5}::operator()() const::{lambda(short)#1}>(at::TensorIteratorBase&, at::native::direct_copy_kernel_cuda(at::TensorIteratorBase&)::{lambda()#3}::operator()() const::{lambda()#5}::operator()() const::{lambda(short)#1} const&)::{lambda(int, bool)#1}>(int, at::native::gpu_kernel_impl<at::native::direct_copy_kernel_cuda(at::TensorIteratorBase&)::{lambda()#3}::operator()() const::{lambda()#5}::operator()() const::{lambda(short)#1}>(at::TensorIteratorBase&, at::native::direct_copy_kernel_cuda(at::TensorIteratorBase&)::{lambda()#3}::operator()() const::{lambda()#5}::operator()() const::{lambda(short)#1} const&)::{lambda(int, bool)#1})",83,12548005418173225,12548005418176849,0,0,16,0,128,128,1,1,3584,1,1
"KERNEL_DISPATCH","Agent 1",1,0,46,84,1879,"void at::native::vectorized_elementwise_kernel<8, at::native::CUDAFunctorOnSelf_add<short>, std::array<char*, 2ul> >(int, at::native::CUDAFunctorOnSelf_add<short>, std::array<char*, 2ul>)",84,12548005418259763,12548005418261851,0,0,16,0,128,256,1,1,1792,1,1
"KERNEL_DISPATCH","Agent 1",1,0,46,85,346,"void at::native::elementwise_kernel_manual_unroll<128, 4, at::native::gpu_kernel_impl<at::native::direct_copy_kernel_cuda(at::TensorIteratorBase&)::{lambda()#3}::operator()() const::{lambda()#1}::operator()() const::{lambda(unsigned char)#1}>(at::TensorIteratorBase&, at::native::direct_copy_kernel_cuda(at::TensorIteratorBase&)::{lambda()#3}::operator()() const::{lambda()#1}::operator()() const::{lambda(unsigned char)#1} const&)::{lambda(int, bool)#1}>(int, at::native::gpu_kernel_impl<at::native::direct_copy_kernel_cuda(at::TensorIteratorBase&)::{lambda()#3}::operator()() const::{lambda()#1}::operator()() const::{lambda(unsigned char)#1}>(at::TensorIteratorBase&, at::native::direct_copy_kernel_cuda(at::TensorIteratorBase&)::{lambda()#3}::operator()() const::{lambda()#1}::operator()() const::{lambda(unsigned char)#1} const&)::{lambda(int, bool)#1})",85,12548005418275152,12548005418350745,0,0,16,0,128,128,1,1,3584,1,1
"KERNEL_DISPATCH","Agent 1",1,0,46,86,2116,"void at::native::elementwise_kernel_manual_unroll<128, 8, at::native::gpu_kernel_impl_nocast<at::native::BUnaryFunctor<unsigned char, unsigned char, unsigned char, at::native::lshift_kernel_cuda(at::TensorIteratorBase&)::{lambda()#1}::operator()() const::{lambda()#1}::operator()() const::{lambda(unsigned char, unsigned char)#1}> >(at::TensorIteratorBase&, at::native::BUnaryFunctor<unsigned char, unsigned char, unsigned char, at::native::lshift_kernel_cuda(at::TensorIteratorBase&)::{lambda()#1}::operator()() const::{lambda()#1}::operator()() const::{lambda(unsigned char, unsigned char)#1}> const&)::{lambda(int, bool)#1}>(int, at::native::gpu_kernel_impl_nocast<at::native::BUnaryFunctor<unsigned char, unsigned char, unsigned char, at::native::lshift_kernel_cuda(at::TensorIteratorBase&)::{lambda()#1}::operator()() const::{lambda()#1}::operator()() const::{lambda(unsigned char, unsigned char)#1}> >(at::TensorIteratorBase&, at::native::BUnaryFunctor<unsigned char, unsigned char, unsigned char, at::native::lshift_kernel_cuda(at::TensorIteratorBase&)::{lambda()#1}::operator()() const::{lambda()#1}::operator()() const::{lambda(unsigned char, unsigned char)#1}> const&)::{lambda(int, bool)#1})",86,12548005418910897,12548005418914566,0,0,32,0,128,128,1,1,896,1,1
"KERNEL_DISPATCH","Agent 1",1,0,46,87,2262,"void at::native::elementwise_kernel_manual_unroll<128, 8, at::native::gpu_kernel_impl_nocast<at::native::BinaryFunctor<unsigned char, unsigned char, unsigned char, at::native::BitwiseOrFunctor<unsigned char> > >(at::TensorIteratorBase&, at::native::BinaryFunctor<unsigned char, unsigned char, unsigned char, at::native::BitwiseOrFunctor<unsigned char> > const&)::{lambda(int, bool)#1}>(int, at::native::gpu_kernel_impl_nocast<at::native::BinaryFunctor<unsigned char, unsigned char, unsigned char, at::native::BitwiseOrFunctor<unsigned char> > >(at::TensorIteratorBase&, at::native::BinaryFunctor<unsigned char, unsigned char, unsigned char, at::native::BitwiseOrFunctor<unsigned char> > const&)::{lambda(int, bool)#1})",87,12548005419000697,12548005419003803,0,0,48,0,128,128,1,1,896,1,1
"KERNEL_DISPATCH","Agent 1",1,0,46,88,184,"void at::native::vectorized_elementwise_kernel<4, at::native::float16_copy_kernel_cuda(at::TensorIteratorBase&)::{lambda(float)#1}, std::array<char*, 2ul> >(int, at::native::float16_copy_kernel_cuda(at::TensorIteratorBase&)::{lambda(float)#1}, std::array<char*, 2ul>)",88,12548005419088906,12548005419091173,0,0,16,0,128,256,1,1,256,1,1
"KERNEL_DISPATCH","Agent 1",1,0,46,89,161,"void at::native::vectorized_elementwise_kernel<4, at::native::float16tofloat32_copy_kernel_cuda(at::TensorIteratorBase&)::{lambda(c10::Half)#1}, std::array<char*, 2ul> >(int, at::native::float16tofloat32_copy_kernel_cuda(at::TensorIteratorBase&)::{lambda(c10::Half)#1}, std::array<char*, 2ul>)",89,12548005419184259,12548005419187410,0,0,16,0,128,256,1,1,1792,1,1
"KERNEL_DISPATCH","Agent 1",1,0,46,90,450,"void at::native::vectorized_elementwise_kernel<4, at::native::(anonymous namespace)::silu_kernel(at::TensorIteratorBase&)::{lambda()#1}::operator()() const::{lambda()#2}::operator()() const::{lambda(float)#1}, std::array<char*, 2ul> >(int, at::native::(anonymous namespace)::silu_kernel(at::TensorIteratorBase&)::{lambda()#1}::operator()() const::{lambda()#2}::operator()() const::{lambda(float)#1}, std::array<char*, 2ul>)",90,12548005419278803,12548005419282046,0,0,32,0,128,256,1,1,3584,1,1
"KERNEL_DISPATCH","Agent 1",1,0,46,91,161,"void at::native::vectorized_elementwise_kernel<4, at::native::float16tofloat32_copy_kernel_cuda(at::TensorIteratorBase&)::{lambda(c10::Half)#1}, std::array<char*, 2ul> >(int, at::native::float16tofloat32_copy_kernel_cuda(at::TensorIteratorBase&)::{lambda(c10::Half)#1}, std::array<char*, 2ul>)",91,12548005419371709,12548005419374869,0,0,16,0,128,256,1,1,1792,1,1
"KERNEL_DISPATCH","Agent 1",1,0,46,92,671,"void at::native::vectorized_elementwise_kernel<4, at::native::BinaryFunctor<float, float, float, at::native::binary_internal::MulFunctor<float> >, std::array<char*, 3ul> >(int, at::native::BinaryFunctor<float, float, float, at::native::binary_internal::MulFunctor<float> >, std::array<char*, 3ul>)",92,12548005419792339,12548005419794170,0,0,16,0,128,256,1,1,3584,1,1
"KERNEL_DISPATCH","Agent 1",1,0,46,93,184,"void at::native::vectorized_elementwise_kernel<4, at::native::float16_copy_kernel_cuda(at::TensorIteratorBase&)::{lambda(float)#1}, std::array<char*, 2ul> >(int, at::native::float16_copy_kernel_cuda(at::TensorIteratorBase&)::{lambda(float)#1}, std::array<char*, 2ul>)",93,12548005419877864,12548005419879728,0,0,16,0,128,256,1,1,1792,1,1
"KERNEL_DISPATCH","Agent 1",1,0,46,94,161,"void at::native::vectorized_elementwise_kernel<4, at::native::float16tofloat32_copy_kernel_cuda(at::TensorIteratorBase&)::{lambda(c10::Half)#1}, std::array<char*, 2ul> >(int, at::native::float16tofloat32_copy_kernel_cuda(at::TensorIteratorBase&)::{lambda(c10::Half)#1}, std::array<char*, 2ul>)",94,12548005419963418,12548005419965131,0,0,16,0,128,256,1,1,1792,1,1
"KERNEL_DISPATCH","Agent 1",1,0,46,95,688,"hadacore_fallback_fp32_kernel",95,12548005420047843,12548005420050734,0,0,16,0,128,128,1,1,7168,1,1
"KERNEL_DISPATCH","Agent 1",1,0,46,96,184,"void at::native::vectorized_elementwise_kernel<4, at::native::float16_copy_kernel_cuda(at::TensorIteratorBase&)::{lambda(float)#1}, std::array<char*, 2ul> >(int, at::native::float16_copy_kernel_cuda(at::TensorIteratorBase&)::{lambda(float)#1}, std::array<char*, 2ul>)",96,12548005420494703,12548005420496495,0,0,16,0,128,256,1,1,1792,1,1
"KERNEL_DISPATCH","Agent 1",1,0,46,97,161,"void at::native::vectorized_elementwise_kernel<4, at::native::float16tofloat32_copy_kernel_cuda(at::TensorIteratorBase&)::{lambda(c10::Half)#1}, std::array<char*, 2ul> >(int, at::native::float16tofloat32_copy_kernel_cuda(at::TensorIteratorBase&)::{lambda(c10::Half)#1}, std::array<char*, 2ul>)",97,12548005420595925,12548005420597760,0,0,16,0,128,256,1,1,1792,1,1
"KERNEL_DISPATCH","Agent 1",1,0,46,98,710,"void at::native::vectorized_elementwise_kernel<4, at::native::AbsFunctor<float>, std::array<char*, 2ul> >(int, at::native::AbsFunctor<float>, std::array<char*, 2ul>)",98,12548005420655767,12548005420684335,0,0,16,0,128,256,1,1,3584,1,1
"KERNEL_DISPATCH","Agent 1",1,0,46,99,776,"void at::native::reduce_kernel<512, 1, at::native::ReduceOp<float, at::native::func_wrapper_t<float, at::native::MaxNanFunctor<float> >, unsigned int, float, 4, 4> >(at::native::ReduceOp<float, at::native::func_wrapper_t<float, at::native::MaxNanFunctor<float> >, unsigned int, float, 4, 4>)",99,12548005421181461,12548005421185560,512,0,32,0,128,32,16,1,128,16,1
"KERNEL_DISPATCH","Agent 1",1,0,46,100,931,"void at::native::vectorized_elementwise_kernel<4, at::native::BUnaryFunctor<float, float, float, at::native::binary_internal::MulFunctor<float> >, std::array<char*, 2ul> >(int, at::native::BUnaryFunctor<float, float, float, at::native::binary_internal::MulFunctor<float> >, std::array<char*, 2ul>)",100,12548005421269273,12548005421271450,0,0,16,0,128,256,1,1,256,1,1
"KERNEL_DISPATCH","Agent 1",1,0,46,101,1065,"void at::native::vectorized_elementwise_kernel<4, at::native::(anonymous namespace)::launch_clamp_scalar(at::TensorIteratorBase&, c10::Scalar, c10::Scalar, at::native::detail::ClampLimits)::{lambda()#1}::operator()() const::{lambda()#7}::operator()() const::{lambda(float)#1}, std::array<char*, 2ul> >(int, at::native::(anonymous namespace)::launch_clamp_scalar(at::TensorIteratorBase&, c10::Scalar, c10::Scalar, at::native::detail::ClampLimits)::{lambda()#1}::operator()() const::{lambda()#7}::operator()() const::{lambda(float)#1}, std::array<char*, 2ul>)",101,12548005421772620,12548005421774521,0,0,16,0,128,256,1,1,256,1,1
"KERNEL_DISPATCH","Agent 1",1,0,46,102,1024,"void at::native::elementwise_kernel_manual_unroll<128, 4, at::native::gpu_kernel_impl_nocast<at::native::BinaryFunctor<float, float, float, at::native::binary_internal::DivFunctor<float> > >(at::TensorIteratorBase&, at::native::BinaryFunctor<float, float, float, at::native::binary_internal::DivFunctor<float> > const&)::{lambda(int, bool)#1}>(int, at::native::gpu_kernel_impl_nocast<at::native::BinaryFunctor<float, float, float, at::native::binary_internal::DivFunctor<float> > >(at::TensorIteratorBase&, at::native::BinaryFunctor<float, float, float, at::native::binary_internal::DivFunctor<float> > const&)::{lambda(int, bool)#1})",102,12548005421861384,12548005421864480,0,0,32,0,128,128,1,1,3584,1,1
"KERNEL_DISPATCH","Agent 1",1,0,46,103,1456,"void at::native::vectorized_elementwise_kernel<4, at::native::round_kernel_cuda(at::TensorIteratorBase&)::{lambda()#1}::operator()() const::{lambda()#2}::operator()() const::{lambda(float)#1}, std::array<char*, 2ul> >(int, at::native::round_kernel_cuda(at::TensorIteratorBase&)::{lambda()#1}::operator()() const::{lambda()#2}::operator()() const::{lambda(float)#1}, std::array<char*, 2ul>)",103,12548005421957621,12548005421960679,0,0,16,0,128,256,1,1,3584,1,1
"KERNEL_DISPATCH","Agent 1",1,0,46,104,1065,"void at::native::vectorized_elementwise_kernel<4, at::native::(anonymous namespace)::launch_clamp_scalar(at::TensorIteratorBase&, c10::Scalar, c10::Scalar, at::native::detail::ClampLimits)::{lambda()#1}::operator()() const::{lambda()#7}::operator()() const::{lambda(float)#1}, std::array<char*, 2ul> >(int, at::native::(anonymous namespace)::launch_clamp_scalar(at::TensorIteratorBase&, c10::Scalar, c10::Scalar, at::native::detail::ClampLimits)::{lambda()#1}::operator()() const::{lambda()#7}::operator()() const::{lambda(float)#1}, std::array<char*, 2ul>)",104,12548005422053930,12548005422057120,0,0,16,0,128,256,1,1,3584,1,1
"KERNEL_DISPATCH","Agent 1",1,0,46,105,260,"void at::native::elementwise_kernel_manual_unroll<128, 4, at::native::gpu_kernel_impl<at::native::direct_copy_kernel_cuda(at::TensorIteratorBase&)::{lambda()#3}::operator()() const::{lambda()#5}::operator()() const::{lambda(short)#1}>(at::TensorIteratorBase&, at::native::direct_copy_kernel_cuda(at::TensorIteratorBase&)::{lambda()#3}::operator()() const::{lambda()#5}::operator()() const::{lambda(short)#1} const&)::{lambda(int, bool)#1}>(int, at::native::gpu_kernel_impl<at::native::direct_copy_kernel_cuda(at::TensorIteratorBase&)::{lambda()#3}::operator()() const::{lambda()#5}::operator()() const::{lambda(short)#1}>(at::TensorIteratorBase&, at::native::direct_copy_kernel_cuda(at::TensorIteratorBase&)::{lambda()#3}::operator()() const::{lambda()#5}::operator()() const::{lambda(short)#1} const&)::{lambda(int, bool)#1})",105,12548005422470239,12548005422473809,0,0,16,0,128,128,1,1,3584,1,1
"KERNEL_DISPATCH","Agent 1",1,0,46,106,1879,"void at::native::vectorized_elementwise_kernel<8, at::native::CUDAFunctorOnSelf_add<short>, std::array<char*, 2ul> >(int, at::native::CUDAFunctorOnSelf_add<short>, std::array<char*, 2ul>)",106,12548005422570404,12548005422572224,0,0,16,0,128,256,1,1,1792,1,1
"KERNEL_DISPATCH","Agent 1",1,0,46,107,346,"void at::native::elementwise_kernel_manual_unroll<128, 4, at::native::gpu_kernel_impl<at::native::direct_copy_kernel_cuda(at::TensorIteratorBase&)::{lambda()#3}::operator()() const::{lambda()#1}::operator()() const::{lambda(unsigned char)#1}>(at::TensorIteratorBase&, at::native::direct_copy_kernel_cuda(at::TensorIteratorBase&)::{lambda()#3}::operator()() const::{lambda()#1}::operator()() const::{lambda(unsigned char)#1} const&)::{lambda(int, bool)#1}>(int, at::native::gpu_kernel_impl<at::native::direct_copy_kernel_cuda(at::TensorIteratorBase&)::{lambda()#3}::operator()() const::{lambda()#1}::operator()() const::{lambda(unsigned char)#1}>(at::TensorIteratorBase&, at::native::direct_copy_kernel_cuda(at::TensorIteratorBase&)::{lambda()#3}::operator()() const::{lambda()#1}::operator()() const::{lambda(unsigned char)#1} const&)::{lambda(int, bool)#1})",107,12548005422656741,12548005422660285,0,0,16,0,128,128,1,1,3584,1,1
"KERNEL_DISPATCH","Agent 1",1,0,46,108,2116,"void at::native::elementwise_kernel_manual_unroll<128, 8, at::native::gpu_kernel_impl_nocast<at::native::BUnaryFunctor<unsigned char, unsigned char, unsigned char, at::native::lshift_kernel_cuda(at::TensorIteratorBase&)::{lambda()#1}::operator()() const::{lambda()#1}::operator()() const::{lambda(unsigned char, unsigned char)#1}> >(at::TensorIteratorBase&, at::native::BUnaryFunctor<unsigned char, unsigned char, unsigned char, at::native::lshift_kernel_cuda(at::TensorIteratorBase&)::{lambda()#1}::operator()() const::{lambda()#1}::operator()() const::{lambda(unsigned char, unsigned char)#1}> const&)::{lambda(int, bool)#1}>(int, at::native::gpu_kernel_impl_nocast<at::native::BUnaryFunctor<unsigned char, unsigned char, unsigned char, at::native::lshift_kernel_cuda(at::TensorIteratorBase&)::{lambda()#1}::operator()() const::{lambda()#1}::operator()() const::{lambda(unsigned char, unsigned char)#1}> >(at::TensorIteratorBase&, at::native::BUnaryFunctor<unsigned char, unsigned char, unsigned char, at::native::lshift_kernel_cuda(at::TensorIteratorBase&)::{lambda()#1}::operator()() const::{lambda()#1}::operator()() const::{lambda(unsigned char, unsigned char)#1}> const&)::{lambda(int, bool)#1})",108,12548005423192978,12548005423196054,0,0,32,0,128,128,1,1,896,1,1
"KERNEL_DISPATCH","Agent 1",1,0,46,109,2262,"void at::native::elementwise_kernel_manual_unroll<128, 8, at::native::gpu_kernel_impl_nocast<at::native::BinaryFunctor<unsigned char, unsigned char, unsigned char, at::native::BitwiseOrFunctor<unsigned char> > >(at::TensorIteratorBase&, at::native::BinaryFunctor<unsigned char, unsigned char, unsigned char, at::native::BitwiseOrFunctor<unsigned char> > const&)::{lambda(int, bool)#1}>(int, at::native::gpu_kernel_impl_nocast<at::native::BinaryFunctor<unsigned char, unsigned char, unsigned char, at::native::BitwiseOrFunctor<unsigned char> > >(at::TensorIteratorBase&, at::native::BinaryFunctor<unsigned char, unsigned char, unsigned char, at::native::BitwiseOrFunctor<unsigned char> > const&)::{lambda(int, bool)#1})",109,12548005423278669,12548005423281769,0,0,48,0,128,128,1,1,896,1,1
"KERNEL_DISPATCH","Agent 1",1,0,46,110,184,"void at::native::vectorized_elementwise_kernel<4, at::native::float16_copy_kernel_cuda(at::TensorIteratorBase&)::{lambda(float)#1}, std::array<char*, 2ul> >(int, at::native::float16_copy_kernel_cuda(at::TensorIteratorBase&)::{lambda(float)#1}, std::array<char*, 2ul>)",110,12548005423370890,12548005423373649,0,0,16,0,128,256,1,1,256,1,1
"KERNEL_DISPATCH","Agent 1",1,0,46,111,161,"void at::native::vectorized_elementwise_kernel<4, at::native::float16tofloat32_copy_kernel_cuda(at::TensorIteratorBase&)::{lambda(c10::Half)#1}, std::array<char*, 2ul> >(int, at::native::float16tofloat32_copy_kernel_cuda(at::TensorIteratorBase&)::{lambda(c10::Half)#1}, std::array<char*, 2ul>)",111,12548005424037777,12548005424040850,0,0,16,0,128,256,1,1,1792,1,1
"KERNEL_DISPATCH","Agent 1",1,0,46,112,450,"void at::native::vectorized_elementwise_kernel<4, at::native::(anonymous namespace)::silu_kernel(at::TensorIteratorBase&)::{lambda()#1}::operator()() const::{lambda()#2}::operator()() const::{lambda(float)#1}, std::array<char*, 2ul> >(int, at::native::(anonymous namespace)::silu_kernel(at::TensorIteratorBase&)::{lambda()#1}::operator()() const::{lambda()#2}::operator()() const::{lambda(float)#1}, std::array<char*, 2ul>)",112,12548005424134014,12548005424137443,0,0,32,0,128,256,1,1,3584,1,1
"KERNEL_DISPATCH","Agent 1",1,0,46,113,161,"void at::native::vectorized_elementwise_kernel<4, at::native::float16tofloat32_copy_kernel_cuda(at::TensorIteratorBase&)::{lambda(c10::Half)#1}, std::array<char*, 2ul> >(int, at::native::float16tofloat32_copy_kernel_cuda(at::TensorIteratorBase&)::{lambda(c10::Half)#1}, std::array<char*, 2ul>)",113,12548005424233599,12548005424237132,0,0,16,0,128,256,1,1,1792,1,1
"KERNEL_DISPATCH","Agent 1",1,0,46,114,671,"void at::native::vectorized_elementwise_kernel<4, at::native::BinaryFunctor<float, float, float, at::native::binary_internal::MulFunctor<float> >, std::array<char*, 3ul> >(int, at::native::BinaryFunctor<float, float, float, at::native::binary_internal::MulFunctor<float> >, std::array<char*, 3ul>)",114,12548005424635532,12548005424637809,0,0,16,0,128,256,1,1,3584,1,1
"KERNEL_DISPATCH","Agent 1",1,0,46,115,184,"void at::native::vectorized_elementwise_kernel<4, at::native::float16_copy_kernel_cuda(at::TensorIteratorBase&)::{lambda(float)#1}, std::array<char*, 2ul> >(int, at::native::float16_copy_kernel_cuda(at::TensorIteratorBase&)::{lambda(float)#1}, std::array<char*, 2ul>)",115,12548005424722245,12548005424724089,0,0,16,0,128,256,1,1,1792,1,1
"KERNEL_DISPATCH","Agent 1",1,0,46,116,161,"void at::native::vectorized_elementwise_kernel<4, at::native::float16tofloat32_copy_kernel_cuda(at::TensorIteratorBase&)::{lambda(c10::Half)#1}, std::array<char*, 2ul> >(int, at::native::float16tofloat32_copy_kernel_cuda(at::TensorIteratorBase&)::{lambda(c10::Half)#1}, std::array<char*, 2ul>)",116,12548005424729350,12548005424812816,0,0,16,0,128,256,1,1,1792,1,1
"KERNEL_DISPATCH","Agent 1",1,0,46,117,688,"hadacore_fallback_fp32_kernel",117,12548005425272940,12548005425276110,0,0,16,0,128,128,1,1,7168,1,1
"KERNEL_DISPATCH","Agent 1",1,0,46,118,184,"void at::native::vectorized_elementwise_kernel<4, at::native::float16_copy_kernel_cuda(at::TensorIteratorBase&)::{lambda(float)#1}, std::array<char*, 2ul> >(int, at::native::float16_copy_kernel_cuda(at::TensorIteratorBase&)::{lambda(float)#1}, std::array<char*, 2ul>)",118,12548005425360446,12548005425362631,0,0,16,0,128,256,1,1,1792,1,1
"KERNEL_DISPATCH","Agent 1",1,0,46,119,161,"void at::native::vectorized_elementwise_kernel<4, at::native::float16tofloat32_copy_kernel_cuda(at::TensorIteratorBase&)::{lambda(c10::Half)#1}, std::array<char*, 2ul> >(int, at::native::float16tofloat32_copy_kernel_cuda(at::TensorIteratorBase&)::{lambda(c10::Half)#1}, std::array<char*, 2ul>)",119,12548005425896827,12548005425898811,0,0,16,0,128,256,1,1,1792,1,1
"KERNEL_DISPATCH","Agent 1",1,0,46,120,710,"void at::native::vectorized_elementwise_kernel<4, at::native::AbsFunctor<float>, std::array<char*, 2ul> >(int, at::native::AbsFunctor<float>, std::array<char*, 2ul>)",120,12548005425981243,12548005425983284,0,0,16,0,128,256,1,1,3584,1,1
"KERNEL_DISPATCH","Agent 1",1,0,46,121,776,"void at::native::reduce_kernel<512, 1, at::native::ReduceOp<float, at::native::func_wrapper_t<float, at::native::MaxNanFunctor<float> >, unsigned int, float, 4, 4> >(at::native::ReduceOp<float, at::native::func_wrapper_t<float, at::native::MaxNanFunctor<float> >, unsigned int, float, 4, 4>)",121,12548005426070365,12548005426074547,512,0,32,0,128,32,16,1,128,16,1
"KERNEL_DISPATCH","Agent 1",1,0,46,122,931,"void at::native::vectorized_elementwise_kernel<4, at::native::BUnaryFunctor<float, float, float, at::native::binary_internal::MulFunctor<float> >, std::array<char*, 2ul> >(int, at::native::BUnaryFunctor<float, float, float, at::native::binary_internal::MulFunctor<float> >, std::array<char*, 2ul>)",122,12548005426554645,12548005426556781,0,0,16,0,128,256,1,1,256,1,1
"KERNEL_DISPATCH","Agent 1",1,0,46,123,1065,"void at::native::vectorized_elementwise_kernel<4, at::native::(anonymous namespace)::launch_clamp_scalar(at::TensorIteratorBase&, c10::Scalar, c10::Scalar, at::native::detail::ClampLimits)::{lambda()#1}::operator()() const::{lambda()#7}::operator()() const::{lambda(float)#1}, std::array<char*, 2ul> >(int, at::native::(anonymous namespace)::launch_clamp_scalar(at::TensorIteratorBase&, c10::Scalar, c10::Scalar, at::native::detail::ClampLimits)::{lambda()#1}::operator()() const::{lambda()#7}::operator()() const::{lambda(float)#1}, std::array<char*, 2ul>)",123,12548005426639513,12548005426641693,0,0,16,0,128,256,1,1,256,1,1
"KERNEL_DISPATCH","Agent 1",1,0,46,124,1024,"void at::native::elementwise_kernel_manual_unroll<128, 4, at::native::gpu_kernel_impl_nocast<at::native::BinaryFunctor<float, float, float, at::native::binary_internal::DivFunctor<float> > >(at::TensorIteratorBase&, at::native::BinaryFunctor<float, float, float, at::native::binary_internal::DivFunctor<float> > const&)::{lambda(int, bool)#1}>(int, at::native::gpu_kernel_impl_nocast<at::native::BinaryFunctor<float, float, float, at::native::binary_internal::DivFunctor<float> > >(at::TensorIteratorBase&, at::native::BinaryFunctor<float, float, float, at::native::binary_internal::DivFunctor<float> > const&)::{lambda(int, bool)#1})",124,12548005427117041,12548005427120782,0,0,32,0,128,128,1,1,3584,1,1
"KERNEL_DISPATCH","Agent 1",1,0,46,125,1456,"void at::native::vectorized_elementwise_kernel<4, at::native::round_kernel_cuda(at::TensorIteratorBase&)::{lambda()#1}::operator()() const::{lambda()#2}::operator()() const::{lambda(float)#1}, std::array<char*, 2ul> >(int, at::native::round_kernel_cuda(at::TensorIteratorBase&)::{lambda()#1}::operator()() const::{lambda()#2}::operator()() const::{lambda(float)#1}, std::array<char*, 2ul>)",125,12548005427214024,12548005427216942,0,0,16,0,128,256,1,1,3584,1,1
"KERNEL_DISPATCH","Agent 1",1,0,46,126,1065,"void at::native::vectorized_elementwise_kernel<4, at::native::(anonymous namespace)::launch_clamp_scalar(at::TensorIteratorBase&, c10::Scalar, c10::Scalar, at::native::detail::ClampLimits)::{lambda()#1}::operator()() const::{lambda()#7}::operator()() const::{lambda(float)#1}, std::array<char*, 2ul> >(int, at::native::(anonymous namespace)::launch_clamp_scalar(at::TensorIteratorBase&, c10::Scalar, c10::Scalar, at::native::detail::ClampLimits)::{lambda()#1}::operator()() const::{lambda()#7}::operator()() const::{lambda(float)#1}, std::array<char*, 2ul>)",126,12548005427309610,12548005427312976,0,0,16,0,128,256,1,1,3584,1,1
"KERNEL_DISPATCH","Agent 1",1,0,46,127,260,"void at::native::elementwise_kernel_manual_unroll<128, 4, at::native::gpu_kernel_impl<at::native::direct_copy_kernel_cuda(at::TensorIteratorBase&)::{lambda()#3}::operator()() const::{lambda()#5}::operator()() const::{lambda(short)#1}>(at::TensorIteratorBase&, at::native::direct_copy_kernel_cuda(at::TensorIteratorBase&)::{lambda()#3}::operator()() const::{lambda()#5}::operator()() const::{lambda(short)#1} const&)::{lambda(int, bool)#1}>(int, at::native::gpu_kernel_impl<at::native::direct_copy_kernel_cuda(at::TensorIteratorBase&)::{lambda()#3}::operator()() const::{lambda()#5}::operator()() const::{lambda(short)#1}>(at::TensorIteratorBase&, at::native::direct_copy_kernel_cuda(at::TensorIteratorBase&)::{lambda()#3}::operator()() const::{lambda()#5}::operator()() const::{lambda(short)#1} const&)::{lambda(int, bool)#1})",127,12548005427645156,12548005427648684,0,0,16,0,128,128,1,1,3584,1,1
"KERNEL_DISPATCH","Agent 1",1,0,46,128,1879,"void at::native::vectorized_elementwise_kernel<8, at::native::CUDAFunctorOnSelf_add<short>, std::array<char*, 2ul> >(int, at::native::CUDAFunctorOnSelf_add<short>, std::array<char*, 2ul>)",128,12548005427733181,12548005427735365,0,0,16,0,128,256,1,1,1792,1,1
"KERNEL_DISPATCH","Agent 1",1,0,46,129,346,"void at::native::elementwise_kernel_manual_unroll<128, 4, at::native::gpu_kernel_impl<at::native::direct_copy_kernel_cuda(at::TensorIteratorBase&)::{lambda()#3}::operator()() const::{lambda()#1}::operator()() const::{lambda(unsigned char)#1}>(at::TensorIteratorBase&, at::native::direct_copy_kernel_cuda(at::TensorIteratorBase&)::{lambda()#3}::operator()() const::{lambda()#1}::operator()() const::{lambda(unsigned char)#1} const&)::{lambda(int, bool)#1}>(int, at::native::gpu_kernel_impl<at::native::direct_copy_kernel_cuda(at::TensorIteratorBase&)::{lambda()#3}::operator()() const::{lambda()#1}::operator()() const::{lambda(unsigned char)#1}>(at::TensorIteratorBase&, at::native::direct_copy_kernel_cuda(at::TensorIteratorBase&)::{lambda()#3}::operator()() const::{lambda()#1}::operator()() const::{lambda(unsigned char)#1} const&)::{lambda(int, bool)#1})",129,12548005427817750,12548005427821520,0,0,16,0,128,128,1,1,3584,1,1
"KERNEL_DISPATCH","Agent 1",1,0,46,130,2116,"void at::native::elementwise_kernel_manual_unroll<128, 8, at::native::gpu_kernel_impl_nocast<at::native::BUnaryFunctor<unsigned char, unsigned char, unsigned char, at::native::lshift_kernel_cuda(at::TensorIteratorBase&)::{lambda()#1}::operator()() const::{lambda()#1}::operator()() const::{lambda(unsigned char, unsigned char)#1}> >(at::TensorIteratorBase&, at::native::BUnaryFunctor<unsigned char, unsigned char, unsigned char, at::native::lshift_kernel_cuda(at::TensorIteratorBase&)::{lambda()#1}::operator()() const::{lambda()#1}::operator()() const::{lambda(unsigned char, unsigned char)#1}> const&)::{lambda(int, bool)#1}>(int, at::native::gpu_kernel_impl_nocast<at::native::BUnaryFunctor<unsigned char, unsigned char, unsigned char, at::native::lshift_kernel_cuda(at::TensorIteratorBase&)::{lambda()#1}::operator()() const::{lambda()#1}::operator()() const::{lambda(unsigned char, unsigned char)#1}> >(at::TensorIteratorBase&, at::native::BUnaryFunctor<unsigned char, unsigned char, unsigned char, at::native::lshift_kernel_cuda(at::TensorIteratorBase&)::{lambda()#1}::operator()() const::{lambda()#1}::operator()() const::{lambda(unsigned char, unsigned char)#1}> const&)::{lambda(int, bool)#1})",130,12548005427911724,12548005427915879,0,0,32,0,128,128,1,1,896,1,1
"KERNEL_DISPATCH","Agent 1",1,0,46,131,2262,"void at::native::elementwise_kernel_manual_unroll<128, 8, at::native::gpu_kernel_impl_nocast<at::native::BinaryFunctor<unsigned char, unsigned char, unsigned char, at::native::BitwiseOrFunctor<unsigned char> > >(at::TensorIteratorBase&, at::native::BinaryFunctor<unsigned char, unsigned char, unsigned char, at::native::BitwiseOrFunctor<unsigned char> > const&)::{lambda(int, bool)#1}>(int, at::native::gpu_kernel_impl_nocast<at::native::BinaryFunctor<unsigned char, unsigned char, unsigned char, at::native::BitwiseOrFunctor<unsigned char> > >(at::TensorIteratorBase&, at::native::BinaryFunctor<unsigned char, unsigned char, unsigned char, at::native::BitwiseOrFunctor<unsigned char> > const&)::{lambda(int, bool)#1})",131,12548005428311605,12548005428315935,0,0,48,0,128,128,1,1,896,1,1
"KERNEL_DISPATCH","Agent 1",1,0,46,132,184,"void at::native::vectorized_elementwise_kernel<4, at::native::float16_copy_kernel_cuda(at::TensorIteratorBase&)::{lambda(float)#1}, std::array<char*, 2ul> >(int, at::native::float16_copy_kernel_cuda(at::TensorIteratorBase&)::{lambda(float)#1}, std::array<char*, 2ul>)",132,12548005428401519,12548005428403502,0,0,16,0,128,256,1,1,256,1,1
"KERNEL_DISPATCH","Agent 1",1,0,46,133,161,"void at::native::vectorized_elementwise_kernel<4, at::native::float16tofloat32_copy_kernel_cuda(at::TensorIteratorBase&)::{lambda(c10::Half)#1}, std::array<char*, 2ul> >(int, at::native::float16tofloat32_copy_kernel_cuda(at::TensorIteratorBase&)::{lambda(c10::Half)#1}, std::array<char*, 2ul>)",133,12548005428491978,12548005428494144,0,0,16,0,128,256,1,1,1792,1,1
"KERNEL_DISPATCH","Agent 1",1,0,46,134,450,"void at::native::vectorized_elementwise_kernel<4, at::native::(anonymous namespace)::silu_kernel(at::TensorIteratorBase&)::{lambda()#1}::operator()() const::{lambda()#2}::operator()() const::{lambda(float)#1}, std::array<char*, 2ul> >(int, at::native::(anonymous namespace)::silu_kernel(at::TensorIteratorBase&)::{lambda()#1}::operator()() const::{lambda()#2}::operator()() const::{lambda(float)#1}, std::array<char*, 2ul>)",134,12548005428990846,12548005428994228,0,0,32,0,128,256,1,1,3584,1,1
"KERNEL_DISPATCH","Agent 1",1,0,46,135,161,"void at::native::vectorized_elementwise_kernel<4, at::native::float16tofloat32_copy_kernel_cuda(at::TensorIteratorBase&)::{lambda(c10::Half)#1}, std::array<char*, 2ul> >(int, at::native::float16tofloat32_copy_kernel_cuda(at::TensorIteratorBase&)::{lambda(c10::Half)#1}, std::array<char*, 2ul>)",135,12548005429096272,12548005429099330,0,0,16,0,128,256,1,1,1792,1,1
"KERNEL_DISPATCH","Agent 1",1,0,46,136,671,"void at::native::vectorized_elementwise_kernel<4, at::native::BinaryFunctor<float, float, float, at::native::binary_internal::MulFunctor<float> >, std::array<char*, 3ul> >(int, at::native::BinaryFunctor<float, float, float, at::native::binary_internal::MulFunctor<float> >, std::array<char*, 3ul>)",136,12548005429196340,12548005429200058,0,0,16,0,128,256,1,1,3584,1,1
"KERNEL_DISPATCH","Agent 1",1,0,46,137,184,"void at::native::vectorized_elementwise_kernel<4, at::native::float16_copy_kernel_cuda(at::TensorIteratorBase&)::{lambda(float)#1}, std::array<char*, 2ul> >(int, at::native::float16_copy_kernel_cuda(at::TensorIteratorBase&)::{lambda(float)#1}, std::array<char*, 2ul>)",137,12548005429279198,12548005429351236,0,0,16,0,128,256,1,1,1792,1,1
"KERNEL_DISPATCH","Agent 1",1,0,46,138,161,"void at::native::vectorized_elementwise_kernel<4, at::native::float16tofloat32_copy_kernel_cuda(at::TensorIteratorBase&)::{lambda(c10::Half)#1}, std::array<char*, 2ul> >(int, at::native::float16tofloat32_copy_kernel_cuda(at::TensorIteratorBase&)::{lambda(c10::Half)#1}, std::array<char*, 2ul>)",138,12548005429568154,12548005429570379,0,0,16,0,128,256,1,1,1792,1,1
"KERNEL_DISPATCH","Agent 1",1,0,46,139,688,"hadacore_fallback_fp32_kernel",139,12548005429657824,12548005429661000,0,0,16,0,128,128,1,1,7168,1,1
"KERNEL_DISPATCH","Agent 1",1,0,46,140,184,"void at::native::vectorized_elementwise_kernel<4, at::native::float16_copy_kernel_cuda(at::TensorIteratorBase&)::{lambda(float)#1}, std::array<char*, 2ul> >(int, at::native::float16_copy_kernel_cuda(at::TensorIteratorBase&)::{lambda(float)#1}, std::array<char*, 2ul>)",140,12548005429747773,12548005429749907,0,0,16,0,128,256,1,1,1792,1,1
"KERNEL_DISPATCH","Agent 1",1,0,46,141,161,"void at::native::vectorized_elementwise_kernel<4, at::native::float16tofloat32_copy_kernel_cuda(at::TensorIteratorBase&)::{lambda(c10::Half)#1}, std::array<char*, 2ul> >(int, at::native::float16tofloat32_copy_kernel_cuda(at::TensorIteratorBase&)::{lambda(c10::Half)#1}, std::array<char*, 2ul>)",141,12548005430080940,12548005430083058,0,0,16,0,128,256,1,1,1792,1,1
"KERNEL_DISPATCH","Agent 1",1,0,46,142,710,"void at::native::vectorized_elementwise_kernel<4, at::native::AbsFunctor<float>, std::array<char*, 2ul> >(int, at::native::AbsFunctor<float>, std::array<char*, 2ul>)",142,12548005430165728,12548005430167918,0,0,16,0,128,256,1,1,3584,1,1
"KERNEL_DISPATCH","Agent 1",1,0,46,143,776,"void at::native::reduce_kernel<512, 1, at::native::ReduceOp<float, at::native::func_wrapper_t<float, at::native::MaxNanFunctor<float> >, unsigned int, float, 4, 4> >(at::native::ReduceOp<float, at::native::func_wrapper_t<float, at::native::MaxNanFunctor<float> >, unsigned int, float, 4, 4>)",143,12548005430252915,12548005430257164,512,0,32,0,128,32,16,1,128,16,1
"KERNEL_DISPATCH","Agent 1",1,0,46,144,931,"void at::native::vectorized_elementwise_kernel<4, at::native::BUnaryFunctor<float, float, float, at::native::binary_internal::MulFunctor<float> >, std::array<char*, 2ul> >(int, at::native::BUnaryFunctor<float, float, float, at::native::binary_internal::MulFunctor<float> >, std::array<char*, 2ul>)",144,12548005430263984,12548005430343708,0,0,16,0,128,256,1,1,256,1,1
"KERNEL_DISPATCH","Agent 1",1,0,46,145,1065,"void at::native::vectorized_elementwise_kernel<4, at::native::(anonymous namespace)::launch_clamp_scalar(at::TensorIteratorBase&, c10::Scalar, c10::Scalar, at::native::detail::ClampLimits)::{lambda()#1}::operator()() const::{lambda()#7}::operator()() const::{lambda(float)#1}, std::array<char*, 2ul> >(int, at::native::(anonymous namespace)::launch_clamp_scalar(at::TensorIteratorBase&, c10::Scalar, c10::Scalar, at::native::detail::ClampLimits)::{lambda()#1}::operator()() const::{lambda()#7}::operator()() const::{lambda(float)#1}, std::array<char*, 2ul>)",145,12548005430523840,12548005430526730,0,0,16,0,128,256,1,1,256,1,1
"KERNEL_DISPATCH","Agent 1",1,0,46,146,1024,"void at::native::elementwise_kernel_manual_unroll<128, 4, at::native::gpu_kernel_impl_nocast<at::native::BinaryFunctor<float, float, float, at::native::binary_internal::DivFunctor<float> > >(at::TensorIteratorBase&, at::native::BinaryFunctor<float, float, float, at::native::binary_internal::DivFunctor<float> > const&)::{lambda(int, bool)#1}>(int, at::native::gpu_kernel_impl_nocast<at::native::BinaryFunctor<float, float, float, at::native::binary_internal::DivFunctor<float> > >(at::TensorIteratorBase&, at::native::BinaryFunctor<float, float, float, at::native::binary_internal::DivFunctor<float> > const&)::{lambda(int, bool)#1})",146,12548005430859201,12548005430862640,0,0,32,0,128,128,1,1,3584,1,1
"KERNEL_DISPATCH","Agent 1",1,0,46,147,1456,"void at::native::vectorized_elementwise_kernel<4, at::native::round_kernel_cuda(at::TensorIteratorBase&)::{lambda()#1}::operator()() const::{lambda()#2}::operator()() const::{lambda(float)#1}, std::array<char*, 2ul> >(int, at::native::round_kernel_cuda(at::TensorIteratorBase&)::{lambda()#1}::operator()() const::{lambda()#2}::operator()() const::{lambda(float)#1}, std::array<char*, 2ul>)",147,12548005430954764,12548005430957844,0,0,16,0,128,256,1,1,3584,1,1
"KERNEL_DISPATCH","Agent 1",1,0,46,148,1065,"void at::native::vectorized_elementwise_kernel<4, at::native::(anonymous namespace)::launch_clamp_scalar(at::TensorIteratorBase&, c10::Scalar, c10::Scalar, at::native::detail::ClampLimits)::{lambda()#1}::operator()() const::{lambda()#7}::operator()() const::{lambda(float)#1}, std::array<char*, 2ul> >(int, at::native::(anonymous namespace)::launch_clamp_scalar(at::TensorIteratorBase&, c10::Scalar, c10::Scalar, at::native::detail::ClampLimits)::{lambda()#1}::operator()() const::{lambda()#7}::operator()() const::{lambda(float)#1}, std::array<char*, 2ul>)",148,12548005431050084,12548005431053332,0,0,16,0,128,256,1,1,3584,1,1
"KERNEL_DISPATCH","Agent 1",1,0,46,149,260,"void at::native::elementwise_kernel_manual_unroll<128, 4, at::native::gpu_kernel_impl<at::native::direct_copy_kernel_cuda(at::TensorIteratorBase&)::{lambda()#3}::operator()() const::{lambda()#5}::operator()() const::{lambda(short)#1}>(at::TensorIteratorBase&, at::native::direct_copy_kernel_cuda(at::TensorIteratorBase&)::{lambda()#3}::operator()() const::{lambda()#5}::operator()() const::{lambda(short)#1} const&)::{lambda(int, bool)#1}>(int, at::native::gpu_kernel_impl<at::native::direct_copy_kernel_cuda(at::TensorIteratorBase&)::{lambda()#3}::operator()() const::{lambda()#5}::operator()() const::{lambda(short)#1}>(at::TensorIteratorBase&, at::native::direct_copy_kernel_cuda(at::TensorIteratorBase&)::{lambda()#3}::operator()() const::{lambda()#5}::operator()() const::{lambda(short)#1} const&)::{lambda(int, bool)#1})",149,12548005431146523,12548005431151782,0,0,16,0,128,128,1,1,3584,1,1
"KERNEL_DISPATCH","Agent 1",1,0,46,150,1879,"void at::native::vectorized_elementwise_kernel<8, at::native::CUDAFunctorOnSelf_add<short>, std::array<char*, 2ul> >(int, at::native::CUDAFunctorOnSelf_add<short>, std::array<char*, 2ul>)",150,12548005431242743,12548005431245862,0,0,16,0,128,256,1,1,1792,1,1
"KERNEL_DISPATCH","Agent 1",1,0,46,151,346,"void at::native::elementwise_kernel_manual_unroll<128, 4, at::native::gpu_kernel_impl<at::native::direct_copy_kernel_cuda(at::TensorIteratorBase&)::{lambda()#3}::operator()() const::{lambda()#1}::operator()() const::{lambda(unsigned char)#1}>(at::TensorIteratorBase&, at::native::direct_copy_kernel_cuda(at::TensorIteratorBase&)::{lambda()#3}::operator()() const::{lambda()#1}::operator()() const::{lambda(unsigned char)#1} const&)::{lambda(int, bool)#1}>(int, at::native::gpu_kernel_impl<at::native::direct_copy_kernel_cuda(at::TensorIteratorBase&)::{lambda()#3}::operator()() const::{lambda()#1}::operator()() const::{lambda(unsigned char)#1}>(at::TensorIteratorBase&, at::native::direct_copy_kernel_cuda(at::TensorIteratorBase&)::{lambda()#3}::operator()() const::{lambda()#1}::operator()() const::{lambda(unsigned char)#1} const&)::{lambda(int, bool)#1})",151,12548005431332784,12548005431406726,0,0,16,0,128,128,1,1,3584,1,1
"KERNEL_DISPATCH","Agent 1",1,0,46,152,2116,"void at::native::elementwise_kernel_manual_unroll<128, 8, at::native::gpu_kernel_impl_nocast<at::native::BUnaryFunctor<unsigned char, unsigned char, unsigned char, at::native::lshift_kernel_cuda(at::TensorIteratorBase&)::{lambda()#1}::operator()() const::{lambda()#1}::operator()() const::{lambda(unsigned char, unsigned char)#1}> >(at::TensorIteratorBase&, at::native::BUnaryFunctor<unsigned char, unsigned char, unsigned char, at::native::lshift_kernel_cuda(at::TensorIteratorBase&)::{lambda()#1}::operator()() const::{lambda()#1}::operator()() const::{lambda(unsigned char, unsigned char)#1}> const&)::{lambda(int, bool)#1}>(int, at::native::gpu_kernel_impl_nocast<at::native::BUnaryFunctor<unsigned char, unsigned char, unsigned char, at::native::lshift_kernel_cuda(at::TensorIteratorBase&)::{lambda()#1}::operator()() const::{lambda()#1}::operator()() const::{lambda(unsigned char, unsigned char)#1}> >(at::TensorIteratorBase&, at::native::BUnaryFunctor<unsigned char, unsigned char, unsigned char, at::native::lshift_kernel_cuda(at::TensorIteratorBase&)::{lambda()#1}::operator()() const::{lambda()#1}::operator()() const::{lambda(unsigned char, unsigned char)#1}> const&)::{lambda(int, bool)#1})",152,12548005431634310,12548005431637634,0,0,32,0,128,128,1,1,896,1,1
"KERNEL_DISPATCH","Agent 1",1,0,46,153,2262,"void at::native::elementwise_kernel_manual_unroll<128, 8, at::native::gpu_kernel_impl_nocast<at::native::BinaryFunctor<unsigned char, unsigned char, unsigned char, at::native::BitwiseOrFunctor<unsigned char> > >(at::TensorIteratorBase&, at::native::BinaryFunctor<unsigned char, unsigned char, unsigned char, at::native::BitwiseOrFunctor<unsigned char> > const&)::{lambda(int, bool)#1}>(int, at::native::gpu_kernel_impl_nocast<at::native::BinaryFunctor<unsigned char, unsigned char, unsigned char, at::native::BitwiseOrFunctor<unsigned char> > >(at::TensorIteratorBase&, at::native::BinaryFunctor<unsigned char, unsigned char, unsigned char, at::native::BitwiseOrFunctor<unsigned char> > const&)::{lambda(int, bool)#1})",153,12548005431723636,12548005431727354,0,0,48,0,128,128,1,1,896,1,1
"KERNEL_DISPATCH","Agent 1",1,0,46,154,184,"void at::native::vectorized_elementwise_kernel<4, at::native::float16_copy_kernel_cuda(at::TensorIteratorBase&)::{lambda(float)#1}, std::array<char*, 2ul> >(int, at::native::float16_copy_kernel_cuda(at::TensorIteratorBase&)::{lambda(float)#1}, std::array<char*, 2ul>)",154,12548005431815367,12548005431817495,0,0,16,0,128,256,1,1,256,1,1
"KERNEL_DISPATCH","Agent 1",1,0,46,155,161,"void at::native::vectorized_elementwise_kernel<4, at::native::float16tofloat32_copy_kernel_cuda(at::TensorIteratorBase&)::{lambda(c10::Half)#1}, std::array<char*, 2ul> >(int, at::native::float16tofloat32_copy_kernel_cuda(at::TensorIteratorBase&)::{lambda(c10::Half)#1}, std::array<char*, 2ul>)",155,12548005431905865,12548005431908048,0,0,16,0,128,256,1,1,1792,1,1
"KERNEL_DISPATCH","Agent 1",1,0,46,156,450,"void at::native::vectorized_elementwise_kernel<4, at::native::(anonymous namespace)::silu_kernel(at::TensorIteratorBase&)::{lambda()#1}::operator()() const::{lambda()#2}::operator()() const::{lambda(float)#1}, std::array<char*, 2ul> >(int, at::native::(anonymous namespace)::silu_kernel(at::TensorIteratorBase&)::{lambda()#1}::operator()() const::{lambda()#2}::operator()() const::{lambda(float)#1}, std::array<char*, 2ul>)",156,12548005432277259,12548005432279720,0,0,32,0,128,256,1,1,3584,1,1
"KERNEL_DISPATCH","Agent 1",1,0,46,157,161,"void at::native::vectorized_elementwise_kernel<4, at::native::float16tofloat32_copy_kernel_cuda(at::TensorIteratorBase&)::{lambda(c10::Half)#1}, std::array<char*, 2ul> >(int, at::native::float16tofloat32_copy_kernel_cuda(at::TensorIteratorBase&)::{lambda(c10::Half)#1}, std::array<char*, 2ul>)",157,12548005432298987,12548005432369971,0,0,16,0,128,256,1,1,1792,1,1
"KERNEL_DISPATCH","Agent 1",1,0,46,158,671,"void at::native::vectorized_elementwise_kernel<4, at::native::BinaryFunctor<float, float, float, at::native::binary_internal::MulFunctor<float> >, std::array<char*, 3ul> >(int, at::native::BinaryFunctor<float, float, float, at::native::binary_internal::MulFunctor<float> >, std::array<char*, 3ul>)",158,12548005432553465,12548005432555704,0,0,16,0,128,256,1,1,3584,1,1
"KERNEL_DISPATCH","Agent 1",1,0,46,159,184,"void at::native::vectorized_elementwise_kernel<4, at::native::float16_copy_kernel_cuda(at::TensorIteratorBase&)::{lambda(float)#1}, std::array<char*, 2ul> >(int, at::native::float16_copy_kernel_cuda(at::TensorIteratorBase&)::{lambda(float)#1}, std::array<char*, 2ul>)",159,12548005432843822,12548005432846013,0,0,16,0,128,256,1,1,1792,1,1
"KERNEL_DISPATCH","Agent 1",1,0,46,160,161,"void at::native::vectorized_elementwise_kernel<4, at::native::float16tofloat32_copy_kernel_cuda(at::TensorIteratorBase&)::{lambda(c10::Half)#1}, std::array<char*, 2ul> >(int, at::native::float16tofloat32_copy_kernel_cuda(at::TensorIteratorBase&)::{lambda(c10::Half)#1}, std::array<char*, 2ul>)",160,12548005432931804,12548005432933907,0,0,16,0,128,256,1,1,1792,1,1
"KERNEL_DISPATCH","Agent 1",1,0,46,161,688,"hadacore_fallback_fp32_kernel",161,12548005433017391,12548005433020476,0,0,16,0,128,128,1,1,7168,1,1
"KERNEL_DISPATCH","Agent 1",1,0,46,162,184,"void at::native::vectorized_elementwise_kernel<4, at::native::float16_copy_kernel_cuda(at::TensorIteratorBase&)::{lambda(float)#1}, std::array<char*, 2ul> >(int, at::native::float16_copy_kernel_cuda(at::TensorIteratorBase&)::{lambda(float)#1}, std::array<char*, 2ul>)",162,12548005433107382,12548005433109737,0,0,16,0,128,256,1,1,1792,1,1
"KERNEL_DISPATCH","Agent 1",1,0,46,163,161,"void at::native::vectorized_elementwise_kernel<4, at::native::float16tofloat32_copy_kernel_cuda(at::TensorIteratorBase&)::{lambda(c10::Half)#1}, std::array<char*, 2ul> >(int, at::native::float16tofloat32_copy_kernel_cuda(at::TensorIteratorBase&)::{lambda(c10::Half)#1}, std::array<char*, 2ul>)",163,12548005433207770,12548005433210364,0,0,16,0,128,256,1,1,1792,1,1
"KERNEL_DISPATCH","Agent 1",1,0,46,164,710,"void at::native::vectorized_elementwise_kernel<4, at::native::AbsFunctor<float>, std::array<char*, 2ul> >(int, at::native::AbsFunctor<float>, std::array<char*, 2ul>)",164,12548005433517244,12548005433519440,0,0,16,0,128,256,1,1,3584,1,1
"KERNEL_DISPATCH","Agent 1",1,0,46,165,776,"void at::native::reduce_kernel<512, 1, at::native::ReduceOp<float, at::native::func_wrapper_t<float, at::native::MaxNanFunctor<float> >, unsigned int, float, 4, 4> >(at::native::ReduceOp<float, at::native::func_wrapper_t<float, at::native::MaxNanFunctor<float> >, unsigned int, float, 4, 4>)",165,12548005433604650,12548005433608940,512,0,32,0,128,32,16,1,128,16,1
"KERNEL_DISPATCH","Agent 1",1,0,46,166,931,"void at::native::vectorized_elementwise_kernel<4, at::native::BUnaryFunctor<float, float, float, at::native::binary_internal::MulFunctor<float> >, std::array<char*, 2ul> >(int, at::native::BUnaryFunctor<float, float, float, at::native::binary_internal::MulFunctor<float> >, std::array<char*, 2ul>)",166,12548005433693905,12548005433696148,0,0,16,0,128,256,1,1,256,1,1
"KERNEL_DISPATCH","Agent 1",1,0,46,167,1065,"void at::native::vectorized_elementwise_kernel<4, at::native::(anonymous namespace)::launch_clamp_scalar(at::TensorIteratorBase&, c10::Scalar, c10::Scalar, at::native::detail::ClampLimits)::{lambda()#1}::operator()() const::{lambda()#7}::operator()() const::{lambda(float)#1}, std::array<char*, 2ul> >(int, at::native::(anonymous namespace)::launch_clamp_scalar(at::TensorIteratorBase&, c10::Scalar, c10::Scalar, at::native::detail::ClampLimits)::{lambda()#1}::operator()() const::{lambda()#7}::operator()() const::{lambda(float)#1}, std::array<char*, 2ul>)",167,12548005433785264,12548005433787463,0,0,16,0,128,256,1,1,256,1,1
"KERNEL_DISPATCH","Agent 1",1,0,46,168,1024,"void at::native::elementwise_kernel_manual_unroll<128, 4, at::native::gpu_kernel_impl_nocast<at::native::BinaryFunctor<float, float, float, at::native::binary_internal::DivFunctor<float> > >(at::TensorIteratorBase&, at::native::BinaryFunctor<float, float, float, at::native::binary_internal::DivFunctor<float> > const&)::{lambda(int, bool)#1}>(int, at::native::gpu_kernel_impl_nocast<at::native::BinaryFunctor<float, float, float, at::native::binary_internal::DivFunctor<float> > >(at::TensorIteratorBase&, at::native::BinaryFunctor<float, float, float, at::native::binary_internal::DivFunctor<float> > const&)::{lambda(int, bool)#1})",168,12548005433871199,12548005433873997,0,0,32,0,128,128,1,1,3584,1,1
"KERNEL_DISPATCH","Agent 1",1,0,46,169,1456,"void at::native::vectorized_elementwise_kernel<4, at::native::round_kernel_cuda(at::TensorIteratorBase&)::{lambda()#1}::operator()() const::{lambda()#2}::operator()() const::{lambda(float)#1}, std::array<char*, 2ul> >(int, at::native::round_kernel_cuda(at::TensorIteratorBase&)::{lambda()#1}::operator()() const::{lambda()#2}::operator()() const::{lambda(float)#1}, std::array<char*, 2ul>)",169,12548005434032788,12548005434034796,0,0,16,0,128,256,1,1,3584,1,1
"KERNEL_DISPATCH","Agent 1",1,0,46,170,1065,"void at::native::vectorized_elementwise_kernel<4, at::native::(anonymous namespace)::launch_clamp_scalar(at::TensorIteratorBase&, c10::Scalar, c10::Scalar, at::native::detail::ClampLimits)::{lambda()#1}::operator()() const::{lambda()#7}::operator()() const::{lambda(float)#1}, std::array<char*, 2ul> >(int, at::native::(anonymous namespace)::launch_clamp_scalar(at::TensorIteratorBase&, c10::Scalar, c10::Scalar, at::native::detail::ClampLimits)::{lambda()#1}::operator()() const::{lambda()#7}::operator()() const::{lambda(float)#1}, std::array<char*, 2ul>)",170,12548005434118134,12548005434120175,0,0,16,0,128,256,1,1,3584,1,1
"KERNEL_DISPATCH","Agent 1",1,0,46,171,260,"void at::native::elementwise_kernel_manual_unroll<128, 4, at::native::gpu_kernel_impl<at::native::direct_copy_kernel_cuda(at::TensorIteratorBase&)::{lambda()#3}::operator()() const::{lambda()#5}::operator()() const::{lambda(short)#1}>(at::TensorIteratorBase&, at::native::direct_copy_kernel_cuda(at::TensorIteratorBase&)::{lambda()#3}::operator()() const::{lambda()#5}::operator()() const::{lambda(short)#1} const&)::{lambda(int, bool)#1}>(int, at::native::gpu_kernel_impl<at::native::direct_copy_kernel_cuda(at::TensorIteratorBase&)::{lambda()#3}::operator()() const::{lambda()#5}::operator()() const::{lambda(short)#1}>(at::TensorIteratorBase&, at::native::direct_copy_kernel_cuda(at::TensorIteratorBase&)::{lambda()#3}::operator()() const::{lambda()#5}::operator()() const::{lambda(short)#1} const&)::{lambda(int, bool)#1})",171,12548005434338770,12548005434342493,0,0,16,0,128,128,1,1,3584,1,1
"KERNEL_DISPATCH","Agent 1",1,0,46,172,1879,"void at::native::vectorized_elementwise_kernel<8, at::native::CUDAFunctorOnSelf_add<short>, std::array<char*, 2ul> >(int, at::native::CUDAFunctorOnSelf_add<short>, std::array<char*, 2ul>)",172,12548005434424856,12548005434426999,0,0,16,0,128,256,1,1,1792,1,1
"KERNEL_DISPATCH","Agent 1",1,0,46,173,346,"void at::native::elementwise_kernel_manual_unroll<128, 4, at::native::gpu_kernel_impl<at::native::direct_copy_kernel_cuda(at::TensorIteratorBase&)::{lambda()#3}::operator()() const::{lambda()#1}::operator()() const::{lambda(unsigned char)#1}>(at::TensorIteratorBase&, at::native::direct_copy_kernel_cuda(at::TensorIteratorBase&)::{lambda()#3}::operator()() const::{lambda()#1}::operator()() const::{lambda(unsigned char)#1} const&)::{lambda(int, bool)#1}>(int, at::native::gpu_kernel_impl<at::native::direct_copy_kernel_cuda(at::TensorIteratorBase&)::{lambda()#3}::operator()() const::{lambda()#1}::operator()() const::{lambda(unsigned char)#1}>(at::TensorIteratorBase&, at::native::direct_copy_kernel_cuda(at::TensorIteratorBase&)::{lambda()#3}::operator()() const::{lambda()#1}::operator()() const::{lambda(unsigned char)#1} const&)::{lambda(int, bool)#1})",173,12548005434510681,12548005434514526,0,0,16,0,128,128,1,1,3584,1,1
"KERNEL_DISPATCH","Agent 1",1,0,46,174,2116,"void at::native::elementwise_kernel_manual_unroll<128, 8, at::native::gpu_kernel_impl_nocast<at::native::BUnaryFunctor<unsigned char, unsigned char, unsigned char, at::native::lshift_kernel_cuda(at::TensorIteratorBase&)::{lambda()#1}::operator()() const::{lambda()#1}::operator()() const::{lambda(unsigned char, unsigned char)#1}> >(at::TensorIteratorBase&, at::native::BUnaryFunctor<unsigned char, unsigned char, unsigned char, at::native::lshift_kernel_cuda(at::TensorIteratorBase&)::{lambda()#1}::operator()() const::{lambda()#1}::operator()() const::{lambda(unsigned char, unsigned char)#1}> const&)::{lambda(int, bool)#1}>(int, at::native::gpu_kernel_impl_nocast<at::native::BUnaryFunctor<unsigned char, unsigned char, unsigned char, at::native::lshift_kernel_cuda(at::TensorIteratorBase&)::{lambda()#1}::operator()() const::{lambda()#1}::operator()() const::{lambda(unsigned char, unsigned char)#1}> >(at::TensorIteratorBase&, at::native::BUnaryFunctor<unsigned char, unsigned char, unsigned char, at::native::lshift_kernel_cuda(at::TensorIteratorBase&)::{lambda()#1}::operator()() const::{lambda()#1}::operator()() const::{lambda(unsigned char, unsigned char)#1}> const&)::{lambda(int, bool)#1})",174,12548005435000320,12548005435003674,0,0,32,0,128,128,1,1,896,1,1
"KERNEL_DISPATCH","Agent 1",1,0,46,175,2262,"void at::native::elementwise_kernel_manual_unroll<128, 8, at::native::gpu_kernel_impl_nocast<at::native::BinaryFunctor<unsigned char, unsigned char, unsigned char, at::native::BitwiseOrFunctor<unsigned char> > >(at::TensorIteratorBase&, at::native::BinaryFunctor<unsigned char, unsigned char, unsigned char, at::native::BitwiseOrFunctor<unsigned char> > const&)::{lambda(int, bool)#1}>(int, at::native::gpu_kernel_impl_nocast<at::native::BinaryFunctor<unsigned char, unsigned char, unsigned char, at::native::BitwiseOrFunctor<unsigned char> > >(at::TensorIteratorBase&, at::native::BinaryFunctor<unsigned char, unsigned char, unsigned char, at::native::BitwiseOrFunctor<unsigned char> > const&)::{lambda(int, bool)#1})",175,12548005435089208,12548005435092562,0,0,48,0,128,128,1,1,896,1,1
"KERNEL_DISPATCH","Agent 1",1,0,46,176,184,"void at::native::vectorized_elementwise_kernel<4, at::native::float16_copy_kernel_cuda(at::TensorIteratorBase&)::{lambda(float)#1}, std::array<char*, 2ul> >(int, at::native::float16_copy_kernel_cuda(at::TensorIteratorBase&)::{lambda(float)#1}, std::array<char*, 2ul>)",176,12548005435200571,12548005435204353,0,0,16,0,128,256,1,1,256,1,1
"KERNEL_DISPATCH","Agent 1",1,0,46,177,161,"void at::native::vectorized_elementwise_kernel<4, at::native::float16tofloat32_copy_kernel_cuda(at::TensorIteratorBase&)::{lambda(c10::Half)#1}, std::array<char*, 2ul> >(int, at::native::float16tofloat32_copy_kernel_cuda(at::TensorIteratorBase&)::{lambda(c10::Half)#1}, std::array<char*, 2ul>)",177,12548005435296515,12548005435299803,0,0,16,0,128,256,1,1,1792,1,1
"KERNEL_DISPATCH","Agent 1",1,0,46,178,450,"void at::native::vectorized_elementwise_kernel<4, at::native::(anonymous namespace)::silu_kernel(at::TensorIteratorBase&)::{lambda()#1}::operator()() const::{lambda()#2}::operator()() const::{lambda(float)#1}, std::array<char*, 2ul> >(int, at::native::(anonymous namespace)::silu_kernel(at::TensorIteratorBase&)::{lambda()#1}::operator()() const::{lambda()#2}::operator()() const::{lambda(float)#1}, std::array<char*, 2ul>)",178,12548005435396361,12548005435398850,0,0,32,0,128,256,1,1,3584,1,1
"KERNEL_DISPATCH","Agent 1",1,0,46,179,161,"void at::native::vectorized_elementwise_kernel<4, at::native::float16tofloat32_copy_kernel_cuda(at::TensorIteratorBase&)::{lambda(c10::Half)#1}, std::array<char*, 2ul> >(int, at::native::float16tofloat32_copy_kernel_cuda(at::TensorIteratorBase&)::{lambda(c10::Half)#1}, std::array<char*, 2ul>)",179,12548005435763269,12548005435765434,0,0,16,0,128,256,1,1,1792,1,1
"KERNEL_DISPATCH","Agent 1",1,0,46,180,671,"void at::native::vectorized_elementwise_kernel<4, at::native::BinaryFunctor<float, float, float, at::native::binary_internal::MulFunctor<float> >, std::array<char*, 3ul> >(int, at::native::BinaryFunctor<float, float, float, at::native::binary_internal::MulFunctor<float> >, std::array<char*, 3ul>)",180,12548005435849997,12548005435851851,0,0,16,0,128,256,1,1,3584,1,1
"KERNEL_DISPATCH","Agent 1",1,0,46,181,184,"void at::native::vectorized_elementwise_kernel<4, at::native::float16_copy_kernel_cuda(at::TensorIteratorBase&)::{lambda(float)#1}, std::array<char*, 2ul> >(int, at::native::float16_copy_kernel_cuda(at::TensorIteratorBase&)::{lambda(float)#1}, std::array<char*, 2ul>)",181,12548005435937104,12548005435939190,0,0,16,0,128,256,1,1,1792,1,1
"KERNEL_DISPATCH","Agent 1",1,0,46,182,161,"void at::native::vectorized_elementwise_kernel<4, at::native::float16tofloat32_copy_kernel_cuda(at::TensorIteratorBase&)::{lambda(c10::Half)#1}, std::array<char*, 2ul> >(int, at::native::float16tofloat32_copy_kernel_cuda(at::TensorIteratorBase&)::{lambda(c10::Half)#1}, std::array<char*, 2ul>)",182,12548005436022719,12548005436024634,0,0,16,0,128,256,1,1,1792,1,1
"KERNEL_DISPATCH","Agent 1",1,0,46,183,688,"hadacore_fallback_fp32_kernel",183,12548005436112639,12548005436116602,0,0,16,0,128,128,1,1,7168,1,1
"KERNEL_DISPATCH","Agent 1",1,0,46,184,184,"void at::native::vectorized_elementwise_kernel<4, at::native::float16_copy_kernel_cuda(at::TensorIteratorBase&)::{lambda(float)#1}, std::array<char*, 2ul> >(int, at::native::float16_copy_kernel_cuda(at::TensorIteratorBase&)::{lambda(float)#1}, std::array<char*, 2ul>)",184,12548005436182473,12548005436254861,0,0,16,0,128,256,1,1,1792,1,1
"KERNEL_DISPATCH","Agent 1",1,0,46,185,161,"void at::native::vectorized_elementwise_kernel<4, at::native::float16tofloat32_copy_kernel_cuda(at::TensorIteratorBase&)::{lambda(c10::Half)#1}, std::array<char*, 2ul> >(int, at::native::float16tofloat32_copy_kernel_cuda(at::TensorIteratorBase&)::{lambda(c10::Half)#1}, std::array<char*, 2ul>)",185,12548005436437316,12548005436439540,0,0,16,0,128,256,1,1,1792,1,1
"KERNEL_DISPATCH","Agent 1",1,0,46,186,710,"void at::native::vectorized_elementwise_kernel<4, at::native::AbsFunctor<float>, std::array<char*, 2ul> >(int, at::native::AbsFunctor<float>, std::array<char*, 2ul>)",186,12548005436521429,12548005436523648,0,0,16,0,128,256,1,1,3584,1,1
"KERNEL_DISPATCH","Agent 1",1,0,46,187,776,"void at::native::reduce_kernel<512, 1, at::native::ReduceOp<float, at::native::func_wrapper_t<float, at::native::MaxNanFunctor<float> >, unsigned int, float, 4, 4> >(at::native::ReduceOp<float, at::native::func_wrapper_t<float, at::native::MaxNanFunctor<float> >, unsigned int, float, 4, 4>)",187,12548005436606453,12548005436610951,512,0,32,0,128,32,16,1,128,16,1
"KERNEL_DISPATCH","Agent 1",1,0,46,188,931,"void at::native::vectorized_elementwise_kernel<4, at::native::BUnaryFunctor<float, float, float, at::native::binary_internal::MulFunctor<float> >, std::array<char*, 2ul> >(int, at::native::BUnaryFunctor<float, float, float, at::native::binary_internal::MulFunctor<float> >, std::array<char*, 2ul>)",188,12548005436696046,12548005436698131,0,0,16,0,128,256,1,1,256,1,1
"KERNEL_DISPATCH","Agent 1",1,0,46,189,1065,"void at::native::vectorized_elementwise_kernel<4, at::native::(anonymous namespace)::launch_clamp_scalar(at::TensorIteratorBase&, c10::Scalar, c10::Scalar, at::native::detail::ClampLimits)::{lambda()#1}::operator()() const::{lambda()#7}::operator()() const::{lambda(float)#1}, std::array<char*, 2ul> >(int, at::native::(anonymous namespace)::launch_clamp_scalar(at::TensorIteratorBase&, c10::Scalar, c10::Scalar, at::native::detail::ClampLimits)::{lambda()#1}::operator()() const::{lambda()#7}::operator()() const::{lambda(float)#1}, std::array<char*, 2ul>)",189,12548005436781362,12548005436783768,0,0,16,0,128,256,1,1,256,1,1
"KERNEL_DISPATCH","Agent 1",1,0,46,190,1024,"void at::native::elementwise_kernel_manual_unroll<128, 4, at::native::gpu_kernel_impl_nocast<at::native::BinaryFunctor<float, float, float, at::native::binary_internal::DivFunctor<float> > >(at::TensorIteratorBase&, at::native::BinaryFunctor<float, float, float, at::native::binary_internal::DivFunctor<float> > const&)::{lambda(int, bool)#1}>(int, at::native::gpu_kernel_impl_nocast<at::native::BinaryFunctor<float, float, float, at::native::binary_internal::DivFunctor<float> > >(at::TensorIteratorBase&, at::native::BinaryFunctor<float, float, float, at::native::binary_internal::DivFunctor<float> > const&)::{lambda(int, bool)#1})",190,12548005436919300,12548005436922901,0,0,32,0,128,128,1,1,3584,1,1
"KERNEL_DISPATCH","Agent 1",1,0,46,191,1456,"void at::native::vectorized_elementwise_kernel<4, at::native::round_kernel_cuda(at::TensorIteratorBase&)::{lambda()#1}::operator()() const::{lambda()#2}::operator()() const::{lambda(float)#1}, std::array<char*, 2ul> >(int, at::native::round_kernel_cuda(at::TensorIteratorBase&)::{lambda()#1}::operator()() const::{lambda()#2}::operator()() const::{lambda(float)#1}, std::array<char*, 2ul>)",191,12548005437005165,12548005437007549,0,0,16,0,128,256,1,1,3584,1,1
"KERNEL_DISPATCH","Agent 1",1,0,46,192,1065,"void at::native::vectorized_elementwise_kernel<4, at::native::(anonymous namespace)::launch_clamp_scalar(at::TensorIteratorBase&, c10::Scalar, c10::Scalar, at::native::detail::ClampLimits)::{lambda()#1}::operator()() const::{lambda()#7}::operator()() const::{lambda(float)#1}, std::array<char*, 2ul> >(int, at::native::(anonymous namespace)::launch_clamp_scalar(at::TensorIteratorBase&, c10::Scalar, c10::Scalar, at::native::detail::ClampLimits)::{lambda()#1}::operator()() const::{lambda()#7}::operator()() const::{lambda(float)#1}, std::array<char*, 2ul>)",192,12548005437196146,12548005437198588,0,0,16,0,128,256,1,1,3584,1,1
"KERNEL_DISPATCH","Agent 1",1,0,46,193,260,"void at::native::elementwise_kernel_manual_unroll<128, 4, at::native::gpu_kernel_impl<at::native::direct_copy_kernel_cuda(at::TensorIteratorBase&)::{lambda()#3}::operator()() const::{lambda()#5}::operator()() const::{lambda(short)#1}>(at::TensorIteratorBase&, at::native::direct_copy_kernel_cuda(at::TensorIteratorBase&)::{lambda()#3}::operator()() const::{lambda()#5}::operator()() const::{lambda(short)#1} const&)::{lambda(int, bool)#1}>(int, at::native::gpu_kernel_impl<at::native::direct_copy_kernel_cuda(at::TensorIteratorBase&)::{lambda()#3}::operator()() const::{lambda()#5}::operator()() const::{lambda(short)#1}>(at::TensorIteratorBase&, at::native::direct_copy_kernel_cuda(at::TensorIteratorBase&)::{lambda()#3}::operator()() const::{lambda()#5}::operator()() const::{lambda(short)#1} const&)::{lambda(int, bool)#1})",193,12548005437281178,12548005437284594,0,0,16,0,128,128,1,1,3584,1,1
"KERNEL_DISPATCH","Agent 1",1,0,46,194,1879,"void at::native::vectorized_elementwise_kernel<8, at::native::CUDAFunctorOnSelf_add<short>, std::array<char*, 2ul> >(int, at::native::CUDAFunctorOnSelf_add<short>, std::array<char*, 2ul>)",194,12548005437376494,12548005437378596,0,0,16,0,128,256,1,1,1792,1,1
"KERNEL_DISPATCH","Agent 1",1,0,46,195,346,"void at::native::elementwise_kernel_manual_unroll<128, 4, at::native::gpu_kernel_impl<at::native::direct_copy_kernel_cuda(at::TensorIteratorBase&)::{lambda()#3}::operator()() const::{lambda()#1}::operator()() const::{lambda(unsigned char)#1}>(at::TensorIteratorBase&, at::native::direct_copy_kernel_cuda(at::TensorIteratorBase&)::{lambda()#3}::operator()() const::{lambda()#1}::operator()() const::{lambda(unsigned char)#1} const&)::{lambda(int, bool)#1}>(int, at::native::gpu_kernel_impl<at::native::direct_copy_kernel_cuda(at::TensorIteratorBase&)::{lambda()#3}::operator()() const::{lambda()#1}::operator()() const::{lambda(unsigned char)#1}>(at::TensorIteratorBase&, at::native::direct_copy_kernel_cuda(at::TensorIteratorBase&)::{lambda()#3}::operator()() const::{lambda()#1}::operator()() const::{lambda(unsigned char)#1} const&)::{lambda(int, bool)#1})",195,12548005437461208,12548005437464531,0,0,16,0,128,128,1,1,3584,1,1
"KERNEL_DISPATCH","Agent 1",1,0,46,196,2116,"void at::native::elementwise_kernel_manual_unroll<128, 8, at::native::gpu_kernel_impl_nocast<at::native::BUnaryFunctor<unsigned char, unsigned char, unsigned char, at::native::lshift_kernel_cuda(at::TensorIteratorBase&)::{lambda()#1}::operator()() const::{lambda()#1}::operator()() const::{lambda(unsigned char, unsigned char)#1}> >(at::TensorIteratorBase&, at::native::BUnaryFunctor<unsigned char, unsigned char, unsigned char, at::native::lshift_kernel_cuda(at::TensorIteratorBase&)::{lambda()#1}::operator()() const::{lambda()#1}::operator()() const::{lambda(unsigned char, unsigned char)#1}> const&)::{lambda(int, bool)#1}>(int, at::native::gpu_kernel_impl_nocast<at::native::BUnaryFunctor<unsigned char, unsigned char, unsigned char, at::native::lshift_kernel_cuda(at::TensorIteratorBase&)::{lambda()#1}::operator()() const::{lambda()#1}::operator()() const::{lambda(unsigned char, unsigned char)#1}> >(at::TensorIteratorBase&, at::native::BUnaryFunctor<unsigned char, unsigned char, unsigned char, at::native::lshift_kernel_cuda(at::TensorIteratorBase&)::{lambda()#1}::operator()() const::{lambda()#1}::operator()() const::{lambda(unsigned char, unsigned char)#1}> const&)::{lambda(int, bool)#1})",196,12548005437823237,12548005437826559,0,0,32,0,128,128,1,1,896,1,1
"KERNEL_DISPATCH","Agent 1",1,0,46,197,2262,"void at::native::elementwise_kernel_manual_unroll<128, 8, at::native::gpu_kernel_impl_nocast<at::native::BinaryFunctor<unsigned char, unsigned char, unsigned char, at::native::BitwiseOrFunctor<unsigned char> > >(at::TensorIteratorBase&, at::native::BinaryFunctor<unsigned char, unsigned char, unsigned char, at::native::BitwiseOrFunctor<unsigned char> > const&)::{lambda(int, bool)#1}>(int, at::native::gpu_kernel_impl_nocast<at::native::BinaryFunctor<unsigned char, unsigned char, unsigned char, at::native::BitwiseOrFunctor<unsigned char> > >(at::TensorIteratorBase&, at::native::BinaryFunctor<unsigned char, unsigned char, unsigned char, at::native::BitwiseOrFunctor<unsigned char> > const&)::{lambda(int, bool)#1})",197,12548005437910125,12548005437913417,0,0,48,0,128,128,1,1,896,1,1
"KERNEL_DISPATCH","Agent 1",1,0,46,198,184,"void at::native::vectorized_elementwise_kernel<4, at::native::float16_copy_kernel_cuda(at::TensorIteratorBase&)::{lambda(float)#1}, std::array<char*, 2ul> >(int, at::native::float16_copy_kernel_cuda(at::TensorIteratorBase&)::{lambda(float)#1}, std::array<char*, 2ul>)",198,12548005437995994,12548005437998390,0,0,16,0,128,256,1,1,256,1,1
"KERNEL_DISPATCH","Agent 1",1,0,46,199,161,"void at::native::vectorized_elementwise_kernel<4, at::native::float16tofloat32_copy_kernel_cuda(at::TensorIteratorBase&)::{lambda(c10::Half)#1}, std::array<char*, 2ul> >(int, at::native::float16tofloat32_copy_kernel_cuda(at::TensorIteratorBase&)::{lambda(c10::Half)#1}, std::array<char*, 2ul>)",199,12548005438341224,12548005438344506,0,0,16,0,128,256,1,1,1792,1,1
"KERNEL_DISPATCH","Agent 1",1,0,46,200,450,"void at::native::vectorized_elementwise_kernel<4, at::native::(anonymous namespace)::silu_kernel(at::TensorIteratorBase&)::{lambda()#1}::operator()() const::{lambda()#2}::operator()() const::{lambda(float)#1}, std::array<char*, 2ul> >(int, at::native::(anonymous namespace)::silu_kernel(at::TensorIteratorBase&)::{lambda()#1}::operator()() const::{lambda()#2}::operator()() const::{lambda(float)#1}, std::array<char*, 2ul>)",200,12548005438428652,12548005438431127,0,0,32,0,128,256,1,1,3584,1,1
"KERNEL_DISPATCH","Agent 1",1,0,46,201,161,"void at::native::vectorized_elementwise_kernel<4, at::native::float16tofloat32_copy_kernel_cuda(at::TensorIteratorBase&)::{lambda(c10::Half)#1}, std::array<char*, 2ul> >(int, at::native::float16tofloat32_copy_kernel_cuda(at::TensorIteratorBase&)::{lambda(c10::Half)#1}, std::array<char*, 2ul>)",201,12548005438751607,12548005438754820,0,0,16,0,128,256,1,1,1792,1,1
"KERNEL_DISPATCH","Agent 1",1,0,46,202,671,"void at::native::vectorized_elementwise_kernel<4, at::native::BinaryFunctor<float, float, float, at::native::binary_internal::MulFunctor<float> >, std::array<char*, 3ul> >(int, at::native::BinaryFunctor<float, float, float, at::native::binary_internal::MulFunctor<float> >, std::array<char*, 3ul>)",202,12548005438849940,12548005438853608,0,0,16,0,128,256,1,1,3584,1,1
"KERNEL_DISPATCH","Agent 1",1,0,46,203,184,"void at::native::vectorized_elementwise_kernel<4, at::native::float16_copy_kernel_cuda(at::TensorIteratorBase&)::{lambda(float)#1}, std::array<char*, 2ul> >(int, at::native::float16_copy_kernel_cuda(at::TensorIteratorBase&)::{lambda(float)#1}, std::array<char*, 2ul>)",203,12548005439134708,12548005439136888,0,0,16,0,128,256,1,1,1792,1,1
"KERNEL_DISPATCH","Agent 1",1,0,46,204,161,"void at::native::vectorized_elementwise_kernel<4, at::native::float16tofloat32_copy_kernel_cuda(at::TensorIteratorBase&)::{lambda(c10::Half)#1}, std::array<char*, 2ul> >(int, at::native::float16tofloat32_copy_kernel_cuda(at::TensorIteratorBase&)::{lambda(c10::Half)#1}, std::array<char*, 2ul>)",204,12548005439219296,12548005439221738,0,0,16,0,128,256,1,1,1792,1,1
"KERNEL_DISPATCH","Agent 1",1,0,46,205,688,"hadacore_fallback_fp32_kernel",205,12548005439488287,12548005439556228,0,0,16,0,128,128,1,1,7168,1,1
"KERNEL_DISPATCH","Agent 1",1,0,46,206,184,"void at::native::vectorized_elementwise_kernel<4, at::native::float16_copy_kernel_cuda(at::TensorIteratorBase&)::{lambda(float)#1}, std::array<char*, 2ul> >(int, at::native::float16_copy_kernel_cuda(at::TensorIteratorBase&)::{lambda(float)#1}, std::array<char*, 2ul>)",206,12548005439944298,12548005439947417,0,0,16,0,128,256,1,1,1792,1,1
"KERNEL_DISPATCH","Agent 1",1,0,46,207,161,"void at::native::vectorized_elementwise_kernel<4, at::native::float16tofloat32_copy_kernel_cuda(at::TensorIteratorBase&)::{lambda(c10::Half)#1}, std::array<char*, 2ul> >(int, at::native::float16tofloat32_copy_kernel_cuda(at::TensorIteratorBase&)::{lambda(c10::Half)#1}, std::array<char*, 2ul>)",207,12548005439959608,12548005440034886,0,0,16,0,128,256,1,1,1792,1,1
"KERNEL_DISPATCH","Agent 1",1,0,46,208,710,"void at::native::vectorized_elementwise_kernel<4, at::native::AbsFunctor<float>, std::array<char*, 2ul> >(int, at::native::AbsFunctor<float>, std::array<char*, 2ul>)",208,12548005440447297,12548005440449578,0,0,16,0,128,256,1,1,3584,1,1
"KERNEL_DISPATCH","Agent 1",1,0,46,209,776,"void at::native::reduce_kernel<512, 1, at::native::ReduceOp<float, at::native::func_wrapper_t<float, at::native::MaxNanFunctor<float> >, unsigned int, float, 4, 4> >(at::native::ReduceOp<float, at::native::func_wrapper_t<float, at::native::MaxNanFunctor<float> >, unsigned int, float, 4, 4>)",209,12548005440533712,12548005440537825,512,0,32,0,128,32,16,1,128,16,1
"KERNEL_DISPATCH","Agent 1",1,0,46,210,931,"void at::native::vectorized_elementwise_kernel<4, at::native::BUnaryFunctor<float, float, float, at::native::binary_internal::MulFunctor<float> >, std::array<char*, 2ul> >(int, at::native::BUnaryFunctor<float, float, float, at::native::binary_internal::MulFunctor<float> >, std::array<char*, 2ul>)",210,12548005440622780,12548005440625181,0,0,16,0,128,256,1,1,256,1,1
"KERNEL_DISPATCH","Agent 1",1,0,46,211,1065,"void at::native::vectorized_elementwise_kernel<4, at::native::(anonymous namespace)::launch_clamp_scalar(at::TensorIteratorBase&, c10::Scalar, c10::Scalar, at::native::detail::ClampLimits)::{lambda()#1}::operator()() const::{lambda()#7}::operator()() const::{lambda(float)#1}, std::array<char*, 2ul> >(int, at::native::(anonymous namespace)::launch_clamp_scalar(at::TensorIteratorBase&, c10::Scalar, c10::Scalar, at::native::detail::ClampLimits)::{lambda()#1}::operator()() const::{lambda()#7}::operator()() const::{lambda(float)#1}, std::array<char*, 2ul>)",211,12548005440945154,12548005440947541,0,0,16,0,128,256,1,1,256,1,1
"KERNEL_DISPATCH","Agent 1",1,0,46,212,1024,"void at::native::elementwise_kernel_manual_unroll<128, 4, at::native::gpu_kernel_impl_nocast<at::native::BinaryFunctor<float, float, float, at::native::binary_internal::DivFunctor<float> > >(at::TensorIteratorBase&, at::native::BinaryFunctor<float, float, float, at::native::binary_internal::DivFunctor<float> > const&)::{lambda(int, bool)#1}>(int, at::native::gpu_kernel_impl_nocast<at::native::BinaryFunctor<float, float, float, at::native::binary_internal::DivFunctor<float> > >(at::TensorIteratorBase&, at::native::BinaryFunctor<float, float, float, at::native::binary_internal::DivFunctor<float> > const&)::{lambda(int, bool)#1})",212,12548005441032967,12548005441036256,0,0,32,0,128,128,1,1,3584,1,1
"KERNEL_DISPATCH","Agent 1",1,0,46,213,1456,"void at::native::vectorized_elementwise_kernel<4, at::native::round_kernel_cuda(at::TensorIteratorBase&)::{lambda()#1}::operator()() const::{lambda()#2}::operator()() const::{lambda(float)#1}, std::array<char*, 2ul> >(int, at::native::round_kernel_cuda(at::TensorIteratorBase&)::{lambda()#1}::operator()() const::{lambda()#2}::operator()() const::{lambda(float)#1}, std::array<char*, 2ul>)",213,12548005441442605,12548005441444425,0,0,16,0,128,256,1,1,3584,1,1
"KERNEL_DISPATCH","Agent 1",1,0,46,214,1065,"void at::native::vectorized_elementwise_kernel<4, at::native::(anonymous namespace)::launch_clamp_scalar(at::TensorIteratorBase&, c10::Scalar, c10::Scalar, at::native::detail::ClampLimits)::{lambda()#1}::operator()() const::{lambda()#7}::operator()() const::{lambda(float)#1}, std::array<char*, 2ul> >(int, at::native::(anonymous namespace)::launch_clamp_scalar(at::TensorIteratorBase&, c10::Scalar, c10::Scalar, at::native::detail::ClampLimits)::{lambda()#1}::operator()() const::{lambda()#7}::operator()() const::{lambda(float)#1}, std::array<char*, 2ul>)",214,12548005441529989,12548005441532245,0,0,16,0,128,256,1,1,3584,1,1
"KERNEL_DISPATCH","Agent 1",1,0,46,215,260,"void at::native::elementwise_kernel_manual_unroll<128, 4, at::native::gpu_kernel_impl<at::native::direct_copy_kernel_cuda(at::TensorIteratorBase&)::{lambda()#3}::operator()() const::{lambda()#5}::operator()() const::{lambda(short)#1}>(at::TensorIteratorBase&, at::native::direct_copy_kernel_cuda(at::TensorIteratorBase&)::{lambda()#3}::operator()() const::{lambda()#5}::operator()() const::{lambda(short)#1} const&)::{lambda(int, bool)#1}>(int, at::native::gpu_kernel_impl<at::native::direct_copy_kernel_cuda(at::TensorIteratorBase&)::{lambda()#3}::operator()() const::{lambda()#5}::operator()() const::{lambda(short)#1}>(at::TensorIteratorBase&, at::native::direct_copy_kernel_cuda(at::TensorIteratorBase&)::{lambda()#3}::operator()() const::{lambda()#5}::operator()() const::{lambda(short)#1} const&)::{lambda(int, bool)#1})",215,12548005441875831,12548005441879198,0,0,16,0,128,128,1,1,3584,1,1
"KERNEL_DISPATCH","Agent 1",1,0,46,216,1879,"void at::native::vectorized_elementwise_kernel<8, at::native::CUDAFunctorOnSelf_add<short>, std::array<char*, 2ul> >(int, at::native::CUDAFunctorOnSelf_add<short>, std::array<char*, 2ul>)",216,12548005441962800,12548005441964827,0,0,16,0,128,256,1,1,1792,1,1
"KERNEL_DISPATCH","Agent 1",1,0,46,217,346,"void at::native::elementwise_kernel_manual_unroll<128, 4, at::native::gpu_kernel_impl<at::native::direct_copy_kernel_cuda(at::TensorIteratorBase&)::{lambda()#3}::operator()() const::{lambda()#1}::operator()() const::{lambda(unsigned char)#1}>(at::TensorIteratorBase&, at::native::direct_copy_kernel_cuda(at::TensorIteratorBase&)::{lambda()#3}::operator()() const::{lambda()#1}::operator()() const::{lambda(unsigned char)#1} const&)::{lambda(int, bool)#1}>(int, at::native::gpu_kernel_impl<at::native::direct_copy_kernel_cuda(at::TensorIteratorBase&)::{lambda()#3}::operator()() const::{lambda()#1}::operator()() const::{lambda(unsigned char)#1}>(at::TensorIteratorBase&, at::native::direct_copy_kernel_cuda(at::TensorIteratorBase&)::{lambda()#3}::operator()() const::{lambda()#1}::operator()() const::{lambda(unsigned char)#1} const&)::{lambda(int, bool)#1})",217,12548005442404914,12548005442409003,0,0,16,0,128,128,1,1,3584,1,1
"KERNEL_DISPATCH","Agent 1",1,0,46,218,2116,"void at::native::elementwise_kernel_manual_unroll<128, 8, at::native::gpu_kernel_impl_nocast<at::native::BUnaryFunctor<unsigned char, unsigned char, unsigned char, at::native::lshift_kernel_cuda(at::TensorIteratorBase&)::{lambda()#1}::operator()() const::{lambda()#1}::operator()() const::{lambda(unsigned char, unsigned char)#1}> >(at::TensorIteratorBase&, at::native::BUnaryFunctor<unsigned char, unsigned char, unsigned char, at::native::lshift_kernel_cuda(at::TensorIteratorBase&)::{lambda()#1}::operator()() const::{lambda()#1}::operator()() const::{lambda(unsigned char, unsigned char)#1}> const&)::{lambda(int, bool)#1}>(int, at::native::gpu_kernel_impl_nocast<at::native::BUnaryFunctor<unsigned char, unsigned char, unsigned char, at::native::lshift_kernel_cuda(at::TensorIteratorBase&)::{lambda()#1}::operator()() const::{lambda()#1}::operator()() const::{lambda(unsigned char, unsigned char)#1}> >(at::TensorIteratorBase&, at::native::BUnaryFunctor<unsigned char, unsigned char, unsigned char, at::native::lshift_kernel_cuda(at::TensorIteratorBase&)::{lambda()#1}::operator()() const::{lambda()#1}::operator()() const::{lambda(unsigned char, unsigned char)#1}> const&)::{lambda(int, bool)#1})",218,12548005442424621,12548005442495431,0,0,32,0,128,128,1,1,896,1,1
"KERNEL_DISPATCH","Agent 1",1,0,46,219,2262,"void at::native::elementwise_kernel_manual_unroll<128, 8, at::native::gpu_kernel_impl_nocast<at::native::BinaryFunctor<unsigned char, unsigned char, unsigned char, at::native::BitwiseOrFunctor<unsigned char> > >(at::TensorIteratorBase&, at::native::BinaryFunctor<unsigned char, unsigned char, unsigned char, at::native::BitwiseOrFunctor<unsigned char> > const&)::{lambda(int, bool)#1}>(int, at::native::gpu_kernel_impl_nocast<at::native::BinaryFunctor<unsigned char, unsigned char, unsigned char, at::native::BitwiseOrFunctor<unsigned char> > >(at::TensorIteratorBase&, at::native::BinaryFunctor<unsigned char, unsigned char, unsigned char, at::native::BitwiseOrFunctor<unsigned char> > const&)::{lambda(int, bool)#1})",219,12548005443015048,12548005443019766,0,0,48,0,128,128,1,1,896,1,1
"KERNEL_DISPATCH","Agent 1",1,0,46,220,184,"void at::native::vectorized_elementwise_kernel<4, at::native::float16_copy_kernel_cuda(at::TensorIteratorBase&)::{lambda(float)#1}, std::array<char*, 2ul> >(int, at::native::float16_copy_kernel_cuda(at::TensorIteratorBase&)::{lambda(float)#1}, std::array<char*, 2ul>)",220,12548005443117140,12548005443120836,0,0,16,0,128,256,1,1,256,1,1
"KERNEL_DISPATCH","Agent 1",1,0,46,221,161,"void at::native::vectorized_elementwise_kernel<4, at::native::float16tofloat32_copy_kernel_cuda(at::TensorIteratorBase&)::{lambda(c10::Half)#1}, std::array<char*, 2ul> >(int, at::native::float16tofloat32_copy_kernel_cuda(at::TensorIteratorBase&)::{lambda(c10::Half)#1}, std::array<char*, 2ul>)",221,12548005443486294,12548005443489341,0,0,16,0,128,256,1,1,1792,1,1
"KERNEL_DISPATCH","Agent 1",1,0,46,222,450,"void at::native::vectorized_elementwise_kernel<4, at::native::(anonymous namespace)::silu_kernel(at::TensorIteratorBase&)::{lambda()#1}::operator()() const::{lambda()#2}::operator()() const::{lambda(float)#1}, std::array<char*, 2ul> >(int, at::native::(anonymous namespace)::silu_kernel(at::TensorIteratorBase&)::{lambda()#1}::operator()() const::{lambda()#2}::operator()() const::{lambda(float)#1}, std::array<char*, 2ul>)",222,12548005443576731,12548005443579362,0,0,32,0,128,256,1,1,3584,1,1
"KERNEL_DISPATCH","Agent 1",1,0,46,223,161,"void at::native::vectorized_elementwise_kernel<4, at::native::float16tofloat32_copy_kernel_cuda(at::TensorIteratorBase&)::{lambda(c10::Half)#1}, std::array<char*, 2ul> >(int, at::native::float16tofloat32_copy_kernel_cuda(at::TensorIteratorBase&)::{lambda(c10::Half)#1}, std::array<char*, 2ul>)",223,12548005443925894,12548005443928112,0,0,16,0,128,256,1,1,1792,1,1
"KERNEL_DISPATCH","Agent 1",1,0,46,224,671,"void at::native::vectorized_elementwise_kernel<4, at::native::BinaryFunctor<float, float, float, at::native::binary_internal::MulFunctor<float> >, std::array<char*, 3ul> >(int, at::native::BinaryFunctor<float, float, float, at::native::binary_internal::MulFunctor<float> >, std::array<char*, 3ul>)",224,12548005444016046,12548005444018675,0,0,16,0,128,256,1,1,3584,1,1
"KERNEL_DISPATCH","Agent 1",1,0,46,225,184,"void at::native::vectorized_elementwise_kernel<4, at::native::float16_copy_kernel_cuda(at::TensorIteratorBase&)::{lambda(float)#1}, std::array<char*, 2ul> >(int, at::native::float16_copy_kernel_cuda(at::TensorIteratorBase&)::{lambda(float)#1}, std::array<char*, 2ul>)",225,12548005444339674,12548005444342149,0,0,16,0,128,256,1,1,1792,1,1
"KERNEL_DISPATCH","Agent 1",1,0,46,226,161,"void at::native::vectorized_elementwise_kernel<4, at::native::float16tofloat32_copy_kernel_cuda(at::TensorIteratorBase&)::{lambda(c10::Half)#1}, std::array<char*, 2ul> >(int, at::native::float16tofloat32_copy_kernel_cuda(at::TensorIteratorBase&)::{lambda(c10::Half)#1}, std::array<char*, 2ul>)",226,12548005444424961,12548005444427369,0,0,16,0,128,256,1,1,1792,1,1
"KERNEL_DISPATCH","Agent 1",1,0,46,227,688,"hadacore_fallback_fp32_kernel",227,12548005444815244,12548005444818542,0,0,16,0,128,128,1,1,7168,1,1
"KERNEL_DISPATCH","Agent 1",1,0,46,228,184,"void at::native::vectorized_elementwise_kernel<4, at::native::float16_copy_kernel_cuda(at::TensorIteratorBase&)::{lambda(float)#1}, std::array<char*, 2ul> >(int, at::native::float16_copy_kernel_cuda(at::TensorIteratorBase&)::{lambda(float)#1}, std::array<char*, 2ul>)",228,12548005444903221,12548005444905688,0,0,16,0,128,256,1,1,1792,1,1
"KERNEL_DISPATCH","Agent 1",1,0,46,229,161,"void at::native::vectorized_elementwise_kernel<4, at::native::float16tofloat32_copy_kernel_cuda(at::TensorIteratorBase&)::{lambda(c10::Half)#1}, std::array<char*, 2ul> >(int, at::native::float16tofloat32_copy_kernel_cuda(at::TensorIteratorBase&)::{lambda(c10::Half)#1}, std::array<char*, 2ul>)",229,12548005445273440,12548005445276707,0,0,16,0,128,256,1,1,1792,1,1
"KERNEL_DISPATCH","Agent 1",1,0,46,230,710,"void at::native::vectorized_elementwise_kernel<4, at::native::AbsFunctor<float>, std::array<char*, 2ul> >(int, at::native::AbsFunctor<float>, std::array<char*, 2ul>)",230,12548005445364342,12548005445367818,0,0,16,0,128,256,1,1,3584,1,1
"KERNEL_DISPATCH","Agent 1",1,0,46,231,776,"void at::native::reduce_kernel<512, 1, at::native::ReduceOp<float, at::native::func_wrapper_t<float, at::native::MaxNanFunctor<float> >, unsigned int, float, 4, 4> >(at::native::ReduceOp<float, at::native::func_wrapper_t<float, at::native::MaxNanFunctor<float> >, unsigned int, float, 4, 4>)",231,12548005445764381,12548005445768685,512,0,32,0,128,32,16,1,128,16,1
"KERNEL_DISPATCH","Agent 1",1,0,46,232,931,"void at::native::vectorized_elementwise_kernel<4, at::native::BUnaryFunctor<float, float, float, at::native::binary_internal::MulFunctor<float> >, std::array<char*, 2ul> >(int, at::native::BUnaryFunctor<float, float, float, at::native::binary_internal::MulFunctor<float> >, std::array<char*, 2ul>)",232,12548005445851865,12548005445854204,0,0,16,0,128,256,1,1,256,1,1
"KERNEL_DISPATCH","Agent 1",1,0,46,233,1065,"void at::native::vectorized_elementwise_kernel<4, at::native::(anonymous namespace)::launch_clamp_scalar(at::TensorIteratorBase&, c10::Scalar, c10::Scalar, at::native::detail::ClampLimits)::{lambda()#1}::operator()() const::{lambda()#7}::operator()() const::{lambda(float)#1}, std::array<char*, 2ul> >(int, at::native::(anonymous namespace)::launch_clamp_scalar(at::TensorIteratorBase&, c10::Scalar, c10::Scalar, at::native::detail::ClampLimits)::{lambda()#1}::operator()() const::{lambda()#7}::operator()() const::{lambda(float)#1}, std::array<char*, 2ul>)",233,12548005446178226,12548005446180410,0,0,16,0,128,256,1,1,256,1,1
"KERNEL_DISPATCH","Agent 1",1,0,46,234,1024,"void at::native::elementwise_kernel_manual_unroll<128, 4, at::native::gpu_kernel_impl_nocast<at::native::BinaryFunctor<float, float, float, at::native::binary_internal::DivFunctor<float> > >(at::TensorIteratorBase&, at::native::BinaryFunctor<float, float, float, at::native::binary_internal::DivFunctor<float> > const&)::{lambda(int, bool)#1}>(int, at::native::gpu_kernel_impl_nocast<at::native::BinaryFunctor<float, float, float, at::native::binary_internal::DivFunctor<float> > >(at::TensorIteratorBase&, at::native::BinaryFunctor<float, float, float, at::native::binary_internal::DivFunctor<float> > const&)::{lambda(int, bool)#1})",234,12548005446264090,12548005446267639,0,0,32,0,128,128,1,1,3584,1,1
"KERNEL_DISPATCH","Agent 1",1,0,46,235,1456,"void at::native::vectorized_elementwise_kernel<4, at::native::round_kernel_cuda(at::TensorIteratorBase&)::{lambda()#1}::operator()() const::{lambda()#2}::operator()() const::{lambda(float)#1}, std::array<char*, 2ul> >(int, at::native::round_kernel_cuda(at::TensorIteratorBase&)::{lambda()#1}::operator()() const::{lambda()#2}::operator()() const::{lambda(float)#1}, std::array<char*, 2ul>)",235,12548005446604863,12548005446608379,0,0,16,0,128,256,1,1,3584,1,1
"KERNEL_DISPATCH","Agent 1",1,0,46,236,1065,"void at::native::vectorized_elementwise_kernel<4, at::native::(anonymous namespace)::launch_clamp_scalar(at::TensorIteratorBase&, c10::Scalar, c10::Scalar, at::native::detail::ClampLimits)::{lambda()#1}::operator()() const::{lambda()#7}::operator()() const::{lambda(float)#1}, std::array<char*, 2ul> >(int, at::native::(anonymous namespace)::launch_clamp_scalar(at::TensorIteratorBase&, c10::Scalar, c10::Scalar, at::native::detail::ClampLimits)::{lambda()#1}::operator()() const::{lambda()#7}::operator()() const::{lambda(float)#1}, std::array<char*, 2ul>)",236,12548005446691019,12548005446693496,0,0,16,0,128,256,1,1,3584,1,1
"KERNEL_DISPATCH","Agent 1",1,0,46,237,260,"void at::native::elementwise_kernel_manual_unroll<128, 4, at::native::gpu_kernel_impl<at::native::direct_copy_kernel_cuda(at::TensorIteratorBase&)::{lambda()#3}::operator()() const::{lambda()#5}::operator()() const::{lambda(short)#1}>(at::TensorIteratorBase&, at::native::direct_copy_kernel_cuda(at::TensorIteratorBase&)::{lambda()#3}::operator()() const::{lambda()#5}::operator()() const::{lambda(short)#1} const&)::{lambda(int, bool)#1}>(int, at::native::gpu_kernel_impl<at::native::direct_copy_kernel_cuda(at::TensorIteratorBase&)::{lambda()#3}::operator()() const::{lambda()#5}::operator()() const::{lambda(short)#1}>(at::TensorIteratorBase&, at::native::direct_copy_kernel_cuda(at::TensorIteratorBase&)::{lambda()#3}::operator()() const::{lambda()#5}::operator()() const::{lambda(short)#1} const&)::{lambda(int, bool)#1})",237,12548005447014181,12548005447017503,0,0,16,0,128,128,1,1,3584,1,1
"KERNEL_DISPATCH","Agent 1",1,0,46,238,1879,"void at::native::vectorized_elementwise_kernel<8, at::native::CUDAFunctorOnSelf_add<short>, std::array<char*, 2ul> >(int, at::native::CUDAFunctorOnSelf_add<short>, std::array<char*, 2ul>)",238,12548005447028466,12548005447102674,0,0,16,0,128,256,1,1,1792,1,1
"KERNEL_DISPATCH","Agent 1",1,0,46,239,346,"void at::native::elementwise_kernel_manual_unroll<128, 4, at::native::gpu_kernel_impl<at::native::direct_copy_kernel_cuda(at::TensorIteratorBase&)::{lambda()#3}::operator()() const::{lambda()#1}::operator()() const::{lambda(unsigned char)#1}>(at::TensorIteratorBase&, at::native::direct_copy_kernel_cuda(at::TensorIteratorBase&)::{lambda()#3}::operator()() const::{lambda()#1}::operator()() const::{lambda(unsigned char)#1} const&)::{lambda(int, bool)#1}>(int, at::native::gpu_kernel_impl<at::native::direct_copy_kernel_cuda(at::TensorIteratorBase&)::{lambda()#3}::operator()() const::{lambda()#1}::operator()() const::{lambda(unsigned char)#1}>(at::TensorIteratorBase&, at::native::direct_copy_kernel_cuda(at::TensorIteratorBase&)::{lambda()#3}::operator()() const::{lambda()#1}::operator()() const::{lambda(unsigned char)#1} const&)::{lambda(int, bool)#1})",239,12548005447446328,12548005447449897,0,0,16,0,128,128,1,1,3584,1,1
"KERNEL_DISPATCH","Agent 1",1,0,46,240,2116,"void at::native::elementwise_kernel_manual_unroll<128, 8, at::native::gpu_kernel_impl_nocast<at::native::BUnaryFunctor<unsigned char, unsigned char, unsigned char, at::native::lshift_kernel_cuda(at::TensorIteratorBase&)::{lambda()#1}::operator()() const::{lambda()#1}::operator()() const::{lambda(unsigned char, unsigned char)#1}> >(at::TensorIteratorBase&, at::native::BUnaryFunctor<unsigned char, unsigned char, unsigned char, at::native::lshift_kernel_cuda(at::TensorIteratorBase&)::{lambda()#1}::operator()() const::{lambda()#1}::operator()() const::{lambda(unsigned char, unsigned char)#1}> const&)::{lambda(int, bool)#1}>(int, at::native::gpu_kernel_impl_nocast<at::native::BUnaryFunctor<unsigned char, unsigned char, unsigned char, at::native::lshift_kernel_cuda(at::TensorIteratorBase&)::{lambda()#1}::operator()() const::{lambda()#1}::operator()() const::{lambda(unsigned char, unsigned char)#1}> >(at::TensorIteratorBase&, at::native::BUnaryFunctor<unsigned char, unsigned char, unsigned char, at::native::lshift_kernel_cuda(at::TensorIteratorBase&)::{lambda()#1}::operator()() const::{lambda()#1}::operator()() const::{lambda(unsigned char, unsigned char)#1}> const&)::{lambda(int, bool)#1})",240,12548005447532789,12548005447536196,0,0,32,0,128,128,1,1,896,1,1
"KERNEL_DISPATCH","Agent 1",1,0,46,241,2262,"void at::native::elementwise_kernel_manual_unroll<128, 8, at::native::gpu_kernel_impl_nocast<at::native::BinaryFunctor<unsigned char, unsigned char, unsigned char, at::native::BitwiseOrFunctor<unsigned char> > >(at::TensorIteratorBase&, at::native::BinaryFunctor<unsigned char, unsigned char, unsigned char, at::native::BitwiseOrFunctor<unsigned char> > const&)::{lambda(int, bool)#1}>(int, at::native::gpu_kernel_impl_nocast<at::native::BinaryFunctor<unsigned char, unsigned char, unsigned char, at::native::BitwiseOrFunctor<unsigned char> > >(at::TensorIteratorBase&, at::native::BinaryFunctor<unsigned char, unsigned char, unsigned char, at::native::BitwiseOrFunctor<unsigned char> > const&)::{lambda(int, bool)#1})",241,12548005447842195,12548005447845160,0,0,48,0,128,128,1,1,896,1,1
"KERNEL_DISPATCH","Agent 1",1,0,46,242,184,"void at::native::vectorized_elementwise_kernel<4, at::native::float16_copy_kernel_cuda(at::TensorIteratorBase&)::{lambda(float)#1}, std::array<char*, 2ul> >(int, at::native::float16_copy_kernel_cuda(at::TensorIteratorBase&)::{lambda(float)#1}, std::array<char*, 2ul>)",242,12548005447929161,12548005447930508,0,0,16,0,128,256,1,1,256,1,1
"KERNEL_DISPATCH","Agent 1",1,0,46,243,161,"void at::native::vectorized_elementwise_kernel<4, at::native::float16tofloat32_copy_kernel_cuda(at::TensorIteratorBase&)::{lambda(c10::Half)#1}, std::array<char*, 2ul> >(int, at::native::float16tofloat32_copy_kernel_cuda(at::TensorIteratorBase&)::{lambda(c10::Half)#1}, std::array<char*, 2ul>)",243,12548005448293727,12548005448296743,0,0,16,0,128,256,1,1,1792,1,1
"KERNEL_DISPATCH","Agent 1",1,0,46,244,450,"void at::native::vectorized_elementwise_kernel<4, at::native::(anonymous namespace)::silu_kernel(at::TensorIteratorBase&)::{lambda()#1}::operator()() const::{lambda()#2}::operator()() const::{lambda(float)#1}, std::array<char*, 2ul> >(int, at::native::(anonymous namespace)::silu_kernel(at::TensorIteratorBase&)::{lambda()#1}::operator()() const::{lambda()#2}::operator()() const::{lambda(float)#1}, std::array<char*, 2ul>)",244,12548005448380800,12548005448383479,0,0,32,0,128,256,1,1,3584,1,1
"KERNEL_DISPATCH","Agent 1",1,0,46,245,161,"void at::native::vectorized_elementwise_kernel<4, at::native::float16tofloat32_copy_kernel_cuda(at::TensorIteratorBase&)::{lambda(c10::Half)#1}, std::array<char*, 2ul> >(int, at::native::float16tofloat32_copy_kernel_cuda(at::TensorIteratorBase&)::{lambda(c10::Half)#1}, std::array<char*, 2ul>)",245,12548005448495484,12548005448497738,0,0,16,0,128,256,1,1,1792,1,1
"KERNEL_DISPATCH","Agent 1",1,0,46,246,671,"void at::native::vectorized_elementwise_kernel<4, at::native::BinaryFunctor<float, float, float, at::native::binary_internal::MulFunctor<float> >, std::array<char*, 3ul> >(int, at::native::BinaryFunctor<float, float, float, at::native::binary_internal::MulFunctor<float> >, std::array<char*, 3ul>)",246,12548005448660515,12548005448662685,0,0,16,0,128,256,1,1,3584,1,1
"KERNEL_DISPATCH","Agent 1",1,0,46,247,184,"void at::native::vectorized_elementwise_kernel<4, at::native::float16_copy_kernel_cuda(at::TensorIteratorBase&)::{lambda(float)#1}, std::array<char*, 2ul> >(int, at::native::float16_copy_kernel_cuda(at::TensorIteratorBase&)::{lambda(float)#1}, std::array<char*, 2ul>)",247,12548005448748097,12548005448750370,0,0,16,0,128,256,1,1,1792,1,1
"KERNEL_DISPATCH","Agent 1",1,0,46,248,161,"void at::native::vectorized_elementwise_kernel<4, at::native::float16tofloat32_copy_kernel_cuda(at::TensorIteratorBase&)::{lambda(c10::Half)#1}, std::array<char*, 2ul> >(int, at::native::float16tofloat32_copy_kernel_cuda(at::TensorIteratorBase&)::{lambda(c10::Half)#1}, std::array<char*, 2ul>)",248,12548005449030438,12548005449032620,0,0,16,0,128,256,1,1,1792,1,1
"KERNEL_DISPATCH","Agent 1",1,0,46,249,688,"hadacore_fallback_fp32_kernel",249,12548005449115447,12548005449118783,0,0,16,0,128,128,1,1,7168,1,1
"KERNEL_DISPATCH","Agent 1",1,0,46,250,184,"void at::native::vectorized_elementwise_kernel<4, at::native::float16_copy_kernel_cuda(at::TensorIteratorBase&)::{lambda(float)#1}, std::array<char*, 2ul> >(int, at::native::float16_copy_kernel_cuda(at::TensorIteratorBase&)::{lambda(float)#1}, std::array<char*, 2ul>)",250,12548005449393231,12548005449395458,0,0,16,0,128,256,1,1,1792,1,1
"KERNEL_DISPATCH","Agent 1",1,0,46,251,161,"void at::native::vectorized_elementwise_kernel<4, at::native::float16tofloat32_copy_kernel_cuda(at::TensorIteratorBase&)::{lambda(c10::Half)#1}, std::array<char*, 2ul> >(int, at::native::float16tofloat32_copy_kernel_cuda(at::TensorIteratorBase&)::{lambda(c10::Half)#1}, std::array<char*, 2ul>)",251,12548005449414806,12548005449481595,0,0,16,0,128,256,1,1,1792,1,1
"KERNEL_DISPATCH","Agent 1",1,0,46,252,710,"void at::native::vectorized_elementwise_kernel<4, at::native::AbsFunctor<float>, std::array<char*, 2ul> >(int, at::native::AbsFunctor<float>, std::array<char*, 2ul>)",252,12548005449591895,12548005449656984,0,0,16,0,128,256,1,1,3584,1,1
"KERNEL_DISPATCH","Agent 1",1,0,46,253,776,"void at::native::reduce_kernel<512, 1, at::native::ReduceOp<float, at::native::func_wrapper_t<float, at::native::MaxNanFunctor<float> >, unsigned int, float, 4, 4> >(at::native::ReduceOp<float, at::native::func_wrapper_t<float, at::native::MaxNanFunctor<float> >, unsigned int, float, 4, 4>)",253,12548005449855209,12548005449859423,512,0,32,0,128,32,16,1,128,16,1
"KERNEL_DISPATCH","Agent 1",1,0,46,254,931,"void at::native::vectorized_elementwise_kernel<4, at::native::BUnaryFunctor<float, float, float, at::native::binary_internal::MulFunctor<float> >, std::array<char*, 2ul> >(int, at::native::BUnaryFunctor<float, float, float, at::native::binary_internal::MulFunctor<float> >, std::array<char*, 2ul>)",254,12548005449943911,12548005449945291,0,0,16,0,128,256,1,1,256,1,1
"KERNEL_DISPATCH","Agent 1",1,0,46,255,1065,"void at::native::vectorized_elementwise_kernel<4, at::native::(anonymous namespace)::launch_clamp_scalar(at::TensorIteratorBase&, c10::Scalar, c10::Scalar, at::native::detail::ClampLimits)::{lambda()#1}::operator()() const::{lambda()#7}::operator()() const::{lambda(float)#1}, std::array<char*, 2ul> >(int, at::native::(anonymous namespace)::launch_clamp_scalar(at::TensorIteratorBase&, c10::Scalar, c10::Scalar, at::native::detail::ClampLimits)::{lambda()#1}::operator()() const::{lambda()#7}::operator()() const::{lambda(float)#1}, std::array<char*, 2ul>)",255,12548005450293528,12548005450295378,0,0,16,0,128,256,1,1,256,1,1
"KERNEL_DISPATCH","Agent 1",1,0,46,256,1024,"void at::native::elementwise_kernel_manual_unroll<128, 4, at::native::gpu_kernel_impl_nocast<at::native::BinaryFunctor<float, float, float, at::native::binary_internal::DivFunctor<float> > >(at::TensorIteratorBase&, at::native::BinaryFunctor<float, float, float, at::native::binary_internal::DivFunctor<float> > const&)::{lambda(int, bool)#1}>(int, at::native::gpu_kernel_impl_nocast<at::native::BinaryFunctor<float, float, float, at::native::binary_internal::DivFunctor<float> > >(at::TensorIteratorBase&, at::native::BinaryFunctor<float, float, float, at::native::binary_internal::DivFunctor<float> > const&)::{lambda(int, bool)#1})",256,12548005450378972,12548005450382401,0,0,32,0,128,128,1,1,3584,1,1
"KERNEL_DISPATCH","Agent 1",1,0,46,257,1456,"void at::native::vectorized_elementwise_kernel<4, at::native::round_kernel_cuda(at::TensorIteratorBase&)::{lambda()#1}::operator()() const::{lambda()#2}::operator()() const::{lambda(float)#1}, std::array<char*, 2ul> >(int, at::native::round_kernel_cuda(at::TensorIteratorBase&)::{lambda()#1}::operator()() const::{lambda()#2}::operator()() const::{lambda(float)#1}, std::array<char*, 2ul>)",257,12548005450467789,12548005450470165,0,0,16,0,128,256,1,1,3584,1,1
"KERNEL_DISPATCH","Agent 1",1,0,46,258,1065,"void at::native::vectorized_elementwise_kernel<4, at::native::(anonymous namespace)::launch_clamp_scalar(at::TensorIteratorBase&, c10::Scalar, c10::Scalar, at::native::detail::ClampLimits)::{lambda()#1}::operator()() const::{lambda()#7}::operator()() const::{lambda(float)#1}, std::array<char*, 2ul> >(int, at::native::(anonymous namespace)::launch_clamp_scalar(at::TensorIteratorBase&, c10::Scalar, c10::Scalar, at::native::detail::ClampLimits)::{lambda()#1}::operator()() const::{lambda()#7}::operator()() const::{lambda(float)#1}, std::array<char*, 2ul>)",258,12548005450945337,12548005450949381,0,0,16,0,128,256,1,1,3584,1,1
"KERNEL_DISPATCH","Agent 1",1,0,46,259,260,"void at::native::elementwise_kernel_manual_unroll<128, 4, at::native::gpu_kernel_impl<at::native::direct_copy_kernel_cuda(at::TensorIteratorBase&)::{lambda()#3}::operator()() const::{lambda()#5}::operator()() const::{lambda(short)#1}>(at::TensorIteratorBase&, at::native::direct_copy_kernel_cuda(at::TensorIteratorBase&)::{lambda()#3}::operator()() const::{lambda()#5}::operator()() const::{lambda(short)#1} const&)::{lambda(int, bool)#1}>(int, at::native::gpu_kernel_impl<at::native::direct_copy_kernel_cuda(at::TensorIteratorBase&)::{lambda()#3}::operator()() const::{lambda()#5}::operator()() const::{lambda(short)#1}>(at::TensorIteratorBase&, at::native::direct_copy_kernel_cuda(at::TensorIteratorBase&)::{lambda()#3}::operator()() const::{lambda()#5}::operator()() const::{lambda(short)#1} const&)::{lambda(int, bool)#1})",259,12548005451040722,12548005451046124,0,0,16,0,128,128,1,1,3584,1,1
"KERNEL_DISPATCH","Agent 1",1,0,46,260,1879,"void at::native::vectorized_elementwise_kernel<8, at::native::CUDAFunctorOnSelf_add<short>, std::array<char*, 2ul> >(int, at::native::CUDAFunctorOnSelf_add<short>, std::array<char*, 2ul>)",260,12548005451139602,12548005451142975,0,0,16,0,128,256,1,1,1792,1,1
"KERNEL_DISPATCH","Agent 1",1,0,46,261,346,"void at::native::elementwise_kernel_manual_unroll<128, 4, at::native::gpu_kernel_impl<at::native::direct_copy_kernel_cuda(at::TensorIteratorBase&)::{lambda()#3}::operator()() const::{lambda()#1}::operator()() const::{lambda(unsigned char)#1}>(at::TensorIteratorBase&, at::native::direct_copy_kernel_cuda(at::TensorIteratorBase&)::{lambda()#3}::operator()() const::{lambda()#1}::operator()() const::{lambda(unsigned char)#1} const&)::{lambda(int, bool)#1}>(int, at::native::gpu_kernel_impl<at::native::direct_copy_kernel_cuda(at::TensorIteratorBase&)::{lambda()#3}::operator()() const::{lambda()#1}::operator()() const::{lambda(unsigned char)#1}>(at::TensorIteratorBase&, at::native::direct_copy_kernel_cuda(at::TensorIteratorBase&)::{lambda()#3}::operator()() const::{lambda()#1}::operator()() const::{lambda(unsigned char)#1} const&)::{lambda(int, bool)#1})",261,12548005451552744,12548005451556550,0,0,16,0,128,128,1,1,3584,1,1
"KERNEL_DISPATCH","Agent 1",1,0,46,262,2116,"void at::native::elementwise_kernel_manual_unroll<128, 8, at::native::gpu_kernel_impl_nocast<at::native::BUnaryFunctor<unsigned char, unsigned char, unsigned char, at::native::lshift_kernel_cuda(at::TensorIteratorBase&)::{lambda()#1}::operator()() const::{lambda()#1}::operator()() const::{lambda(unsigned char, unsigned char)#1}> >(at::TensorIteratorBase&, at::native::BUnaryFunctor<unsigned char, unsigned char, unsigned char, at::native::lshift_kernel_cuda(at::TensorIteratorBase&)::{lambda()#1}::operator()() const::{lambda()#1}::operator()() const::{lambda(unsigned char, unsigned char)#1}> const&)::{lambda(int, bool)#1}>(int, at::native::gpu_kernel_impl_nocast<at::native::BUnaryFunctor<unsigned char, unsigned char, unsigned char, at::native::lshift_kernel_cuda(at::TensorIteratorBase&)::{lambda()#1}::operator()() const::{lambda()#1}::operator()() const::{lambda(unsigned char, unsigned char)#1}> >(at::TensorIteratorBase&, at::native::BUnaryFunctor<unsigned char, unsigned char, unsigned char, at::native::lshift_kernel_cuda(at::TensorIteratorBase&)::{lambda()#1}::operator()() const::{lambda()#1}::operator()() const::{lambda(unsigned char, unsigned char)#1}> const&)::{lambda(int, bool)#1})",262,12548005451649220,12548005451653065,0,0,32,0,128,128,1,1,896,1,1
"KERNEL_DISPATCH","Agent 1",1,0,46,263,2262,"void at::native::elementwise_kernel_manual_unroll<128, 8, at::native::gpu_kernel_impl_nocast<at::native::BinaryFunctor<unsigned char, unsigned char, unsigned char, at::native::BitwiseOrFunctor<unsigned char> > >(at::TensorIteratorBase&, at::native::BinaryFunctor<unsigned char, unsigned char, unsigned char, at::native::BitwiseOrFunctor<unsigned char> > const&)::{lambda(int, bool)#1}>(int, at::native::gpu_kernel_impl_nocast<at::native::BinaryFunctor<unsigned char, unsigned char, unsigned char, at::native::BitwiseOrFunctor<unsigned char> > >(at::TensorIteratorBase&, at::native::BinaryFunctor<unsigned char, unsigned char, unsigned char, at::native::BitwiseOrFunctor<unsigned char> > const&)::{lambda(int, bool)#1})",263,12548005451670941,12548005451744883,0,0,48,0,128,128,1,1,896,1,1
"KERNEL_DISPATCH","Agent 1",1,0,46,264,184,"void at::native::vectorized_elementwise_kernel<4, at::native::float16_copy_kernel_cuda(at::TensorIteratorBase&)::{lambda(float)#1}, std::array<char*, 2ul> >(int, at::native::float16_copy_kernel_cuda(at::TensorIteratorBase&)::{lambda(float)#1}, std::array<char*, 2ul>)",264,12548005452157227,12548005452160056,0,0,16,0,128,256,1,1,256,1,1
"KERNEL_DISPATCH","Agent 1",1,0,46,265,161,"void at::native::vectorized_elementwise_kernel<4, at::native::float16tofloat32_copy_kernel_cuda(at::TensorIteratorBase&)::{lambda(c10::Half)#1}, std::array<char*, 2ul> >(int, at::native::float16tofloat32_copy_kernel_cuda(at::TensorIteratorBase&)::{lambda(c10::Half)#1}, std::array<char*, 2ul>)",265,12548005452248589,12548005452251267,0,0,16,0,128,256,1,1,1792,1,1
"KERNEL_DISPATCH","Agent 1",1,0,46,266,450,"void at::native::vectorized_elementwise_kernel<4, at::native::(anonymous namespace)::silu_kernel(at::TensorIteratorBase&)::{lambda()#1}::operator()() const::{lambda()#2}::operator()() const::{lambda(float)#1}, std::array<char*, 2ul> >(int, at::native::(anonymous namespace)::silu_kernel(at::TensorIteratorBase&)::{lambda()#1}::operator()() const::{lambda()#2}::operator()() const::{lambda(float)#1}, std::array<char*, 2ul>)",266,12548005452262527,12548005452341839,0,0,32,0,128,256,1,1,3584,1,1
"KERNEL_DISPATCH","Agent 1",1,0,46,267,161,"void at::native::vectorized_elementwise_kernel<4, at::native::float16tofloat32_copy_kernel_cuda(at::TensorIteratorBase&)::{lambda(c10::Half)#1}, std::array<char*, 2ul> >(int, at::native::float16tofloat32_copy_kernel_cuda(at::TensorIteratorBase&)::{lambda(c10::Half)#1}, std::array<char*, 2ul>)",267,12548005452460481,12548005452528677,0,0,16,0,128,256,1,1,1792,1,1
"KERNEL_DISPATCH","Agent 1",1,0,46,268,671,"void at::native::vectorized_elementwise_kernel<4, at::native::BinaryFunctor<float, float, float, at::native::binary_internal::MulFunctor<float> >, std::array<char*, 3ul> >(int, at::native::BinaryFunctor<float, float, float, at::native::binary_internal::MulFunctor<float> >, std::array<char*, 3ul>)",268,12548005452746525,12548005452749082,0,0,16,0,128,256,1,1,3584,1,1
"KERNEL_DISPATCH","Agent 1",1,0,46,269,184,"void at::native::vectorized_elementwise_kernel<4, at::native::float16_copy_kernel_cuda(at::TensorIteratorBase&)::{lambda(float)#1}, std::array<char*, 2ul> >(int, at::native::float16_copy_kernel_cuda(at::TensorIteratorBase&)::{lambda(float)#1}, std::array<char*, 2ul>)",269,12548005452837503,12548005452839678,0,0,16,0,128,256,1,1,1792,1,1
"KERNEL_DISPATCH","Agent 1",1,0,46,270,161,"void at::native::vectorized_elementwise_kernel<4, at::native::float16tofloat32_copy_kernel_cuda(at::TensorIteratorBase&)::{lambda(c10::Half)#1}, std::array<char*, 2ul> >(int, at::native::float16tofloat32_copy_kernel_cuda(at::TensorIteratorBase&)::{lambda(c10::Half)#1}, std::array<char*, 2ul>)",270,12548005452925740,12548005452927957,0,0,16,0,128,256,1,1,1792,1,1
"KERNEL_DISPATCH","Agent 1",1,0,46,271,688,"hadacore_fallback_fp32_kernel",271,12548005453018095,12548005453020611,0,0,16,0,128,128,1,1,7168,1,1
"KERNEL_DISPATCH","Agent 1",1,0,46,272,184,"void at::native::vectorized_elementwise_kernel<4, at::native::float16_copy_kernel_cuda(at::TensorIteratorBase&)::{lambda(float)#1}, std::array<char*, 2ul> >(int, at::native::float16_copy_kernel_cuda(at::TensorIteratorBase&)::{lambda(float)#1}, std::array<char*, 2ul>)",272,12548005453253272,12548005453256418,0,0,16,0,128,256,1,1,1792,1,1
"KERNEL_DISPATCH","Agent 1",1,0,46,273,161,"void at::native::vectorized_elementwise_kernel<4, at::native::float16tofloat32_copy_kernel_cuda(at::TensorIteratorBase&)::{lambda(c10::Half)#1}, std::array<char*, 2ul> >(int, at::native::float16tofloat32_copy_kernel_cuda(at::TensorIteratorBase&)::{lambda(c10::Half)#1}, std::array<char*, 2ul>)",273,12548005453402555,12548005453404292,0,0,16,0,128,256,1,1,1792,1,1
"KERNEL_DISPATCH","Agent 1",1,0,46,274,710,"void at::native::vectorized_elementwise_kernel<4, at::native::AbsFunctor<float>, std::array<char*, 2ul> >(int, at::native::AbsFunctor<float>, std::array<char*, 2ul>)",274,12548005453514290,12548005453516190,0,0,16,0,128,256,1,1,3584,1,1
"KERNEL_DISPATCH","Agent 1",1,0,46,275,776,"void at::native::reduce_kernel<512, 1, at::native::ReduceOp<float, at::native::func_wrapper_t<float, at::native::MaxNanFunctor<float> >, unsigned int, float, 4, 4> >(at::native::ReduceOp<float, at::native::func_wrapper_t<float, at::native::MaxNanFunctor<float> >, unsigned int, float, 4, 4>)",275,12548005453619018,12548005453622117,512,0,32,0,128,32,16,1,128,16,1
"KERNEL_DISPATCH","Agent 1",1,0,46,276,931,"void at::native::vectorized_elementwise_kernel<4, at::native::BUnaryFunctor<float, float, float, at::native::binary_internal::MulFunctor<float> >, std::array<char*, 2ul> >(int, at::native::BUnaryFunctor<float, float, float, at::native::binary_internal::MulFunctor<float> >, std::array<char*, 2ul>)",276,12548005453806334,12548005453808345,0,0,16,0,128,256,1,1,256,1,1
"KERNEL_DISPATCH","Agent 1",1,0,46,277,1065,"void at::native::vectorized_elementwise_kernel<4, at::native::(anonymous namespace)::launch_clamp_scalar(at::TensorIteratorBase&, c10::Scalar, c10::Scalar, at::native::detail::ClampLimits)::{lambda()#1}::operator()() const::{lambda()#7}::operator()() const::{lambda(float)#1}, std::array<char*, 2ul> >(int, at::native::(anonymous namespace)::launch_clamp_scalar(at::TensorIteratorBase&, c10::Scalar, c10::Scalar, at::native::detail::ClampLimits)::{lambda()#1}::operator()() const::{lambda()#7}::operator()() const::{lambda(float)#1}, std::array<char*, 2ul>)",277,12548005453929688,12548005453931645,0,0,16,0,128,256,1,1,256,1,1
"KERNEL_DISPATCH","Agent 1",1,0,46,278,1024,"void at::native::elementwise_kernel_manual_unroll<128, 4, at::native::gpu_kernel_impl_nocast<at::native::BinaryFunctor<float, float, float, at::native::binary_internal::DivFunctor<float> > >(at::TensorIteratorBase&, at::native::BinaryFunctor<float, float, float, at::native::binary_internal::DivFunctor<float> > const&)::{lambda(int, bool)#1}>(int, at::native::gpu_kernel_impl_nocast<at::native::BinaryFunctor<float, float, float, at::native::binary_internal::DivFunctor<float> > >(at::TensorIteratorBase&, at::native::BinaryFunctor<float, float, float, at::native::binary_internal::DivFunctor<float> > const&)::{lambda(int, bool)#1})",278,12548005454037205,12548005454040471,0,0,32,0,128,128,1,1,3584,1,1
"KERNEL_DISPATCH","Agent 1",1,0,46,279,1456,"void at::native::vectorized_elementwise_kernel<4, at::native::round_kernel_cuda(at::TensorIteratorBase&)::{lambda()#1}::operator()() const::{lambda()#2}::operator()() const::{lambda(float)#1}, std::array<char*, 2ul> >(int, at::native::round_kernel_cuda(at::TensorIteratorBase&)::{lambda()#1}::operator()() const::{lambda()#2}::operator()() const::{lambda(float)#1}, std::array<char*, 2ul>)",279,12548005454151501,12548005454153376,0,0,16,0,128,256,1,1,3584,1,1
"KERNEL_DISPATCH","Agent 1",1,0,46,280,1065,"void at::native::vectorized_elementwise_kernel<4, at::native::(anonymous namespace)::launch_clamp_scalar(at::TensorIteratorBase&, c10::Scalar, c10::Scalar, at::native::detail::ClampLimits)::{lambda()#1}::operator()() const::{lambda()#7}::operator()() const::{lambda(float)#1}, std::array<char*, 2ul> >(int, at::native::(anonymous namespace)::launch_clamp_scalar(at::TensorIteratorBase&, c10::Scalar, c10::Scalar, at::native::detail::ClampLimits)::{lambda()#1}::operator()() const::{lambda()#7}::operator()() const::{lambda(float)#1}, std::array<char*, 2ul>)",280,12548005454255758,12548005454259021,0,0,16,0,128,256,1,1,3584,1,1
"KERNEL_DISPATCH","Agent 1",1,0,46,281,260,"void at::native::elementwise_kernel_manual_unroll<128, 4, at::native::gpu_kernel_impl<at::native::direct_copy_kernel_cuda(at::TensorIteratorBase&)::{lambda()#3}::operator()() const::{lambda()#5}::operator()() const::{lambda(short)#1}>(at::TensorIteratorBase&, at::native::direct_copy_kernel_cuda(at::TensorIteratorBase&)::{lambda()#3}::operator()() const::{lambda()#5}::operator()() const::{lambda(short)#1} const&)::{lambda(int, bool)#1}>(int, at::native::gpu_kernel_impl<at::native::direct_copy_kernel_cuda(at::TensorIteratorBase&)::{lambda()#3}::operator()() const::{lambda()#5}::operator()() const::{lambda(short)#1}>(at::TensorIteratorBase&, at::native::direct_copy_kernel_cuda(at::TensorIteratorBase&)::{lambda()#3}::operator()() const::{lambda()#5}::operator()() const::{lambda(short)#1} const&)::{lambda(int, bool)#1})",281,12548005454399792,12548005454402641,0,0,16,0,128,128,1,1,3584,1,1
"KERNEL_DISPATCH","Agent 1",1,0,46,282,1879,"void at::native::vectorized_elementwise_kernel<8, at::native::CUDAFunctorOnSelf_add<short>, std::array<char*, 2ul> >(int, at::native::CUDAFunctorOnSelf_add<short>, std::array<char*, 2ul>)",282,12548005454584579,12548005454586829,0,0,16,0,128,256,1,1,1792,1,1
"KERNEL_DISPATCH","Agent 1",1,0,46,283,346,"void at::native::elementwise_kernel_manual_unroll<128, 4, at::native::gpu_kernel_impl<at::native::direct_copy_kernel_cuda(at::TensorIteratorBase&)::{lambda()#3}::operator()() const::{lambda()#1}::operator()() const::{lambda(unsigned char)#1}>(at::TensorIteratorBase&, at::native::direct_copy_kernel_cuda(at::TensorIteratorBase&)::{lambda()#3}::operator()() const::{lambda()#1}::operator()() const::{lambda(unsigned char)#1} const&)::{lambda(int, bool)#1}>(int, at::native::gpu_kernel_impl<at::native::direct_copy_kernel_cuda(at::TensorIteratorBase&)::{lambda()#3}::operator()() const::{lambda()#1}::operator()() const::{lambda(unsigned char)#1}>(at::TensorIteratorBase&, at::native::direct_copy_kernel_cuda(at::TensorIteratorBase&)::{lambda()#3}::operator()() const::{lambda()#1}::operator()() const::{lambda(unsigned char)#1} const&)::{lambda(int, bool)#1})",283,12548005454698059,12548005454701892,0,0,16,0,128,128,1,1,3584,1,1
"KERNEL_DISPATCH","Agent 1",1,0,46,284,2116,"void at::native::elementwise_kernel_manual_unroll<128, 8, at::native::gpu_kernel_impl_nocast<at::native::BUnaryFunctor<unsigned char, unsigned char, unsigned char, at::native::lshift_kernel_cuda(at::TensorIteratorBase&)::{lambda()#1}::operator()() const::{lambda()#1}::operator()() const::{lambda(unsigned char, unsigned char)#1}> >(at::TensorIteratorBase&, at::native::BUnaryFunctor<unsigned char, unsigned char, unsigned char, at::native::lshift_kernel_cuda(at::TensorIteratorBase&)::{lambda()#1}::operator()() const::{lambda()#1}::operator()() const::{lambda(unsigned char, unsigned char)#1}> const&)::{lambda(int, bool)#1}>(int, at::native::gpu_kernel_impl_nocast<at::native::BUnaryFunctor<unsigned char, unsigned char, unsigned char, at::native::lshift_kernel_cuda(at::TensorIteratorBase&)::{lambda()#1}::operator()() const::{lambda()#1}::operator()() const::{lambda(unsigned char, unsigned char)#1}> >(at::TensorIteratorBase&, at::native::BUnaryFunctor<unsigned char, unsigned char, unsigned char, at::native::lshift_kernel_cuda(at::TensorIteratorBase&)::{lambda()#1}::operator()() const::{lambda()#1}::operator()() const::{lambda(unsigned char, unsigned char)#1}> const&)::{lambda(int, bool)#1})",284,12548005454806199,12548005454809584,0,0,32,0,128,128,1,1,896,1,1
"KERNEL_DISPATCH","Agent 1",1,0,46,285,2262,"void at::native::elementwise_kernel_manual_unroll<128, 8, at::native::gpu_kernel_impl_nocast<at::native::BinaryFunctor<unsigned char, unsigned char, unsigned char, at::native::BitwiseOrFunctor<unsigned char> > >(at::TensorIteratorBase&, at::native::BinaryFunctor<unsigned char, unsigned char, unsigned char, at::native::BitwiseOrFunctor<unsigned char> > const&)::{lambda(int, bool)#1}>(int, at::native::gpu_kernel_impl_nocast<at::native::BinaryFunctor<unsigned char, unsigned char, unsigned char, at::native::BitwiseOrFunctor<unsigned char> > >(at::TensorIteratorBase&, at::native::BinaryFunctor<unsigned char, unsigned char, unsigned char, at::native::BitwiseOrFunctor<unsigned char> > const&)::{lambda(int, bool)#1})",285,12548005454910453,12548005454914733,0,0,48,0,128,128,1,1,896,1,1
"KERNEL_DISPATCH","Agent 1",1,0,46,286,184,"void at::native::vectorized_elementwise_kernel<4, at::native::float16_copy_kernel_cuda(at::TensorIteratorBase&)::{lambda(float)#1}, std::array<char*, 2ul> >(int, at::native::float16_copy_kernel_cuda(at::TensorIteratorBase&)::{lambda(float)#1}, std::array<char*, 2ul>)",286,12548005455034398,12548005455035849,0,0,16,0,128,256,1,1,256,1,1
"KERNEL_DISPATCH","Agent 1",1,0,46,287,161,"void at::native::vectorized_elementwise_kernel<4, at::native::float16tofloat32_copy_kernel_cuda(at::TensorIteratorBase&)::{lambda(c10::Half)#1}, std::array<char*, 2ul> >(int, at::native::float16tofloat32_copy_kernel_cuda(at::TensorIteratorBase&)::{lambda(c10::Half)#1}, std::array<char*, 2ul>)",287,12548005455233484,12548005455235513,0,0,16,0,128,256,1,1,1792,1,1
"KERNEL_DISPATCH","Agent 1",1,0,46,288,450,"void at::native::vectorized_elementwise_kernel<4, at::native::(anonymous namespace)::silu_kernel(at::TensorIteratorBase&)::{lambda()#1}::operator()() const::{lambda()#2}::operator()() const::{lambda(float)#1}, std::array<char*, 2ul> >(int, at::native::(anonymous namespace)::silu_kernel(at::TensorIteratorBase&)::{lambda()#1}::operator()() const::{lambda()#2}::operator()() const::{lambda(float)#1}, std::array<char*, 2ul>)",288,12548005455339831,12548005455341925,0,0,32,0,128,256,1,1,3584,1,1
"KERNEL_DISPATCH","Agent 1",1,0,46,289,161,"void at::native::vectorized_elementwise_kernel<4, at::native::float16tofloat32_copy_kernel_cuda(at::TensorIteratorBase&)::{lambda(c10::Half)#1}, std::array<char*, 2ul> >(int, at::native::float16tofloat32_copy_kernel_cuda(at::TensorIteratorBase&)::{lambda(c10::Half)#1}, std::array<char*, 2ul>)",289,12548005455443201,12548005455445845,0,0,16,0,128,256,1,1,1792,1,1
"KERNEL_DISPATCH","Agent 1",1,0,46,290,671,"void at::native::vectorized_elementwise_kernel<4, at::native::BinaryFunctor<float, float, float, at::native::binary_internal::MulFunctor<float> >, std::array<char*, 3ul> >(int, at::native::BinaryFunctor<float, float, float, at::native::binary_internal::MulFunctor<float> >, std::array<char*, 3ul>)",290,12548005455598430,12548005455599824,0,0,16,0,128,256,1,1,3584,1,1
"KERNEL_DISPATCH","Agent 1",1,0,46,291,184,"void at::native::vectorized_elementwise_kernel<4, at::native::float16_copy_kernel_cuda(at::TensorIteratorBase&)::{lambda(float)#1}, std::array<char*, 2ul> >(int, at::native::float16_copy_kernel_cuda(at::TensorIteratorBase&)::{lambda(float)#1}, std::array<char*, 2ul>)",291,12548005455809786,12548005455812053,0,0,16,0,128,256,1,1,1792,1,1
"KERNEL_DISPATCH","Agent 1",1,0,46,292,161,"void at::native::vectorized_elementwise_kernel<4, at::native::float16tofloat32_copy_kernel_cuda(at::TensorIteratorBase&)::{lambda(c10::Half)#1}, std::array<char*, 2ul> >(int, at::native::float16tofloat32_copy_kernel_cuda(at::TensorIteratorBase&)::{lambda(c10::Half)#1}, std::array<char*, 2ul>)",292,12548005455922121,12548005455924141,0,0,16,0,128,256,1,1,1792,1,1
"KERNEL_DISPATCH","Agent 1",1,0,46,293,688,"hadacore_fallback_fp32_kernel",293,12548005455949323,12548005456029921,0,0,16,0,128,128,1,1,7168,1,1
"KERNEL_DISPATCH","Agent 1",1,0,46,294,184,"void at::native::vectorized_elementwise_kernel<4, at::native::float16_copy_kernel_cuda(at::TensorIteratorBase&)::{lambda(float)#1}, std::array<char*, 2ul> >(int, at::native::float16_copy_kernel_cuda(at::TensorIteratorBase&)::{lambda(float)#1}, std::array<char*, 2ul>)",294,12548005456210573,12548005456213795,0,0,16,0,128,256,1,1,1792,1,1
"KERNEL_DISPATCH","Agent 1",1,0,46,295,161,"void at::native::vectorized_elementwise_kernel<4, at::native::float16tofloat32_copy_kernel_cuda(at::TensorIteratorBase&)::{lambda(c10::Half)#1}, std::array<char*, 2ul> >(int, at::native::float16tofloat32_copy_kernel_cuda(at::TensorIteratorBase&)::{lambda(c10::Half)#1}, std::array<char*, 2ul>)",295,12548005456363790,12548005456366068,0,0,16,0,128,256,1,1,1792,1,1
"KERNEL_DISPATCH","Agent 1",1,0,46,296,710,"void at::native::vectorized_elementwise_kernel<4, at::native::AbsFunctor<float>, std::array<char*, 2ul> >(int, at::native::AbsFunctor<float>, std::array<char*, 2ul>)",296,12548005456420472,12548005456471678,0,0,16,0,128,256,1,1,3584,1,1
"KERNEL_DISPATCH","Agent 1",1,0,46,297,776,"void at::native::reduce_kernel<512, 1, at::native::ReduceOp<float, at::native::func_wrapper_t<float, at::native::MaxNanFunctor<float> >, unsigned int, float, 4, 4> >(at::native::ReduceOp<float, at::native::func_wrapper_t<float, at::native::MaxNanFunctor<float> >, unsigned int, float, 4, 4>)",297,12548005456676111,12548005456682933,512,0,32,0,128,32,16,1,128,16,1
"KERNEL_DISPATCH","Agent 1",1,0,46,298,931,"void at::native::vectorized_elementwise_kernel<4, at::native::BUnaryFunctor<float, float, float, at::native::binary_internal::MulFunctor<float> >, std::array<char*, 2ul> >(int, at::native::BUnaryFunctor<float, float, float, at::native::binary_internal::MulFunctor<float> >, std::array<char*, 2ul>)",298,12548005456828670,12548005456830835,0,0,16,0,128,256,1,1,256,1,1
"KERNEL_DISPATCH","Agent 1",1,0,46,299,1065,"void at::native::vectorized_elementwise_kernel<4, at::native::(anonymous namespace)::launch_clamp_scalar(at::TensorIteratorBase&, c10::Scalar, c10::Scalar, at::native::detail::ClampLimits)::{lambda()#1}::operator()() const::{lambda()#7}::operator()() const::{lambda(float)#1}, std::array<char*, 2ul> >(int, at::native::(anonymous namespace)::launch_clamp_scalar(at::TensorIteratorBase&, c10::Scalar, c10::Scalar, at::native::detail::ClampLimits)::{lambda()#1}::operator()() const::{lambda()#7}::operator()() const::{lambda(float)#1}, std::array<char*, 2ul>)",299,12548005456929253,12548005456931266,0,0,16,0,128,256,1,1,256,1,1
"KERNEL_DISPATCH","Agent 1",1,0,46,300,1024,"void at::native::elementwise_kernel_manual_unroll<128, 4, at::native::gpu_kernel_impl_nocast<at::native::BinaryFunctor<float, float, float, at::native::binary_internal::DivFunctor<float> > >(at::TensorIteratorBase&, at::native::BinaryFunctor<float, float, float, at::native::binary_internal::DivFunctor<float> > const&)::{lambda(int, bool)#1}>(int, at::native::gpu_kernel_impl_nocast<at::native::BinaryFunctor<float, float, float, at::native::binary_internal::DivFunctor<float> > >(at::TensorIteratorBase&, at::native::BinaryFunctor<float, float, float, at::native::binary_internal::DivFunctor<float> > const&)::{lambda(int, bool)#1})",300,12548005457030743,12548005457035046,0,0,32,0,128,128,1,1,3584,1,1
"KERNEL_DISPATCH","Agent 1",1,0,46,301,1456,"void at::native::vectorized_elementwise_kernel<4, at::native::round_kernel_cuda(at::TensorIteratorBase&)::{lambda()#1}::operator()() const::{lambda()#2}::operator()() const::{lambda(float)#1}, std::array<char*, 2ul> >(int, at::native::round_kernel_cuda(at::TensorIteratorBase&)::{lambda()#1}::operator()() const::{lambda()#2}::operator()() const::{lambda(float)#1}, std::array<char*, 2ul>)",301,12548005457156352,12548005457159504,0,0,16,0,128,256,1,1,3584,1,1
"KERNEL_DISPATCH","Agent 1",1,0,46,302,1065,"void at::native::vectorized_elementwise_kernel<4, at::native::(anonymous namespace)::launch_clamp_scalar(at::TensorIteratorBase&, c10::Scalar, c10::Scalar, at::native::detail::ClampLimits)::{lambda()#1}::operator()() const::{lambda()#7}::operator()() const::{lambda(float)#1}, std::array<char*, 2ul> >(int, at::native::(anonymous namespace)::launch_clamp_scalar(at::TensorIteratorBase&, c10::Scalar, c10::Scalar, at::native::detail::ClampLimits)::{lambda()#1}::operator()() const::{lambda()#7}::operator()() const::{lambda(float)#1}, std::array<char*, 2ul>)",302,12548005457310676,12548005457312637,0,0,16,0,128,256,1,1,3584,1,1
"KERNEL_DISPATCH","Agent 1",1,0,46,303,260,"void at::native::elementwise_kernel_manual_unroll<128, 4, at::native::gpu_kernel_impl<at::native::direct_copy_kernel_cuda(at::TensorIteratorBase&)::{lambda()#3}::operator()() const::{lambda()#5}::operator()() const::{lambda(short)#1}>(at::TensorIteratorBase&, at::native::direct_copy_kernel_cuda(at::TensorIteratorBase&)::{lambda()#3}::operator()() const::{lambda()#5}::operator()() const::{lambda(short)#1} const&)::{lambda(int, bool)#1}>(int, at::native::gpu_kernel_impl<at::native::direct_copy_kernel_cuda(at::TensorIteratorBase&)::{lambda()#3}::operator()() const::{lambda()#5}::operator()() const::{lambda(short)#1}>(at::TensorIteratorBase&, at::native::direct_copy_kernel_cuda(at::TensorIteratorBase&)::{lambda()#3}::operator()() const::{lambda()#5}::operator()() const::{lambda(short)#1} const&)::{lambda(int, bool)#1})",303,12548005457413483,12548005457416020,0,0,16,0,128,128,1,1,3584,1,1
"KERNEL_DISPATCH","Agent 1",1,0,46,304,1879,"void at::native::vectorized_elementwise_kernel<8, at::native::CUDAFunctorOnSelf_add<short>, std::array<char*, 2ul> >(int, at::native::CUDAFunctorOnSelf_add<short>, std::array<char*, 2ul>)",304,12548005457607924,12548005457610516,0,0,16,0,128,256,1,1,1792,1,1
"KERNEL_DISPATCH","Agent 1",1,0,46,305,346,"void at::native::elementwise_kernel_manual_unroll<128, 4, at::native::gpu_kernel_impl<at::native::direct_copy_kernel_cuda(at::TensorIteratorBase&)::{lambda()#3}::operator()() const::{lambda()#1}::operator()() const::{lambda(unsigned char)#1}>(at::TensorIteratorBase&, at::native::direct_copy_kernel_cuda(at::TensorIteratorBase&)::{lambda()#3}::operator()() const::{lambda()#1}::operator()() const::{lambda(unsigned char)#1} const&)::{lambda(int, bool)#1}>(int, at::native::gpu_kernel_impl<at::native::direct_copy_kernel_cuda(at::TensorIteratorBase&)::{lambda()#3}::operator()() const::{lambda()#1}::operator()() const::{lambda(unsigned char)#1}>(at::TensorIteratorBase&, at::native::direct_copy_kernel_cuda(at::TensorIteratorBase&)::{lambda()#3}::operator()() const::{lambda()#1}::operator()() const::{lambda(unsigned char)#1} const&)::{lambda(int, bool)#1})",305,12548005457843500,12548005457846841,0,0,16,0,128,128,1,1,3584,1,1
"KERNEL_DISPATCH","Agent 1",1,0,46,306,2116,"void at::native::elementwise_kernel_manual_unroll<128, 8, at::native::gpu_kernel_impl_nocast<at::native::BUnaryFunctor<unsigned char, unsigned char, unsigned char, at::native::lshift_kernel_cuda(at::TensorIteratorBase&)::{lambda()#1}::operator()() const::{lambda()#1}::operator()() const::{lambda(unsigned char, unsigned char)#1}> >(at::TensorIteratorBase&, at::native::BUnaryFunctor<unsigned char, unsigned char, unsigned char, at::native::lshift_kernel_cuda(at::TensorIteratorBase&)::{lambda()#1}::operator()() const::{lambda()#1}::operator()() const::{lambda(unsigned char, unsigned char)#1}> const&)::{lambda(int, bool)#1}>(int, at::native::gpu_kernel_impl_nocast<at::native::BUnaryFunctor<unsigned char, unsigned char, unsigned char, at::native::lshift_kernel_cuda(at::TensorIteratorBase&)::{lambda()#1}::operator()() const::{lambda()#1}::operator()() const::{lambda(unsigned char, unsigned char)#1}> >(at::TensorIteratorBase&, at::native::BUnaryFunctor<unsigned char, unsigned char, unsigned char, at::native::lshift_kernel_cuda(at::TensorIteratorBase&)::{lambda()#1}::operator()() const::{lambda()#1}::operator()() const::{lambda(unsigned char, unsigned char)#1}> const&)::{lambda(int, bool)#1})",306,12548005457951755,12548005457957546,0,0,32,0,128,128,1,1,896,1,1
"KERNEL_DISPATCH","Agent 1",1,0,46,307,2262,"void at::native::elementwise_kernel_manual_unroll<128, 8, at::native::gpu_kernel_impl_nocast<at::native::BinaryFunctor<unsigned char, unsigned char, unsigned char, at::native::BitwiseOrFunctor<unsigned char> > >(at::TensorIteratorBase&, at::native::BinaryFunctor<unsigned char, unsigned char, unsigned char, at::native::BitwiseOrFunctor<unsigned char> > const&)::{lambda(int, bool)#1}>(int, at::native::gpu_kernel_impl_nocast<at::native::BinaryFunctor<unsigned char, unsigned char, unsigned char, at::native::BitwiseOrFunctor<unsigned char> > >(at::TensorIteratorBase&, at::native::BinaryFunctor<unsigned char, unsigned char, unsigned char, at::native::BitwiseOrFunctor<unsigned char> > const&)::{lambda(int, bool)#1})",307,12548005458111548,12548005458115515,0,0,48,0,128,128,1,1,896,1,1
"KERNEL_DISPATCH","Agent 1",1,0,46,308,184,"void at::native::vectorized_elementwise_kernel<4, at::native::float16_copy_kernel_cuda(at::TensorIteratorBase&)::{lambda(float)#1}, std::array<char*, 2ul> >(int, at::native::float16_copy_kernel_cuda(at::TensorIteratorBase&)::{lambda(float)#1}, std::array<char*, 2ul>)",308,12548005458273567,12548005458275575,0,0,16,0,128,256,1,1,256,1,1
"KERNEL_DISPATCH","Agent 1",1,0,46,309,161,"void at::native::vectorized_elementwise_kernel<4, at::native::float16tofloat32_copy_kernel_cuda(at::TensorIteratorBase&)::{lambda(c10::Half)#1}, std::array<char*, 2ul> >(int, at::native::float16tofloat32_copy_kernel_cuda(at::TensorIteratorBase&)::{lambda(c10::Half)#1}, std::array<char*, 2ul>)",309,12548005458383138,12548005458384688,0,0,16,0,128,256,1,1,1792,1,1
"KERNEL_DISPATCH","Agent 1",1,0,46,310,450,"void at::native::vectorized_elementwise_kernel<4, at::native::(anonymous namespace)::silu_kernel(at::TensorIteratorBase&)::{lambda()#1}::operator()() const::{lambda()#2}::operator()() const::{lambda(float)#1}, std::array<char*, 2ul> >(int, at::native::(anonymous namespace)::silu_kernel(at::TensorIteratorBase&)::{lambda()#1}::operator()() const::{lambda()#2}::operator()() const::{lambda(float)#1}, std::array<char*, 2ul>)",310,12548005458490118,12548005458492979,0,0,32,0,128,256,1,1,3584,1,1
"KERNEL_DISPATCH","Agent 1",1,0,46,311,161,"void at::native::vectorized_elementwise_kernel<4, at::native::float16tofloat32_copy_kernel_cuda(at::TensorIteratorBase&)::{lambda(c10::Half)#1}, std::array<char*, 2ul> >(int, at::native::float16tofloat32_copy_kernel_cuda(at::TensorIteratorBase&)::{lambda(c10::Half)#1}, std::array<char*, 2ul>)",311,12548005458638008,12548005458640755,0,0,16,0,128,256,1,1,1792,1,1
"KERNEL_DISPATCH","Agent 1",1,0,46,312,671,"void at::native::vectorized_elementwise_kernel<4, at::native::BinaryFunctor<float, float, float, at::native::binary_internal::MulFunctor<float> >, std::array<char*, 3ul> >(int, at::native::BinaryFunctor<float, float, float, at::native::binary_internal::MulFunctor<float> >, std::array<char*, 3ul>)",312,12548005458793300,12548005458795279,0,0,16,0,128,256,1,1,3584,1,1
"KERNEL_DISPATCH","Agent 1",1,0,46,313,184,"void at::native::vectorized_elementwise_kernel<4, at::native::float16_copy_kernel_cuda(at::TensorIteratorBase&)::{lambda(float)#1}, std::array<char*, 2ul> >(int, at::native::float16_copy_kernel_cuda(at::TensorIteratorBase&)::{lambda(float)#1}, std::array<char*, 2ul>)",313,12548005458897561,12548005458899326,0,0,16,0,128,256,1,1,1792,1,1
"KERNEL_DISPATCH","Agent 1",1,0,46,314,161,"void at::native::vectorized_elementwise_kernel<4, at::native::float16tofloat32_copy_kernel_cuda(at::TensorIteratorBase&)::{lambda(c10::Half)#1}, std::array<char*, 2ul> >(int, at::native::float16tofloat32_copy_kernel_cuda(at::TensorIteratorBase&)::{lambda(c10::Half)#1}, std::array<char*, 2ul>)",314,12548005458984342,12548005458993547,0,0,16,0,128,256,1,1,1792,1,1
"KERNEL_DISPATCH","Agent 1",1,0,46,315,688,"hadacore_fallback_fp32_kernel",315,12548005459099060,12548005459102382,0,0,16,0,128,128,1,1,7168,1,1
"KERNEL_DISPATCH","Agent 1",1,0,46,316,184,"void at::native::vectorized_elementwise_kernel<4, at::native::float16_copy_kernel_cuda(at::TensorIteratorBase&)::{lambda(float)#1}, std::array<char*, 2ul> >(int, at::native::float16_copy_kernel_cuda(at::TensorIteratorBase&)::{lambda(float)#1}, std::array<char*, 2ul>)",316,12548005459232618,12548005459235136,0,0,16,0,128,256,1,1,1792,1,1
"KERNEL_DISPATCH","Agent 1",1,0,46,317,161,"void at::native::vectorized_elementwise_kernel<4, at::native::float16tofloat32_copy_kernel_cuda(at::TensorIteratorBase&)::{lambda(c10::Half)#1}, std::array<char*, 2ul> >(int, at::native::float16tofloat32_copy_kernel_cuda(at::TensorIteratorBase&)::{lambda(c10::Half)#1}, std::array<char*, 2ul>)",317,12548005459379385,12548005459381278,0,0,16,0,128,256,1,1,1792,1,1
"KERNEL_DISPATCH","Agent 1",1,0,46,318,710,"void at::native::vectorized_elementwise_kernel<4, at::native::AbsFunctor<float>, std::array<char*, 2ul> >(int, at::native::AbsFunctor<float>, std::array<char*, 2ul>)",318,12548005459474823,12548005459476803,0,0,16,0,128,256,1,1,3584,1,1
"KERNEL_DISPATCH","Agent 1",1,0,46,319,776,"void at::native::reduce_kernel<512, 1, at::native::ReduceOp<float, at::native::func_wrapper_t<float, at::native::MaxNanFunctor<float> >, unsigned int, float, 4, 4> >(at::native::ReduceOp<float, at::native::func_wrapper_t<float, at::native::MaxNanFunctor<float> >, unsigned int, float, 4, 4>)",319,12548005459574781,12548005459578521,512,0,32,0,128,32,16,1,128,16,1
"KERNEL_DISPATCH","Agent 1",1,0,46,320,931,"void at::native::vectorized_elementwise_kernel<4, at::native::BUnaryFunctor<float, float, float, at::native::binary_internal::MulFunctor<float> >, std::array<char*, 2ul> >(int, at::native::BUnaryFunctor<float, float, float, at::native::binary_internal::MulFunctor<float> >, std::array<char*, 2ul>)",320,12548005459677423,12548005459679508,0,0,16,0,128,256,1,1,256,1,1
"KERNEL_DISPATCH","Agent 1",1,0,46,321,1065,"void at::native::vectorized_elementwise_kernel<4, at::native::(anonymous namespace)::launch_clamp_scalar(at::TensorIteratorBase&, c10::Scalar, c10::Scalar, at::native::detail::ClampLimits)::{lambda()#1}::operator()() const::{lambda()#7}::operator()() const::{lambda(float)#1}, std::array<char*, 2ul> >(int, at::native::(anonymous namespace)::launch_clamp_scalar(at::TensorIteratorBase&, c10::Scalar, c10::Scalar, at::native::detail::ClampLimits)::{lambda()#1}::operator()() const::{lambda()#7}::operator()() const::{lambda(float)#1}, std::array<char*, 2ul>)",321,12548005459786055,12548005459787891,0,0,16,0,128,256,1,1,256,1,1
"KERNEL_DISPATCH","Agent 1",1,0,46,322,1024,"void at::native::elementwise_kernel_manual_unroll<128, 4, at::native::gpu_kernel_impl_nocast<at::native::BinaryFunctor<float, float, float, at::native::binary_internal::DivFunctor<float> > >(at::TensorIteratorBase&, at::native::BinaryFunctor<float, float, float, at::native::binary_internal::DivFunctor<float> > const&)::{lambda(int, bool)#1}>(int, at::native::gpu_kernel_impl_nocast<at::native::BinaryFunctor<float, float, float, at::native::binary_internal::DivFunctor<float> > >(at::TensorIteratorBase&, at::native::BinaryFunctor<float, float, float, at::native::binary_internal::DivFunctor<float> > const&)::{lambda(int, bool)#1})",322,12548005459885996,12548005459888945,0,0,32,0,128,128,1,1,3584,1,1
"KERNEL_DISPATCH","Agent 1",1,0,46,323,1456,"void at::native::vectorized_elementwise_kernel<4, at::native::round_kernel_cuda(at::TensorIteratorBase&)::{lambda()#1}::operator()() const::{lambda()#2}::operator()() const::{lambda(float)#1}, std::array<char*, 2ul> >(int, at::native::round_kernel_cuda(at::TensorIteratorBase&)::{lambda()#1}::operator()() const::{lambda()#2}::operator()() const::{lambda(float)#1}, std::array<char*, 2ul>)",323,12548005459986747,12548005459988221,0,0,16,0,128,256,1,1,3584,1,1
"KERNEL_DISPATCH","Agent 1",1,0,46,324,1065,"void at::native::vectorized_elementwise_kernel<4, at::native::(anonymous namespace)::launch_clamp_scalar(at::TensorIteratorBase&, c10::Scalar, c10::Scalar, at::native::detail::ClampLimits)::{lambda()#1}::operator()() const::{lambda()#7}::operator()() const::{lambda(float)#1}, std::array<char*, 2ul> >(int, at::native::(anonymous namespace)::launch_clamp_scalar(at::TensorIteratorBase&, c10::Scalar, c10::Scalar, at::native::detail::ClampLimits)::{lambda()#1}::operator()() const::{lambda()#7}::operator()() const::{lambda(float)#1}, std::array<char*, 2ul>)",324,12548005460093080,12548005460095071,0,0,16,0,128,256,1,1,3584,1,1
"KERNEL_DISPATCH","Agent 1",1,0,46,325,260,"void at::native::elementwise_kernel_manual_unroll<128, 4, at::native::gpu_kernel_impl<at::native::direct_copy_kernel_cuda(at::TensorIteratorBase&)::{lambda()#3}::operator()() const::{lambda()#5}::operator()() const::{lambda(short)#1}>(at::TensorIteratorBase&, at::native::direct_copy_kernel_cuda(at::TensorIteratorBase&)::{lambda()#3}::operator()() const::{lambda()#5}::operator()() const::{lambda(short)#1} const&)::{lambda(int, bool)#1}>(int, at::native::gpu_kernel_impl<at::native::direct_copy_kernel_cuda(at::TensorIteratorBase&)::{lambda()#3}::operator()() const::{lambda()#5}::operator()() const::{lambda(short)#1}>(at::TensorIteratorBase&, at::native::direct_copy_kernel_cuda(at::TensorIteratorBase&)::{lambda()#3}::operator()() const::{lambda()#5}::operator()() const::{lambda(short)#1} const&)::{lambda(int, bool)#1})",325,12548005460200137,12548005460203332,0,0,16,0,128,128,1,1,3584,1,1
"KERNEL_DISPATCH","Agent 1",1,0,46,326,1879,"void at::native::vectorized_elementwise_kernel<8, at::native::CUDAFunctorOnSelf_add<short>, std::array<char*, 2ul> >(int, at::native::CUDAFunctorOnSelf_add<short>, std::array<char*, 2ul>)",326,12548005460296376,12548005460298012,0,0,16,0,128,256,1,1,1792,1,1
"KERNEL_DISPATCH","Agent 1",1,0,46,327,346,"void at::native::elementwise_kernel_manual_unroll<128, 4, at::native::gpu_kernel_impl<at::native::direct_copy_kernel_cuda(at::TensorIteratorBase&)::{lambda()#3}::operator()() const::{lambda()#1}::operator()() const::{lambda(unsigned char)#1}>(at::TensorIteratorBase&, at::native::direct_copy_kernel_cuda(at::TensorIteratorBase&)::{lambda()#3}::operator()() const::{lambda()#1}::operator()() const::{lambda(unsigned char)#1} const&)::{lambda(int, bool)#1}>(int, at::native::gpu_kernel_impl<at::native::direct_copy_kernel_cuda(at::TensorIteratorBase&)::{lambda()#3}::operator()() const::{lambda()#1}::operator()() const::{lambda(unsigned char)#1}>(at::TensorIteratorBase&, at::native::direct_copy_kernel_cuda(at::TensorIteratorBase&)::{lambda()#3}::operator()() const::{lambda()#1}::operator()() const::{lambda(unsigned char)#1} const&)::{lambda(int, bool)#1})",327,12548005460390355,12548005460393553,0,0,16,0,128,128,1,1,3584,1,1
"KERNEL_DISPATCH","Agent 1",1,0,46,328,2116,"void at::native::elementwise_kernel_manual_unroll<128, 8, at::native::gpu_kernel_impl_nocast<at::native::BUnaryFunctor<unsigned char, unsigned char, unsigned char, at::native::lshift_kernel_cuda(at::TensorIteratorBase&)::{lambda()#1}::operator()() const::{lambda()#1}::operator()() const::{lambda(unsigned char, unsigned char)#1}> >(at::TensorIteratorBase&, at::native::BUnaryFunctor<unsigned char, unsigned char, unsigned char, at::native::lshift_kernel_cuda(at::TensorIteratorBase&)::{lambda()#1}::operator()() const::{lambda()#1}::operator()() const::{lambda(unsigned char, unsigned char)#1}> const&)::{lambda(int, bool)#1}>(int, at::native::gpu_kernel_impl_nocast<at::native::BUnaryFunctor<unsigned char, unsigned char, unsigned char, at::native::lshift_kernel_cuda(at::TensorIteratorBase&)::{lambda()#1}::operator()() const::{lambda()#1}::operator()() const::{lambda(unsigned char, unsigned char)#1}> >(at::TensorIteratorBase&, at::native::BUnaryFunctor<unsigned char, unsigned char, unsigned char, at::native::lshift_kernel_cuda(at::TensorIteratorBase&)::{lambda()#1}::operator()() const::{lambda()#1}::operator()() const::{lambda(unsigned char, unsigned char)#1}> const&)::{lambda(int, bool)#1})",328,12548005460502174,12548005460505147,0,0,32,0,128,128,1,1,896,1,1
"KERNEL_DISPATCH","Agent 1",1,0,46,329,2262,"void at::native::elementwise_kernel_manual_unroll<128, 8, at::native::gpu_kernel_impl_nocast<at::native::BinaryFunctor<unsigned char, unsigned char, unsigned char, at::native::BitwiseOrFunctor<unsigned char> > >(at::TensorIteratorBase&, at::native::BinaryFunctor<unsigned char, unsigned char, unsigned char, at::native::BitwiseOrFunctor<unsigned char> > const&)::{lambda(int, bool)#1}>(int, at::native::gpu_kernel_impl_nocast<at::native::BinaryFunctor<unsigned char, unsigned char, unsigned char, at::native::BitwiseOrFunctor<unsigned char> > >(at::TensorIteratorBase&, at::native::BinaryFunctor<unsigned char, unsigned char, unsigned char, at::native::BitwiseOrFunctor<unsigned char> > const&)::{lambda(int, bool)#1})",329,12548005460598617,12548005460601851,0,0,48,0,128,128,1,1,896,1,1
"KERNEL_DISPATCH","Agent 1",1,0,46,330,184,"void at::native::vectorized_elementwise_kernel<4, at::native::float16_copy_kernel_cuda(at::TensorIteratorBase&)::{lambda(float)#1}, std::array<char*, 2ul> >(int, at::native::float16_copy_kernel_cuda(at::TensorIteratorBase&)::{lambda(float)#1}, std::array<char*, 2ul>)",330,12548005460697367,12548005460699184,0,0,16,0,128,256,1,1,256,1,1
"KERNEL_DISPATCH","Agent 1",1,0,46,331,161,"void at::native::vectorized_elementwise_kernel<4, at::native::float16tofloat32_copy_kernel_cuda(at::TensorIteratorBase&)::{lambda(c10::Half)#1}, std::array<char*, 2ul> >(int, at::native::float16tofloat32_copy_kernel_cuda(at::TensorIteratorBase&)::{lambda(c10::Half)#1}, std::array<char*, 2ul>)",331,12548005460795372,12548005460797119,0,0,16,0,128,256,1,1,1792,1,1
"KERNEL_DISPATCH","Agent 1",1,0,46,332,450,"void at::native::vectorized_elementwise_kernel<4, at::native::(anonymous namespace)::silu_kernel(at::TensorIteratorBase&)::{lambda()#1}::operator()() const::{lambda()#2}::operator()() const::{lambda(float)#1}, std::array<char*, 2ul> >(int, at::native::(anonymous namespace)::silu_kernel(at::TensorIteratorBase&)::{lambda()#1}::operator()() const::{lambda()#2}::operator()() const::{lambda(float)#1}, std::array<char*, 2ul>)",332,12548005460892804,12548005460894592,0,0,32,0,128,256,1,1,3584,1,1
"KERNEL_DISPATCH","Agent 1",1,0,46,333,161,"void at::native::vectorized_elementwise_kernel<4, at::native::float16tofloat32_copy_kernel_cuda(at::TensorIteratorBase&)::{lambda(c10::Half)#1}, std::array<char*, 2ul> >(int, at::native::float16tofloat32_copy_kernel_cuda(at::TensorIteratorBase&)::{lambda(c10::Half)#1}, std::array<char*, 2ul>)",333,12548005460996963,12548005460999363,0,0,16,0,128,256,1,1,1792,1,1
"KERNEL_DISPATCH","Agent 1",1,0,46,334,671,"void at::native::vectorized_elementwise_kernel<4, at::native::BinaryFunctor<float, float, float, at::native::binary_internal::MulFunctor<float> >, std::array<char*, 3ul> >(int, at::native::BinaryFunctor<float, float, float, at::native::binary_internal::MulFunctor<float> >, std::array<char*, 3ul>)",334,12548005461163222,12548005461165778,0,0,16,0,128,256,1,1,3584,1,1
"KERNEL_DISPATCH","Agent 1",1,0,46,335,184,"void at::native::vectorized_elementwise_kernel<4, at::native::float16_copy_kernel_cuda(at::TensorIteratorBase&)::{lambda(float)#1}, std::array<char*, 2ul> >(int, at::native::float16_copy_kernel_cuda(at::TensorIteratorBase&)::{lambda(float)#1}, std::array<char*, 2ul>)",335,12548005461318721,12548005461320328,0,0,16,0,128,256,1,1,1792,1,1
"KERNEL_DISPATCH","Agent 1",1,0,46,336,161,"void at::native::vectorized_elementwise_kernel<4, at::native::float16tofloat32_copy_kernel_cuda(at::TensorIteratorBase&)::{lambda(c10::Half)#1}, std::array<char*, 2ul> >(int, at::native::float16tofloat32_copy_kernel_cuda(at::TensorIteratorBase&)::{lambda(c10::Half)#1}, std::array<char*, 2ul>)",336,12548005462030929,12548005462032591,0,0,16,0,128,256,1,1,1792,1,1
"KERNEL_DISPATCH","Agent 1",1,0,46,337,688,"hadacore_fallback_fp32_kernel",337,12548005462143853,12548005462146335,0,0,16,0,128,128,1,1,7168,1,1
"KERNEL_DISPATCH","Agent 1",1,0,46,338,184,"void at::native::vectorized_elementwise_kernel<4, at::native::float16_copy_kernel_cuda(at::TensorIteratorBase&)::{lambda(float)#1}, std::array<char*, 2ul> >(int, at::native::float16_copy_kernel_cuda(at::TensorIteratorBase&)::{lambda(float)#1}, std::array<char*, 2ul>)",338,12548005462254836,12548005462256120,0,0,16,0,128,256,1,1,1792,1,1
"KERNEL_DISPATCH","Agent 1",1,0,46,339,161,"void at::native::vectorized_elementwise_kernel<4, at::native::float16tofloat32_copy_kernel_cuda(at::TensorIteratorBase&)::{lambda(c10::Half)#1}, std::array<char*, 2ul> >(int, at::native::float16tofloat32_copy_kernel_cuda(at::TensorIteratorBase&)::{lambda(c10::Half)#1}, std::array<char*, 2ul>)",339,12548005462368731,12548005462370792,0,0,16,0,128,256,1,1,1792,1,1
"KERNEL_DISPATCH","Agent 1",1,0,46,340,710,"void at::native::vectorized_elementwise_kernel<4, at::native::AbsFunctor<float>, std::array<char*, 2ul> >(int, at::native::AbsFunctor<float>, std::array<char*, 2ul>)",340,12548005462480347,12548005462483312,0,0,16,0,128,256,1,1,3584,1,1
"KERNEL_DISPATCH","Agent 1",1,0,46,341,776,"void at::native::reduce_kernel<512, 1, at::native::ReduceOp<float, at::native::func_wrapper_t<float, at::native::MaxNanFunctor<float> >, unsigned int, float, 4, 4> >(at::native::ReduceOp<float, at::native::func_wrapper_t<float, at::native::MaxNanFunctor<float> >, unsigned int, float, 4, 4>)",341,12548005462589750,12548005462595346,512,0,32,0,128,32,16,1,128,16,1
"KERNEL_DISPATCH","Agent 1",1,0,46,342,931,"void at::native::vectorized_elementwise_kernel<4, at::native::BUnaryFunctor<float, float, float, at::native::binary_internal::MulFunctor<float> >, std::array<char*, 2ul> >(int, at::native::BUnaryFunctor<float, float, float, at::native::binary_internal::MulFunctor<float> >, std::array<char*, 2ul>)",342,12548005462691875,12548005462693952,0,0,16,0,128,256,1,1,256,1,1
"KERNEL_DISPATCH","Agent 1",1,0,46,343,1065,"void at::native::vectorized_elementwise_kernel<4, at::native::(anonymous namespace)::launch_clamp_scalar(at::TensorIteratorBase&, c10::Scalar, c10::Scalar, at::native::detail::ClampLimits)::{lambda()#1}::operator()() const::{lambda()#7}::operator()() const::{lambda(float)#1}, std::array<char*, 2ul> >(int, at::native::(anonymous namespace)::launch_clamp_scalar(at::TensorIteratorBase&, c10::Scalar, c10::Scalar, at::native::detail::ClampLimits)::{lambda()#1}::operator()() const::{lambda()#7}::operator()() const::{lambda(float)#1}, std::array<char*, 2ul>)",343,12548005462788328,12548005462790248,0,0,16,0,128,256,1,1,256,1,1
"KERNEL_DISPATCH","Agent 1",1,0,46,344,1024,"void at::native::elementwise_kernel_manual_unroll<128, 4, at::native::gpu_kernel_impl_nocast<at::native::BinaryFunctor<float, float, float, at::native::binary_internal::DivFunctor<float> > >(at::TensorIteratorBase&, at::native::BinaryFunctor<float, float, float, at::native::binary_internal::DivFunctor<float> > const&)::{lambda(int, bool)#1}>(int, at::native::gpu_kernel_impl_nocast<at::native::BinaryFunctor<float, float, float, at::native::binary_internal::DivFunctor<float> > >(at::TensorIteratorBase&, at::native::BinaryFunctor<float, float, float, at::native::binary_internal::DivFunctor<float> > const&)::{lambda(int, bool)#1})",344,12548005462901431,12548005462904155,0,0,32,0,128,128,1,1,3584,1,1
"KERNEL_DISPATCH","Agent 1",1,0,46,345,1456,"void at::native::vectorized_elementwise_kernel<4, at::native::round_kernel_cuda(at::TensorIteratorBase&)::{lambda()#1}::operator()() const::{lambda()#2}::operator()() const::{lambda(float)#1}, std::array<char*, 2ul> >(int, at::native::round_kernel_cuda(at::TensorIteratorBase&)::{lambda()#1}::operator()() const::{lambda()#2}::operator()() const::{lambda(float)#1}, std::array<char*, 2ul>)",345,12548005462997361,12548005462999318,0,0,16,0,128,256,1,1,3584,1,1
"KERNEL_DISPATCH","Agent 1",1,0,46,346,1065,"void at::native::vectorized_elementwise_kernel<4, at::native::(anonymous namespace)::launch_clamp_scalar(at::TensorIteratorBase&, c10::Scalar, c10::Scalar, at::native::detail::ClampLimits)::{lambda()#1}::operator()() const::{lambda()#7}::operator()() const::{lambda(float)#1}, std::array<char*, 2ul> >(int, at::native::(anonymous namespace)::launch_clamp_scalar(at::TensorIteratorBase&, c10::Scalar, c10::Scalar, at::native::detail::ClampLimits)::{lambda()#1}::operator()() const::{lambda()#7}::operator()() const::{lambda(float)#1}, std::array<char*, 2ul>)",346,12548005463119208,12548005463121086,0,0,16,0,128,256,1,1,3584,1,1
"KERNEL_DISPATCH","Agent 1",1,0,46,347,260,"void at::native::elementwise_kernel_manual_unroll<128, 4, at::native::gpu_kernel_impl<at::native::direct_copy_kernel_cuda(at::TensorIteratorBase&)::{lambda()#3}::operator()() const::{lambda()#5}::operator()() const::{lambda(short)#1}>(at::TensorIteratorBase&, at::native::direct_copy_kernel_cuda(at::TensorIteratorBase&)::{lambda()#3}::operator()() const::{lambda()#5}::operator()() const::{lambda(short)#1} const&)::{lambda(int, bool)#1}>(int, at::native::gpu_kernel_impl<at::native::direct_copy_kernel_cuda(at::TensorIteratorBase&)::{lambda()#3}::operator()() const::{lambda()#5}::operator()() const::{lambda(short)#1}>(at::TensorIteratorBase&, at::native::direct_copy_kernel_cuda(at::TensorIteratorBase&)::{lambda()#3}::operator()() const::{lambda()#5}::operator()() const::{lambda(short)#1} const&)::{lambda(int, bool)#1})",347,12548005463216037,12548005463219209,0,0,16,0,128,128,1,1,3584,1,1
"KERNEL_DISPATCH","Agent 1",1,0,46,348,1879,"void at::native::vectorized_elementwise_kernel<8, at::native::CUDAFunctorOnSelf_add<short>, std::array<char*, 2ul> >(int, at::native::CUDAFunctorOnSelf_add<short>, std::array<char*, 2ul>)",348,12548005463315150,12548005463316887,0,0,16,0,128,256,1,1,1792,1,1
"KERNEL_DISPATCH","Agent 1",1,0,46,349,346,"void at::native::elementwise_kernel_manual_unroll<128, 4, at::native::gpu_kernel_impl<at::native::direct_copy_kernel_cuda(at::TensorIteratorBase&)::{lambda()#3}::operator()() const::{lambda()#1}::operator()() const::{lambda(unsigned char)#1}>(at::TensorIteratorBase&, at::native::direct_copy_kernel_cuda(at::TensorIteratorBase&)::{lambda()#3}::operator()() const::{lambda()#1}::operator()() const::{lambda(unsigned char)#1} const&)::{lambda(int, bool)#1}>(int, at::native::gpu_kernel_impl<at::native::direct_copy_kernel_cuda(at::TensorIteratorBase&)::{lambda()#3}::operator()() const::{lambda()#1}::operator()() const::{lambda(unsigned char)#1}>(at::TensorIteratorBase&, at::native::direct_copy_kernel_cuda(at::TensorIteratorBase&)::{lambda()#3}::operator()() const::{lambda()#1}::operator()() const::{lambda(unsigned char)#1} const&)::{lambda(int, bool)#1})",349,12548005463431648,12548005463435020,0,0,16,0,128,128,1,1,3584,1,1
"KERNEL_DISPATCH","Agent 1",1,0,46,350,2116,"void at::native::elementwise_kernel_manual_unroll<128, 8, at::native::gpu_kernel_impl_nocast<at::native::BUnaryFunctor<unsigned char, unsigned char, unsigned char, at::native::lshift_kernel_cuda(at::TensorIteratorBase&)::{lambda()#1}::operator()() const::{lambda()#1}::operator()() const::{lambda(unsigned char, unsigned char)#1}> >(at::TensorIteratorBase&, at::native::BUnaryFunctor<unsigned char, unsigned char, unsigned char, at::native::lshift_kernel_cuda(at::TensorIteratorBase&)::{lambda()#1}::operator()() const::{lambda()#1}::operator()() const::{lambda(unsigned char, unsigned char)#1}> const&)::{lambda(int, bool)#1}>(int, at::native::gpu_kernel_impl_nocast<at::native::BUnaryFunctor<unsigned char, unsigned char, unsigned char, at::native::lshift_kernel_cuda(at::TensorIteratorBase&)::{lambda()#1}::operator()() const::{lambda()#1}::operator()() const::{lambda(unsigned char, unsigned char)#1}> >(at::TensorIteratorBase&, at::native::BUnaryFunctor<unsigned char, unsigned char, unsigned char, at::native::lshift_kernel_cuda(at::TensorIteratorBase&)::{lambda()#1}::operator()() const::{lambda()#1}::operator()() const::{lambda(unsigned char, unsigned char)#1}> const&)::{lambda(int, bool)#1})",350,12548005463531378,12548005463534371,0,0,32,0,128,128,1,1,896,1,1
"KERNEL_DISPATCH","Agent 1",1,0,46,351,2262,"void at::native::elementwise_kernel_manual_unroll<128, 8, at::native::gpu_kernel_impl_nocast<at::native::BinaryFunctor<unsigned char, unsigned char, unsigned char, at::native::BitwiseOrFunctor<unsigned char> > >(at::TensorIteratorBase&, at::native::BinaryFunctor<unsigned char, unsigned char, unsigned char, at::native::BitwiseOrFunctor<unsigned char> > const&)::{lambda(int, bool)#1}>(int, at::native::gpu_kernel_impl_nocast<at::native::BinaryFunctor<unsigned char, unsigned char, unsigned char, at::native::BitwiseOrFunctor<unsigned char> > >(at::TensorIteratorBase&, at::native::BinaryFunctor<unsigned char, unsigned char, unsigned char, at::native::BitwiseOrFunctor<unsigned char> > const&)::{lambda(int, bool)#1})",351,12548005463643065,12548005463645286,0,0,48,0,128,128,1,1,896,1,1
"KERNEL_DISPATCH","Agent 1",1,0,46,352,184,"void at::native::vectorized_elementwise_kernel<4, at::native::float16_copy_kernel_cuda(at::TensorIteratorBase&)::{lambda(float)#1}, std::array<char*, 2ul> >(int, at::native::float16_copy_kernel_cuda(at::TensorIteratorBase&)::{lambda(float)#1}, std::array<char*, 2ul>)",352,12548005463833077,12548005463835743,0,0,16,0,128,256,1,1,256,1,1
"KERNEL_DISPATCH","Agent 1",1,0,46,353,161,"void at::native::vectorized_elementwise_kernel<4, at::native::float16tofloat32_copy_kernel_cuda(at::TensorIteratorBase&)::{lambda(c10::Half)#1}, std::array<char*, 2ul> >(int, at::native::float16tofloat32_copy_kernel_cuda(at::TensorIteratorBase&)::{lambda(c10::Half)#1}, std::array<char*, 2ul>)",353,12548005463977959,12548005463980019,0,0,16,0,128,256,1,1,1792,1,1
"KERNEL_DISPATCH","Agent 1",1,0,46,354,450,"void at::native::vectorized_elementwise_kernel<4, at::native::(anonymous namespace)::silu_kernel(at::TensorIteratorBase&)::{lambda()#1}::operator()() const::{lambda()#2}::operator()() const::{lambda(float)#1}, std::array<char*, 2ul> >(int, at::native::(anonymous namespace)::silu_kernel(at::TensorIteratorBase&)::{lambda()#1}::operator()() const::{lambda()#2}::operator()() const::{lambda(float)#1}, std::array<char*, 2ul>)",354,12548005464105762,12548005464107941,0,0,32,0,128,256,1,1,3584,1,1
"KERNEL_DISPATCH","Agent 1",1,0,46,355,161,"void at::native::vectorized_elementwise_kernel<4, at::native::float16tofloat32_copy_kernel_cuda(at::TensorIteratorBase&)::{lambda(c10::Half)#1}, std::array<char*, 2ul> >(int, at::native::float16tofloat32_copy_kernel_cuda(at::TensorIteratorBase&)::{lambda(c10::Half)#1}, std::array<char*, 2ul>)",355,12548005464201740,12548005464203973,0,0,16,0,128,256,1,1,1792,1,1
"KERNEL_DISPATCH","Agent 1",1,0,46,356,671,"void at::native::vectorized_elementwise_kernel<4, at::native::BinaryFunctor<float, float, float, at::native::binary_internal::MulFunctor<float> >, std::array<char*, 3ul> >(int, at::native::BinaryFunctor<float, float, float, at::native::binary_internal::MulFunctor<float> >, std::array<char*, 3ul>)",356,12548005464301917,12548005464303833,0,0,16,0,128,256,1,1,3584,1,1
"KERNEL_DISPATCH","Agent 1",1,0,46,357,184,"void at::native::vectorized_elementwise_kernel<4, at::native::float16_copy_kernel_cuda(at::TensorIteratorBase&)::{lambda(float)#1}, std::array<char*, 2ul> >(int, at::native::float16_copy_kernel_cuda(at::TensorIteratorBase&)::{lambda(float)#1}, std::array<char*, 2ul>)",357,12548005464403415,12548005464405277,0,0,16,0,128,256,1,1,1792,1,1
"KERNEL_DISPATCH","Agent 1",1,0,46,358,161,"void at::native::vectorized_elementwise_kernel<4, at::native::float16tofloat32_copy_kernel_cuda(at::TensorIteratorBase&)::{lambda(c10::Half)#1}, std::array<char*, 2ul> >(int, at::native::float16tofloat32_copy_kernel_cuda(at::TensorIteratorBase&)::{lambda(c10::Half)#1}, std::array<char*, 2ul>)",358,12548005464510335,12548005464511822,0,0,16,0,128,256,1,1,1792,1,1
"KERNEL_DISPATCH","Agent 1",1,0,46,359,688,"hadacore_fallback_fp32_kernel",359,12548005464611085,12548005464613895,0,0,16,0,128,128,1,1,7168,1,1
"KERNEL_DISPATCH","Agent 1",1,0,46,360,184,"void at::native::vectorized_elementwise_kernel<4, at::native::float16_copy_kernel_cuda(at::TensorIteratorBase&)::{lambda(float)#1}, std::array<char*, 2ul> >(int, at::native::float16_copy_kernel_cuda(at::TensorIteratorBase&)::{lambda(float)#1}, std::array<char*, 2ul>)",360,12548005464715351,12548005464717023,0,0,16,0,128,256,1,1,1792,1,1
"KERNEL_DISPATCH","Agent 1",1,0,46,361,161,"void at::native::vectorized_elementwise_kernel<4, at::native::float16tofloat32_copy_kernel_cuda(at::TensorIteratorBase&)::{lambda(c10::Half)#1}, std::array<char*, 2ul> >(int, at::native::float16tofloat32_copy_kernel_cuda(at::TensorIteratorBase&)::{lambda(c10::Half)#1}, std::array<char*, 2ul>)",361,12548005464818305,12548005464819943,0,0,16,0,128,256,1,1,1792,1,1
"KERNEL_DISPATCH","Agent 1",1,0,46,362,710,"void at::native::vectorized_elementwise_kernel<4, at::native::AbsFunctor<float>, std::array<char*, 2ul> >(int, at::native::AbsFunctor<float>, std::array<char*, 2ul>)",362,12548005464919766,12548005464921578,0,0,16,0,128,256,1,1,3584,1,1
"KERNEL_DISPATCH","Agent 1",1,0,46,363,776,"void at::native::reduce_kernel<512, 1, at::native::ReduceOp<float, at::native::func_wrapper_t<float, at::native::MaxNanFunctor<float> >, unsigned int, float, 4, 4> >(at::native::ReduceOp<float, at::native::func_wrapper_t<float, at::native::MaxNanFunctor<float> >, unsigned int, float, 4, 4>)",363,12548005465026986,12548005465030729,512,0,32,0,128,32,16,1,128,16,1
"KERNEL_DISPATCH","Agent 1",1,0,46,364,931,"void at::native::vectorized_elementwise_kernel<4, at::native::BUnaryFunctor<float, float, float, at::native::binary_internal::MulFunctor<float> >, std::array<char*, 2ul> >(int, at::native::BUnaryFunctor<float, float, float, at::native::binary_internal::MulFunctor<float> >, std::array<char*, 2ul>)",364,12548005465130616,12548005465132726,0,0,16,0,128,256,1,1,256,1,1
"KERNEL_DISPATCH","Agent 1",1,0,46,365,1065,"void at::native::vectorized_elementwise_kernel<4, at::native::(anonymous namespace)::launch_clamp_scalar(at::TensorIteratorBase&, c10::Scalar, c10::Scalar, at::native::detail::ClampLimits)::{lambda()#1}::operator()() const::{lambda()#7}::operator()() const::{lambda(float)#1}, std::array<char*, 2ul> >(int, at::native::(anonymous namespace)::launch_clamp_scalar(at::TensorIteratorBase&, c10::Scalar, c10::Scalar, at::native::detail::ClampLimits)::{lambda()#1}::operator()() const::{lambda()#7}::operator()() const::{lambda(float)#1}, std::array<char*, 2ul>)",365,12548005465259021,12548005465261398,0,0,16,0,128,256,1,1,256,1,1
"KERNEL_DISPATCH","Agent 1",1,0,46,366,1024,"void at::native::elementwise_kernel_manual_unroll<128, 4, at::native::gpu_kernel_impl_nocast<at::native::BinaryFunctor<float, float, float, at::native::binary_internal::DivFunctor<float> > >(at::TensorIteratorBase&, at::native::BinaryFunctor<float, float, float, at::native::binary_internal::DivFunctor<float> > const&)::{lambda(int, bool)#1}>(int, at::native::gpu_kernel_impl_nocast<at::native::BinaryFunctor<float, float, float, at::native::binary_internal::DivFunctor<float> > >(at::TensorIteratorBase&, at::native::BinaryFunctor<float, float, float, at::native::binary_internal::DivFunctor<float> > const&)::{lambda(int, bool)#1})",366,12548005465381992,12548005465384783,0,0,32,0,128,128,1,1,3584,1,1
"KERNEL_DISPATCH","Agent 1",1,0,46,367,1456,"void at::native::vectorized_elementwise_kernel<4, at::native::round_kernel_cuda(at::TensorIteratorBase&)::{lambda()#1}::operator()() const::{lambda()#2}::operator()() const::{lambda(float)#1}, std::array<char*, 2ul> >(int, at::native::round_kernel_cuda(at::TensorIteratorBase&)::{lambda()#1}::operator()() const::{lambda()#2}::operator()() const::{lambda(float)#1}, std::array<char*, 2ul>)",367,12548005465492009,12548005465493874,0,0,16,0,128,256,1,1,3584,1,1
"KERNEL_DISPATCH","Agent 1",1,0,46,368,1065,"void at::native::vectorized_elementwise_kernel<4, at::native::(anonymous namespace)::launch_clamp_scalar(at::TensorIteratorBase&, c10::Scalar, c10::Scalar, at::native::detail::ClampLimits)::{lambda()#1}::operator()() const::{lambda()#7}::operator()() const::{lambda(float)#1}, std::array<char*, 2ul> >(int, at::native::(anonymous namespace)::launch_clamp_scalar(at::TensorIteratorBase&, c10::Scalar, c10::Scalar, at::native::detail::ClampLimits)::{lambda()#1}::operator()() const::{lambda()#7}::operator()() const::{lambda(float)#1}, std::array<char*, 2ul>)",368,12548005465619356,12548005465621378,0,0,16,0,128,256,1,1,3584,1,1
"KERNEL_DISPATCH","Agent 1",1,0,46,369,260,"void at::native::elementwise_kernel_manual_unroll<128, 4, at::native::gpu_kernel_impl<at::native::direct_copy_kernel_cuda(at::TensorIteratorBase&)::{lambda()#3}::operator()() const::{lambda()#5}::operator()() const::{lambda(short)#1}>(at::TensorIteratorBase&, at::native::direct_copy_kernel_cuda(at::TensorIteratorBase&)::{lambda()#3}::operator()() const::{lambda()#5}::operator()() const::{lambda(short)#1} const&)::{lambda(int, bool)#1}>(int, at::native::gpu_kernel_impl<at::native::direct_copy_kernel_cuda(at::TensorIteratorBase&)::{lambda()#3}::operator()() const::{lambda()#5}::operator()() const::{lambda(short)#1}>(at::TensorIteratorBase&, at::native::direct_copy_kernel_cuda(at::TensorIteratorBase&)::{lambda()#3}::operator()() const::{lambda()#5}::operator()() const::{lambda(short)#1} const&)::{lambda(int, bool)#1})",369,12548005465724104,12548005465727331,0,0,16,0,128,128,1,1,3584,1,1
"KERNEL_DISPATCH","Agent 1",1,0,46,370,1879,"void at::native::vectorized_elementwise_kernel<8, at::native::CUDAFunctorOnSelf_add<short>, std::array<char*, 2ul> >(int, at::native::CUDAFunctorOnSelf_add<short>, std::array<char*, 2ul>)",370,12548005465852950,12548005465854427,0,0,16,0,128,256,1,1,1792,1,1
"KERNEL_DISPATCH","Agent 1",1,0,46,371,346,"void at::native::elementwise_kernel_manual_unroll<128, 4, at::native::gpu_kernel_impl<at::native::direct_copy_kernel_cuda(at::TensorIteratorBase&)::{lambda()#3}::operator()() const::{lambda()#1}::operator()() const::{lambda(unsigned char)#1}>(at::TensorIteratorBase&, at::native::direct_copy_kernel_cuda(at::TensorIteratorBase&)::{lambda()#3}::operator()() const::{lambda()#1}::operator()() const::{lambda(unsigned char)#1} const&)::{lambda(int, bool)#1}>(int, at::native::gpu_kernel_impl<at::native::direct_copy_kernel_cuda(at::TensorIteratorBase&)::{lambda()#3}::operator()() const::{lambda()#1}::operator()() const::{lambda(unsigned char)#1}>(at::TensorIteratorBase&, at::native::direct_copy_kernel_cuda(at::TensorIteratorBase&)::{lambda()#3}::operator()() const::{lambda()#1}::operator()() const::{lambda(unsigned char)#1} const&)::{lambda(int, bool)#1})",371,12548005465970170,12548005465973271,0,0,16,0,128,128,1,1,3584,1,1
"KERNEL_DISPATCH","Agent 1",1,0,46,372,2116,"void at::native::elementwise_kernel_manual_unroll<128, 8, at::native::gpu_kernel_impl_nocast<at::native::BUnaryFunctor<unsigned char, unsigned char, unsigned char, at::native::lshift_kernel_cuda(at::TensorIteratorBase&)::{lambda()#1}::operator()() const::{lambda()#1}::operator()() const::{lambda(unsigned char, unsigned char)#1}> >(at::TensorIteratorBase&, at::native::BUnaryFunctor<unsigned char, unsigned char, unsigned char, at::native::lshift_kernel_cuda(at::TensorIteratorBase&)::{lambda()#1}::operator()() const::{lambda()#1}::operator()() const::{lambda(unsigned char, unsigned char)#1}> const&)::{lambda(int, bool)#1}>(int, at::native::gpu_kernel_impl_nocast<at::native::BUnaryFunctor<unsigned char, unsigned char, unsigned char, at::native::lshift_kernel_cuda(at::TensorIteratorBase&)::{lambda()#1}::operator()() const::{lambda()#1}::operator()() const::{lambda(unsigned char, unsigned char)#1}> >(at::TensorIteratorBase&, at::native::BUnaryFunctor<unsigned char, unsigned char, unsigned char, at::native::lshift_kernel_cuda(at::TensorIteratorBase&)::{lambda()#1}::operator()() const::{lambda()#1}::operator()() const::{lambda(unsigned char, unsigned char)#1}> const&)::{lambda(int, bool)#1})",372,12548005466147599,12548005466150576,0,0,32,0,128,128,1,1,896,1,1
"KERNEL_DISPATCH","Agent 1",1,0,46,373,2262,"void at::native::elementwise_kernel_manual_unroll<128, 8, at::native::gpu_kernel_impl_nocast<at::native::BinaryFunctor<unsigned char, unsigned char, unsigned char, at::native::BitwiseOrFunctor<unsigned char> > >(at::TensorIteratorBase&, at::native::BinaryFunctor<unsigned char, unsigned char, unsigned char, at::native::BitwiseOrFunctor<unsigned char> > const&)::{lambda(int, bool)#1}>(int, at::native::gpu_kernel_impl_nocast<at::native::BinaryFunctor<unsigned char, unsigned char, unsigned char, at::native::BitwiseOrFunctor<unsigned char> > >(at::TensorIteratorBase&, at::native::BinaryFunctor<unsigned char, unsigned char, unsigned char, at::native::BitwiseOrFunctor<unsigned char> > const&)::{lambda(int, bool)#1})",373,12548005466254246,12548005466257159,0,0,48,0,128,128,1,1,896,1,1
"KERNEL_DISPATCH","Agent 1",1,0,46,374,184,"void at::native::vectorized_elementwise_kernel<4, at::native::float16_copy_kernel_cuda(at::TensorIteratorBase&)::{lambda(float)#1}, std::array<char*, 2ul> >(int, at::native::float16_copy_kernel_cuda(at::TensorIteratorBase&)::{lambda(float)#1}, std::array<char*, 2ul>)",374,12548005466366938,12548005466368653,0,0,16,0,128,256,1,1,256,1,1
"KERNEL_DISPATCH","Agent 1",1,0,46,375,161,"void at::native::vectorized_elementwise_kernel<4, at::native::float16tofloat32_copy_kernel_cuda(at::TensorIteratorBase&)::{lambda(c10::Half)#1}, std::array<char*, 2ul> >(int, at::native::float16tofloat32_copy_kernel_cuda(at::TensorIteratorBase&)::{lambda(c10::Half)#1}, std::array<char*, 2ul>)",375,12548005466480059,12548005466481714,0,0,16,0,128,256,1,1,1792,1,1
"KERNEL_DISPATCH","Agent 1",1,0,46,376,450,"void at::native::vectorized_elementwise_kernel<4, at::native::(anonymous namespace)::silu_kernel(at::TensorIteratorBase&)::{lambda()#1}::operator()() const::{lambda()#2}::operator()() const::{lambda(float)#1}, std::array<char*, 2ul> >(int, at::native::(anonymous namespace)::silu_kernel(at::TensorIteratorBase&)::{lambda()#1}::operator()() const::{lambda()#2}::operator()() const::{lambda(float)#1}, std::array<char*, 2ul>)",376,12548005466576769,12548005466578553,0,0,32,0,128,256,1,1,3584,1,1
"KERNEL_DISPATCH","Agent 1",1,0,46,377,161,"void at::native::vectorized_elementwise_kernel<4, at::native::float16tofloat32_copy_kernel_cuda(at::TensorIteratorBase&)::{lambda(c10::Half)#1}, std::array<char*, 2ul> >(int, at::native::float16tofloat32_copy_kernel_cuda(at::TensorIteratorBase&)::{lambda(c10::Half)#1}, std::array<char*, 2ul>)",377,12548005466673245,12548005466675107,0,0,16,0,128,256,1,1,1792,1,1
"KERNEL_DISPATCH","Agent 1",1,0,46,378,671,"void at::native::vectorized_elementwise_kernel<4, at::native::BinaryFunctor<float, float, float, at::native::binary_internal::MulFunctor<float> >, std::array<char*, 3ul> >(int, at::native::BinaryFunctor<float, float, float, at::native::binary_internal::MulFunctor<float> >, std::array<char*, 3ul>)",378,12548005466769841,12548005466771940,0,0,16,0,128,256,1,1,3584,1,1
"KERNEL_DISPATCH","Agent 1",1,0,46,379,184,"void at::native::vectorized_elementwise_kernel<4, at::native::float16_copy_kernel_cuda(at::TensorIteratorBase&)::{lambda(float)#1}, std::array<char*, 2ul> >(int, at::native::float16_copy_kernel_cuda(at::TensorIteratorBase&)::{lambda(float)#1}, std::array<char*, 2ul>)",379,12548005466866008,12548005466868039,0,0,16,0,128,256,1,1,1792,1,1
"KERNEL_DISPATCH","Agent 1",1,0,46,380,161,"void at::native::vectorized_elementwise_kernel<4, at::native::float16tofloat32_copy_kernel_cuda(at::TensorIteratorBase&)::{lambda(c10::Half)#1}, std::array<char*, 2ul> >(int, at::native::float16tofloat32_copy_kernel_cuda(at::TensorIteratorBase&)::{lambda(c10::Half)#1}, std::array<char*, 2ul>)",380,12548005466987694,12548005466989473,0,0,16,0,128,256,1,1,1792,1,1
"KERNEL_DISPATCH","Agent 1",1,0,46,381,688,"hadacore_fallback_fp32_kernel",381,12548005467116999,12548005467119992,0,0,16,0,128,128,1,1,7168,1,1
"KERNEL_DISPATCH","Agent 1",1,0,46,382,184,"void at::native::vectorized_elementwise_kernel<4, at::native::float16_copy_kernel_cuda(at::TensorIteratorBase&)::{lambda(float)#1}, std::array<char*, 2ul> >(int, at::native::float16_copy_kernel_cuda(at::TensorIteratorBase&)::{lambda(float)#1}, std::array<char*, 2ul>)",382,12548005467213808,12548005467215609,0,0,16,0,128,256,1,1,1792,1,1
"KERNEL_DISPATCH","Agent 1",1,0,46,383,161,"void at::native::vectorized_elementwise_kernel<4, at::native::float16tofloat32_copy_kernel_cuda(at::TensorIteratorBase&)::{lambda(c10::Half)#1}, std::array<char*, 2ul> >(int, at::native::float16tofloat32_copy_kernel_cuda(at::TensorIteratorBase&)::{lambda(c10::Half)#1}, std::array<char*, 2ul>)",383,12548005467325962,12548005467327729,0,0,16,0,128,256,1,1,1792,1,1
"KERNEL_DISPATCH","Agent 1",1,0,46,384,710,"void at::native::vectorized_elementwise_kernel<4, at::native::AbsFunctor<float>, std::array<char*, 2ul> >(int, at::native::AbsFunctor<float>, std::array<char*, 2ul>)",384,12548005467434216,12548005467436014,0,0,16,0,128,256,1,1,3584,1,1
"KERNEL_DISPATCH","Agent 1",1,0,46,385,776,"void at::native::reduce_kernel<512, 1, at::native::ReduceOp<float, at::native::func_wrapper_t<float, at::native::MaxNanFunctor<float> >, unsigned int, float, 4, 4> >(at::native::ReduceOp<float, at::native::func_wrapper_t<float, at::native::MaxNanFunctor<float> >, unsigned int, float, 4, 4>)",385,12548005467539437,12548005467542850,512,0,32,0,128,32,16,1,128,16,1
"KERNEL_DISPATCH","Agent 1",1,0,46,386,931,"void at::native::vectorized_elementwise_kernel<4, at::native::BUnaryFunctor<float, float, float, at::native::binary_internal::MulFunctor<float> >, std::array<char*, 2ul> >(int, at::native::BUnaryFunctor<float, float, float, at::native::binary_internal::MulFunctor<float> >, std::array<char*, 2ul>)",386,12548005467650279,12548005467652013,0,0,16,0,128,256,1,1,256,1,1
"KERNEL_DISPATCH","Agent 1",1,0,46,387,1065,"void at::native::vectorized_elementwise_kernel<4, at::native::(anonymous namespace)::launch_clamp_scalar(at::TensorIteratorBase&, c10::Scalar, c10::Scalar, at::native::detail::ClampLimits)::{lambda()#1}::operator()() const::{lambda()#7}::operator()() const::{lambda(float)#1}, std::array<char*, 2ul> >(int, at::native::(anonymous namespace)::launch_clamp_scalar(at::TensorIteratorBase&, c10::Scalar, c10::Scalar, at::native::detail::ClampLimits)::{lambda()#1}::operator()() const::{lambda()#7}::operator()() const::{lambda(float)#1}, std::array<char*, 2ul>)",387,12548005467759692,12548005467761404,0,0,16,0,128,256,1,1,256,1,1
"KERNEL_DISPATCH","Agent 1",1,0,46,388,1024,"void at::native::elementwise_kernel_manual_unroll<128, 4, at::native::gpu_kernel_impl_nocast<at::native::BinaryFunctor<float, float, float, at::native::binary_internal::DivFunctor<float> > >(at::TensorIteratorBase&, at::native::BinaryFunctor<float, float, float, at::native::binary_internal::DivFunctor<float> > const&)::{lambda(int, bool)#1}>(int, at::native::gpu_kernel_impl_nocast<at::native::BinaryFunctor<float, float, float, at::native::binary_internal::DivFunctor<float> > >(at::TensorIteratorBase&, at::native::BinaryFunctor<float, float, float, at::native::binary_internal::DivFunctor<float> > const&)::{lambda(int, bool)#1})",388,12548005467868059,12548005467870951,0,0,32,0,128,128,1,1,3584,1,1
"KERNEL_DISPATCH","Agent 1",1,0,46,389,1456,"void at::native::vectorized_elementwise_kernel<4, at::native::round_kernel_cuda(at::TensorIteratorBase&)::{lambda()#1}::operator()() const::{lambda()#2}::operator()() const::{lambda(float)#1}, std::array<char*, 2ul> >(int, at::native::round_kernel_cuda(at::TensorIteratorBase&)::{lambda()#1}::operator()() const::{lambda()#2}::operator()() const::{lambda(float)#1}, std::array<char*, 2ul>)",389,12548005467979237,12548005467981530,0,0,16,0,128,256,1,1,3584,1,1
"KERNEL_DISPATCH","Agent 1",1,0,46,390,1065,"void at::native::vectorized_elementwise_kernel<4, at::native::(anonymous namespace)::launch_clamp_scalar(at::TensorIteratorBase&, c10::Scalar, c10::Scalar, at::native::detail::ClampLimits)::{lambda()#1}::operator()() const::{lambda()#7}::operator()() const::{lambda(float)#1}, std::array<char*, 2ul> >(int, at::native::(anonymous namespace)::launch_clamp_scalar(at::TensorIteratorBase&, c10::Scalar, c10::Scalar, at::native::detail::ClampLimits)::{lambda()#1}::operator()() const::{lambda()#7}::operator()() const::{lambda(float)#1}, std::array<char*, 2ul>)",390,12548005468101114,12548005468103348,0,0,16,0,128,256,1,1,3584,1,1
"KERNEL_DISPATCH","Agent 1",1,0,46,391,260,"void at::native::elementwise_kernel_manual_unroll<128, 4, at::native::gpu_kernel_impl<at::native::direct_copy_kernel_cuda(at::TensorIteratorBase&)::{lambda()#3}::operator()() const::{lambda()#5}::operator()() const::{lambda(short)#1}>(at::TensorIteratorBase&, at::native::direct_copy_kernel_cuda(at::TensorIteratorBase&)::{lambda()#3}::operator()() const::{lambda()#5}::operator()() const::{lambda(short)#1} const&)::{lambda(int, bool)#1}>(int, at::native::gpu_kernel_impl<at::native::direct_copy_kernel_cuda(at::TensorIteratorBase&)::{lambda()#3}::operator()() const::{lambda()#5}::operator()() const::{lambda(short)#1}>(at::TensorIteratorBase&, at::native::direct_copy_kernel_cuda(at::TensorIteratorBase&)::{lambda()#3}::operator()() const::{lambda()#5}::operator()() const::{lambda(short)#1} const&)::{lambda(int, bool)#1})",391,12548005468214616,12548005468217525,0,0,16,0,128,128,1,1,3584,1,1
"KERNEL_DISPATCH","Agent 1",1,0,46,392,1879,"void at::native::vectorized_elementwise_kernel<8, at::native::CUDAFunctorOnSelf_add<short>, std::array<char*, 2ul> >(int, at::native::CUDAFunctorOnSelf_add<short>, std::array<char*, 2ul>)",392,12548005468319688,12548005468321711,0,0,16,0,128,256,1,1,1792,1,1
"KERNEL_DISPATCH","Agent 1",1,0,46,393,346,"void at::native::elementwise_kernel_manual_unroll<128, 4, at::native::gpu_kernel_impl<at::native::direct_copy_kernel_cuda(at::TensorIteratorBase&)::{lambda()#3}::operator()() const::{lambda()#1}::operator()() const::{lambda(unsigned char)#1}>(at::TensorIteratorBase&, at::native::direct_copy_kernel_cuda(at::TensorIteratorBase&)::{lambda()#3}::operator()() const::{lambda()#1}::operator()() const::{lambda(unsigned char)#1} const&)::{lambda(int, bool)#1}>(int, at::native::gpu_kernel_impl<at::native::direct_copy_kernel_cuda(at::TensorIteratorBase&)::{lambda()#3}::operator()() const::{lambda()#1}::operator()() const::{lambda(unsigned char)#1}>(at::TensorIteratorBase&, at::native::direct_copy_kernel_cuda(at::TensorIteratorBase&)::{lambda()#3}::operator()() const::{lambda()#1}::operator()() const::{lambda(unsigned char)#1} const&)::{lambda(int, bool)#1})",393,12548005468426806,12548005468430044,0,0,16,0,128,128,1,1,3584,1,1
"KERNEL_DISPATCH","Agent 1",1,0,46,394,2116,"void at::native::elementwise_kernel_manual_unroll<128, 8, at::native::gpu_kernel_impl_nocast<at::native::BUnaryFunctor<unsigned char, unsigned char, unsigned char, at::native::lshift_kernel_cuda(at::TensorIteratorBase&)::{lambda()#1}::operator()() const::{lambda()#1}::operator()() const::{lambda(unsigned char, unsigned char)#1}> >(at::TensorIteratorBase&, at::native::BUnaryFunctor<unsigned char, unsigned char, unsigned char, at::native::lshift_kernel_cuda(at::TensorIteratorBase&)::{lambda()#1}::operator()() const::{lambda()#1}::operator()() const::{lambda(unsigned char, unsigned char)#1}> const&)::{lambda(int, bool)#1}>(int, at::native::gpu_kernel_impl_nocast<at::native::BUnaryFunctor<unsigned char, unsigned char, unsigned char, at::native::lshift_kernel_cuda(at::TensorIteratorBase&)::{lambda()#1}::operator()() const::{lambda()#1}::operator()() const::{lambda(unsigned char, unsigned char)#1}> >(at::TensorIteratorBase&, at::native::BUnaryFunctor<unsigned char, unsigned char, unsigned char, at::native::lshift_kernel_cuda(at::TensorIteratorBase&)::{lambda()#1}::operator()() const::{lambda()#1}::operator()() const::{lambda(unsigned char, unsigned char)#1}> const&)::{lambda(int, bool)#1})",394,12548005468536314,12548005468539253,0,0,32,0,128,128,1,1,896,1,1
"KERNEL_DISPATCH","Agent 1",1,0,46,395,2262,"void at::native::elementwise_kernel_manual_unroll<128, 8, at::native::gpu_kernel_impl_nocast<at::native::BinaryFunctor<unsigned char, unsigned char, unsigned char, at::native::BitwiseOrFunctor<unsigned char> > >(at::TensorIteratorBase&, at::native::BinaryFunctor<unsigned char, unsigned char, unsigned char, at::native::BitwiseOrFunctor<unsigned char> > const&)::{lambda(int, bool)#1}>(int, at::native::gpu_kernel_impl_nocast<at::native::BinaryFunctor<unsigned char, unsigned char, unsigned char, at::native::BitwiseOrFunctor<unsigned char> > >(at::TensorIteratorBase&, at::native::BinaryFunctor<unsigned char, unsigned char, unsigned char, at::native::BitwiseOrFunctor<unsigned char> > const&)::{lambda(int, bool)#1})",395,12548005468645521,12548005468648331,0,0,48,0,128,128,1,1,896,1,1
"KERNEL_DISPATCH","Agent 1",1,0,46,396,184,"void at::native::vectorized_elementwise_kernel<4, at::native::float16_copy_kernel_cuda(at::TensorIteratorBase&)::{lambda(float)#1}, std::array<char*, 2ul> >(int, at::native::float16_copy_kernel_cuda(at::TensorIteratorBase&)::{lambda(float)#1}, std::array<char*, 2ul>)",396,12548005468749294,12548005468751266,0,0,16,0,128,256,1,1,256,1,1
"KERNEL_DISPATCH","Agent 1",1,0,46,397,161,"void at::native::vectorized_elementwise_kernel<4, at::native::float16tofloat32_copy_kernel_cuda(at::TensorIteratorBase&)::{lambda(c10::Half)#1}, std::array<char*, 2ul> >(int, at::native::float16tofloat32_copy_kernel_cuda(at::TensorIteratorBase&)::{lambda(c10::Half)#1}, std::array<char*, 2ul>)",397,12548005468855708,12548005468857182,0,0,16,0,128,256,1,1,1792,1,1
"KERNEL_DISPATCH","Agent 1",1,0,46,398,450,"void at::native::vectorized_elementwise_kernel<4, at::native::(anonymous namespace)::silu_kernel(at::TensorIteratorBase&)::{lambda()#1}::operator()() const::{lambda()#2}::operator()() const::{lambda(float)#1}, std::array<char*, 2ul> >(int, at::native::(anonymous namespace)::silu_kernel(at::TensorIteratorBase&)::{lambda()#1}::operator()() const::{lambda()#2}::operator()() const::{lambda(float)#1}, std::array<char*, 2ul>)",398,12548005468961841,12548005468963480,0,0,32,0,128,256,1,1,3584,1,1
"KERNEL_DISPATCH","Agent 1",1,0,46,399,161,"void at::native::vectorized_elementwise_kernel<4, at::native::float16tofloat32_copy_kernel_cuda(at::TensorIteratorBase&)::{lambda(c10::Half)#1}, std::array<char*, 2ul> >(int, at::native::float16tofloat32_copy_kernel_cuda(at::TensorIteratorBase&)::{lambda(c10::Half)#1}, std::array<char*, 2ul>)",399,12548005469076809,12548005469078549,0,0,16,0,128,256,1,1,1792,1,1
"KERNEL_DISPATCH","Agent 1",1,0,46,400,671,"void at::native::vectorized_elementwise_kernel<4, at::native::BinaryFunctor<float, float, float, at::native::binary_internal::MulFunctor<float> >, std::array<char*, 3ul> >(int, at::native::BinaryFunctor<float, float, float, at::native::binary_internal::MulFunctor<float> >, std::array<char*, 3ul>)",400,12548005469184213,12548005469185896,0,0,16,0,128,256,1,1,3584,1,1
"KERNEL_DISPATCH","Agent 1",1,0,46,401,184,"void at::native::vectorized_elementwise_kernel<4, at::native::float16_copy_kernel_cuda(at::TensorIteratorBase&)::{lambda(float)#1}, std::array<char*, 2ul> >(int, at::native::float16_copy_kernel_cuda(at::TensorIteratorBase&)::{lambda(float)#1}, std::array<char*, 2ul>)",401,12548005469290482,12548005469292168,0,0,16,0,128,256,1,1,1792,1,1
"KERNEL_DISPATCH","Agent 1",1,0,46,402,161,"void at::native::vectorized_elementwise_kernel<4, at::native::float16tofloat32_copy_kernel_cuda(at::TensorIteratorBase&)::{lambda(c10::Half)#1}, std::array<char*, 2ul> >(int, at::native::float16tofloat32_copy_kernel_cuda(at::TensorIteratorBase&)::{lambda(c10::Half)#1}, std::array<char*, 2ul>)",402,12548005469403080,12548005469404838,0,0,16,0,128,256,1,1,1792,1,1
"KERNEL_DISPATCH","Agent 1",1,0,46,403,688,"hadacore_fallback_fp32_kernel",403,12548005469508341,12548005469511162,0,0,16,0,128,128,1,1,7168,1,1
"KERNEL_DISPATCH","Agent 1",1,0,46,404,184,"void at::native::vectorized_elementwise_kernel<4, at::native::float16_copy_kernel_cuda(at::TensorIteratorBase&)::{lambda(float)#1}, std::array<char*, 2ul> >(int, at::native::float16_copy_kernel_cuda(at::TensorIteratorBase&)::{lambda(float)#1}, std::array<char*, 2ul>)",404,12548005469616063,12548005469617732,0,0,16,0,128,256,1,1,1792,1,1
"KERNEL_DISPATCH","Agent 1",1,0,46,405,161,"void at::native::vectorized_elementwise_kernel<4, at::native::float16tofloat32_copy_kernel_cuda(at::TensorIteratorBase&)::{lambda(c10::Half)#1}, std::array<char*, 2ul> >(int, at::native::float16tofloat32_copy_kernel_cuda(at::TensorIteratorBase&)::{lambda(c10::Half)#1}, std::array<char*, 2ul>)",405,12548005469722639,12548005469724174,0,0,16,0,128,256,1,1,1792,1,1
"KERNEL_DISPATCH","Agent 1",1,0,46,406,710,"void at::native::vectorized_elementwise_kernel<4, at::native::AbsFunctor<float>, std::array<char*, 2ul> >(int, at::native::AbsFunctor<float>, std::array<char*, 2ul>)",406,12548005469822311,12548005469824263,0,0,16,0,128,256,1,1,3584,1,1
"KERNEL_DISPATCH","Agent 1",1,0,46,407,776,"void at::native::reduce_kernel<512, 1, at::native::ReduceOp<float, at::native::func_wrapper_t<float, at::native::MaxNanFunctor<float> >, unsigned int, float, 4, 4> >(at::native::ReduceOp<float, at::native::func_wrapper_t<float, at::native::MaxNanFunctor<float> >, unsigned int, float, 4, 4>)",407,12548005469924179,12548005469927922,512,0,32,0,128,32,16,1,128,16,1
"KERNEL_DISPATCH","Agent 1",1,0,46,408,931,"void at::native::vectorized_elementwise_kernel<4, at::native::BUnaryFunctor<float, float, float, at::native::binary_internal::MulFunctor<float> >, std::array<char*, 2ul> >(int, at::native::BUnaryFunctor<float, float, float, at::native::binary_internal::MulFunctor<float> >, std::array<char*, 2ul>)",408,12548005470032252,12548005470034206,0,0,16,0,128,256,1,1,256,1,1
"KERNEL_DISPATCH","Agent 1",1,0,46,409,1065,"void at::native::vectorized_elementwise_kernel<4, at::native::(anonymous namespace)::launch_clamp_scalar(at::TensorIteratorBase&, c10::Scalar, c10::Scalar, at::native::detail::ClampLimits)::{lambda()#1}::operator()() const::{lambda()#7}::operator()() const::{lambda(float)#1}, std::array<char*, 2ul> >(int, at::native::(anonymous namespace)::launch_clamp_scalar(at::TensorIteratorBase&, c10::Scalar, c10::Scalar, at::native::detail::ClampLimits)::{lambda()#1}::operator()() const::{lambda()#7}::operator()() const::{lambda(float)#1}, std::array<char*, 2ul>)",409,12548005470137929,12548005470139663,0,0,16,0,128,256,1,1,256,1,1
"KERNEL_DISPATCH","Agent 1",1,0,46,410,1024,"void at::native::elementwise_kernel_manual_unroll<128, 4, at::native::gpu_kernel_impl_nocast<at::native::BinaryFunctor<float, float, float, at::native::binary_internal::DivFunctor<float> > >(at::TensorIteratorBase&, at::native::BinaryFunctor<float, float, float, at::native::binary_internal::DivFunctor<float> > const&)::{lambda(int, bool)#1}>(int, at::native::gpu_kernel_impl_nocast<at::native::BinaryFunctor<float, float, float, at::native::binary_internal::DivFunctor<float> > >(at::TensorIteratorBase&, at::native::BinaryFunctor<float, float, float, at::native::binary_internal::DivFunctor<float> > const&)::{lambda(int, bool)#1})",410,12548005470240495,12548005470243655,0,0,32,0,128,128,1,1,3584,1,1
"KERNEL_DISPATCH","Agent 1",1,0,46,411,1456,"void at::native::vectorized_elementwise_kernel<4, at::native::round_kernel_cuda(at::TensorIteratorBase&)::{lambda()#1}::operator()() const::{lambda()#2}::operator()() const::{lambda(float)#1}, std::array<char*, 2ul> >(int, at::native::round_kernel_cuda(at::TensorIteratorBase&)::{lambda()#1}::operator()() const::{lambda()#2}::operator()() const::{lambda(float)#1}, std::array<char*, 2ul>)",411,12548005470340123,12548005470341741,0,0,16,0,128,256,1,1,3584,1,1
"KERNEL_DISPATCH","Agent 1",1,0,46,412,1065,"void at::native::vectorized_elementwise_kernel<4, at::native::(anonymous namespace)::launch_clamp_scalar(at::TensorIteratorBase&, c10::Scalar, c10::Scalar, at::native::detail::ClampLimits)::{lambda()#1}::operator()() const::{lambda()#7}::operator()() const::{lambda(float)#1}, std::array<char*, 2ul> >(int, at::native::(anonymous namespace)::launch_clamp_scalar(at::TensorIteratorBase&, c10::Scalar, c10::Scalar, at::native::detail::ClampLimits)::{lambda()#1}::operator()() const::{lambda()#7}::operator()() const::{lambda(float)#1}, std::array<char*, 2ul>)",412,12548005470441007,12548005470443023,0,0,16,0,128,256,1,1,3584,1,1
"KERNEL_DISPATCH","Agent 1",1,0,46,413,260,"void at::native::elementwise_kernel_manual_unroll<128, 4, at::native::gpu_kernel_impl<at::native::direct_copy_kernel_cuda(at::TensorIteratorBase&)::{lambda()#3}::operator()() const::{lambda()#5}::operator()() const::{lambda(short)#1}>(at::TensorIteratorBase&, at::native::direct_copy_kernel_cuda(at::TensorIteratorBase&)::{lambda()#3}::operator()() const::{lambda()#5}::operator()() const::{lambda(short)#1} const&)::{lambda(int, bool)#1}>(int, at::native::gpu_kernel_impl<at::native::direct_copy_kernel_cuda(at::TensorIteratorBase&)::{lambda()#3}::operator()() const::{lambda()#5}::operator()() const::{lambda(short)#1}>(at::TensorIteratorBase&, at::native::direct_copy_kernel_cuda(at::TensorIteratorBase&)::{lambda()#3}::operator()() const::{lambda()#5}::operator()() const::{lambda(short)#1} const&)::{lambda(int, bool)#1})",413,12548005470541512,12548005470544661,0,0,16,0,128,128,1,1,3584,1,1
"KERNEL_DISPATCH","Agent 1",1,0,46,414,1879,"void at::native::vectorized_elementwise_kernel<8, at::native::CUDAFunctorOnSelf_add<short>, std::array<char*, 2ul> >(int, at::native::CUDAFunctorOnSelf_add<short>, std::array<char*, 2ul>)",414,12548005470645970,12548005470648054,0,0,16,0,128,256,1,1,1792,1,1
"KERNEL_DISPATCH","Agent 1",1,0,46,415,346,"void at::native::elementwise_kernel_manual_unroll<128, 4, at::native::gpu_kernel_impl<at::native::direct_copy_kernel_cuda(at::TensorIteratorBase&)::{lambda()#3}::operator()() const::{lambda()#1}::operator()() const::{lambda(unsigned char)#1}>(at::TensorIteratorBase&, at::native::direct_copy_kernel_cuda(at::TensorIteratorBase&)::{lambda()#3}::operator()() const::{lambda()#1}::operator()() const::{lambda(unsigned char)#1} const&)::{lambda(int, bool)#1}>(int, at::native::gpu_kernel_impl<at::native::direct_copy_kernel_cuda(at::TensorIteratorBase&)::{lambda()#3}::operator()() const::{lambda()#1}::operator()() const::{lambda(unsigned char)#1}>(at::TensorIteratorBase&, at::native::direct_copy_kernel_cuda(at::TensorIteratorBase&)::{lambda()#3}::operator()() const::{lambda()#1}::operator()() const::{lambda(unsigned char)#1} const&)::{lambda(int, bool)#1})",415,12548005470746796,12548005470750435,0,0,16,0,128,128,1,1,3584,1,1
"KERNEL_DISPATCH","Agent 1",1,0,46,416,2116,"void at::native::elementwise_kernel_manual_unroll<128, 8, at::native::gpu_kernel_impl_nocast<at::native::BUnaryFunctor<unsigned char, unsigned char, unsigned char, at::native::lshift_kernel_cuda(at::TensorIteratorBase&)::{lambda()#1}::operator()() const::{lambda()#1}::operator()() const::{lambda(unsigned char, unsigned char)#1}> >(at::TensorIteratorBase&, at::native::BUnaryFunctor<unsigned char, unsigned char, unsigned char, at::native::lshift_kernel_cuda(at::TensorIteratorBase&)::{lambda()#1}::operator()() const::{lambda()#1}::operator()() const::{lambda(unsigned char, unsigned char)#1}> const&)::{lambda(int, bool)#1}>(int, at::native::gpu_kernel_impl_nocast<at::native::BUnaryFunctor<unsigned char, unsigned char, unsigned char, at::native::lshift_kernel_cuda(at::TensorIteratorBase&)::{lambda()#1}::operator()() const::{lambda()#1}::operator()() const::{lambda(unsigned char, unsigned char)#1}> >(at::TensorIteratorBase&, at::native::BUnaryFunctor<unsigned char, unsigned char, unsigned char, at::native::lshift_kernel_cuda(at::TensorIteratorBase&)::{lambda()#1}::operator()() const::{lambda()#1}::operator()() const::{lambda(unsigned char, unsigned char)#1}> const&)::{lambda(int, bool)#1})",416,12548005470848424,12548005470851760,0,0,32,0,128,128,1,1,896,1,1
"KERNEL_DISPATCH","Agent 1",1,0,46,417,2262,"void at::native::elementwise_kernel_manual_unroll<128, 8, at::native::gpu_kernel_impl_nocast<at::native::BinaryFunctor<unsigned char, unsigned char, unsigned char, at::native::BitwiseOrFunctor<unsigned char> > >(at::TensorIteratorBase&, at::native::BinaryFunctor<unsigned char, unsigned char, unsigned char, at::native::BitwiseOrFunctor<unsigned char> > const&)::{lambda(int, bool)#1}>(int, at::native::gpu_kernel_impl_nocast<at::native::BinaryFunctor<unsigned char, unsigned char, unsigned char, at::native::BitwiseOrFunctor<unsigned char> > >(at::TensorIteratorBase&, at::native::BinaryFunctor<unsigned char, unsigned char, unsigned char, at::native::BitwiseOrFunctor<unsigned char> > const&)::{lambda(int, bool)#1})",417,12548005470947196,12548005470950100,0,0,48,0,128,128,1,1,896,1,1
"KERNEL_DISPATCH","Agent 1",1,0,46,418,184,"void at::native::vectorized_elementwise_kernel<4, at::native::float16_copy_kernel_cuda(at::TensorIteratorBase&)::{lambda(float)#1}, std::array<char*, 2ul> >(int, at::native::float16_copy_kernel_cuda(at::TensorIteratorBase&)::{lambda(float)#1}, std::array<char*, 2ul>)",418,12548005471053315,12548005471055005,0,0,16,0,128,256,1,1,256,1,1
"KERNEL_DISPATCH","Agent 1",1,0,46,419,161,"void at::native::vectorized_elementwise_kernel<4, at::native::float16tofloat32_copy_kernel_cuda(at::TensorIteratorBase&)::{lambda(c10::Half)#1}, std::array<char*, 2ul> >(int, at::native::float16tofloat32_copy_kernel_cuda(at::TensorIteratorBase&)::{lambda(c10::Half)#1}, std::array<char*, 2ul>)",419,12548005471149697,12548005471151809,0,0,16,0,128,256,1,1,1792,1,1
"KERNEL_DISPATCH","Agent 1",1,0,46,420,450,"void at::native::vectorized_elementwise_kernel<4, at::native::(anonymous namespace)::silu_kernel(at::TensorIteratorBase&)::{lambda()#1}::operator()() const::{lambda()#2}::operator()() const::{lambda(float)#1}, std::array<char*, 2ul> >(int, at::native::(anonymous namespace)::silu_kernel(at::TensorIteratorBase&)::{lambda()#1}::operator()() const::{lambda()#2}::operator()() const::{lambda(float)#1}, std::array<char*, 2ul>)",420,12548005471258625,12548005471260422,0,0,32,0,128,256,1,1,3584,1,1
"KERNEL_DISPATCH","Agent 1",1,0,46,421,161,"void at::native::vectorized_elementwise_kernel<4, at::native::float16tofloat32_copy_kernel_cuda(at::TensorIteratorBase&)::{lambda(c10::Half)#1}, std::array<char*, 2ul> >(int, at::native::float16tofloat32_copy_kernel_cuda(at::TensorIteratorBase&)::{lambda(c10::Half)#1}, std::array<char*, 2ul>)",421,12548005471369599,12548005471371223,0,0,16,0,128,256,1,1,1792,1,1
"KERNEL_DISPATCH","Agent 1",1,0,46,422,671,"void at::native::vectorized_elementwise_kernel<4, at::native::BinaryFunctor<float, float, float, at::native::binary_internal::MulFunctor<float> >, std::array<char*, 3ul> >(int, at::native::BinaryFunctor<float, float, float, at::native::binary_internal::MulFunctor<float> >, std::array<char*, 3ul>)",422,12548005471466569,12548005471468535,0,0,16,0,128,256,1,1,3584,1,1
"KERNEL_DISPATCH","Agent 1",1,0,46,423,184,"void at::native::vectorized_elementwise_kernel<4, at::native::float16_copy_kernel_cuda(at::TensorIteratorBase&)::{lambda(float)#1}, std::array<char*, 2ul> >(int, at::native::float16_copy_kernel_cuda(at::TensorIteratorBase&)::{lambda(float)#1}, std::array<char*, 2ul>)",423,12548005471572205,12548005471573836,0,0,16,0,128,256,1,1,1792,1,1
"KERNEL_DISPATCH","Agent 1",1,0,46,424,161,"void at::native::vectorized_elementwise_kernel<4, at::native::float16tofloat32_copy_kernel_cuda(at::TensorIteratorBase&)::{lambda(c10::Half)#1}, std::array<char*, 2ul> >(int, at::native::float16tofloat32_copy_kernel_cuda(at::TensorIteratorBase&)::{lambda(c10::Half)#1}, std::array<char*, 2ul>)",424,12548005471668186,12548005471669950,0,0,16,0,128,256,1,1,1792,1,1
"KERNEL_DISPATCH","Agent 1",1,0,46,425,688,"hadacore_fallback_fp32_kernel",425,12548005471776693,12548005471779302,0,0,16,0,128,128,1,1,7168,1,1
"KERNEL_DISPATCH","Agent 1",1,0,46,426,184,"void at::native::vectorized_elementwise_kernel<4, at::native::float16_copy_kernel_cuda(at::TensorIteratorBase&)::{lambda(float)#1}, std::array<char*, 2ul> >(int, at::native::float16_copy_kernel_cuda(at::TensorIteratorBase&)::{lambda(float)#1}, std::array<char*, 2ul>)",426,12548005471877686,12548005471879434,0,0,16,0,128,256,1,1,1792,1,1
"KERNEL_DISPATCH","Agent 1",1,0,46,427,161,"void at::native::vectorized_elementwise_kernel<4, at::native::float16tofloat32_copy_kernel_cuda(at::TensorIteratorBase&)::{lambda(c10::Half)#1}, std::array<char*, 2ul> >(int, at::native::float16tofloat32_copy_kernel_cuda(at::TensorIteratorBase&)::{lambda(c10::Half)#1}, std::array<char*, 2ul>)",427,12548005471974402,12548005471976308,0,0,16,0,128,256,1,1,1792,1,1
"KERNEL_DISPATCH","Agent 1",1,0,46,428,710,"void at::native::vectorized_elementwise_kernel<4, at::native::AbsFunctor<float>, std::array<char*, 2ul> >(int, at::native::AbsFunctor<float>, std::array<char*, 2ul>)",428,12548005472072944,12548005472075085,0,0,16,0,128,256,1,1,3584,1,1
"KERNEL_DISPATCH","Agent 1",1,0,46,429,776,"void at::native::reduce_kernel<512, 1, at::native::ReduceOp<float, at::native::func_wrapper_t<float, at::native::MaxNanFunctor<float> >, unsigned int, float, 4, 4> >(at::native::ReduceOp<float, at::native::func_wrapper_t<float, at::native::MaxNanFunctor<float> >, unsigned int, float, 4, 4>)",429,12548005472173767,12548005472177914,512,0,32,0,128,32,16,1,128,16,1
"KERNEL_DISPATCH","Agent 1",1,0,46,430,931,"void at::native::vectorized_elementwise_kernel<4, at::native::BUnaryFunctor<float, float, float, at::native::binary_internal::MulFunctor<float> >, std::array<char*, 2ul> >(int, at::native::BUnaryFunctor<float, float, float, at::native::binary_internal::MulFunctor<float> >, std::array<char*, 2ul>)",430,12548005472275217,12548005472277108,0,0,16,0,128,256,1,1,256,1,1
"KERNEL_DISPATCH","Agent 1",1,0,46,431,1065,"void at::native::vectorized_elementwise_kernel<4, at::native::(anonymous namespace)::launch_clamp_scalar(at::TensorIteratorBase&, c10::Scalar, c10::Scalar, at::native::detail::ClampLimits)::{lambda()#1}::operator()() const::{lambda()#7}::operator()() const::{lambda(float)#1}, std::array<char*, 2ul> >(int, at::native::(anonymous namespace)::launch_clamp_scalar(at::TensorIteratorBase&, c10::Scalar, c10::Scalar, at::native::detail::ClampLimits)::{lambda()#1}::operator()() const::{lambda()#7}::operator()() const::{lambda(float)#1}, std::array<char*, 2ul>)",431,12548005472377464,12548005472379162,0,0,16,0,128,256,1,1,256,1,1
"KERNEL_DISPATCH","Agent 1",1,0,46,432,1024,"void at::native::elementwise_kernel_manual_unroll<128, 4, at::native::gpu_kernel_impl_nocast<at::native::BinaryFunctor<float, float, float, at::native::binary_internal::DivFunctor<float> > >(at::TensorIteratorBase&, at::native::BinaryFunctor<float, float, float, at::native::binary_internal::DivFunctor<float> > const&)::{lambda(int, bool)#1}>(int, at::native::gpu_kernel_impl_nocast<at::native::BinaryFunctor<float, float, float, at::native::binary_internal::DivFunctor<float> > >(at::TensorIteratorBase&, at::native::BinaryFunctor<float, float, float, at::native::binary_internal::DivFunctor<float> > const&)::{lambda(int, bool)#1})",432,12548005472477938,12548005472480943,0,0,32,0,128,128,1,1,3584,1,1
"KERNEL_DISPATCH","Agent 1",1,0,46,433,1456,"void at::native::vectorized_elementwise_kernel<4, at::native::round_kernel_cuda(at::TensorIteratorBase&)::{lambda()#1}::operator()() const::{lambda()#2}::operator()() const::{lambda(float)#1}, std::array<char*, 2ul> >(int, at::native::round_kernel_cuda(at::TensorIteratorBase&)::{lambda()#1}::operator()() const::{lambda()#2}::operator()() const::{lambda(float)#1}, std::array<char*, 2ul>)",433,12548005472577248,12548005472579164,0,0,16,0,128,256,1,1,3584,1,1
"KERNEL_DISPATCH","Agent 1",1,0,46,434,1065,"void at::native::vectorized_elementwise_kernel<4, at::native::(anonymous namespace)::launch_clamp_scalar(at::TensorIteratorBase&, c10::Scalar, c10::Scalar, at::native::detail::ClampLimits)::{lambda()#1}::operator()() const::{lambda()#7}::operator()() const::{lambda(float)#1}, std::array<char*, 2ul> >(int, at::native::(anonymous namespace)::launch_clamp_scalar(at::TensorIteratorBase&, c10::Scalar, c10::Scalar, at::native::detail::ClampLimits)::{lambda()#1}::operator()() const::{lambda()#7}::operator()() const::{lambda(float)#1}, std::array<char*, 2ul>)",434,12548005472672315,12548005472674240,0,0,16,0,128,256,1,1,3584,1,1
"KERNEL_DISPATCH","Agent 1",1,0,46,435,260,"void at::native::elementwise_kernel_manual_unroll<128, 4, at::native::gpu_kernel_impl<at::native::direct_copy_kernel_cuda(at::TensorIteratorBase&)::{lambda()#3}::operator()() const::{lambda()#5}::operator()() const::{lambda(short)#1}>(at::TensorIteratorBase&, at::native::direct_copy_kernel_cuda(at::TensorIteratorBase&)::{lambda()#3}::operator()() const::{lambda()#5}::operator()() const::{lambda(short)#1} const&)::{lambda(int, bool)#1}>(int, at::native::gpu_kernel_impl<at::native::direct_copy_kernel_cuda(at::TensorIteratorBase&)::{lambda()#3}::operator()() const::{lambda()#5}::operator()() const::{lambda(short)#1}>(at::TensorIteratorBase&, at::native::direct_copy_kernel_cuda(at::TensorIteratorBase&)::{lambda()#3}::operator()() const::{lambda()#5}::operator()() const::{lambda(short)#1} const&)::{lambda(int, bool)#1})",435,12548005472770251,12548005472773423,0,0,16,0,128,128,1,1,3584,1,1
"KERNEL_DISPATCH","Agent 1",1,0,46,436,1879,"void at::native::vectorized_elementwise_kernel<8, at::native::CUDAFunctorOnSelf_add<short>, std::array<char*, 2ul> >(int, at::native::CUDAFunctorOnSelf_add<short>, std::array<char*, 2ul>)",436,12548005472867185,12548005472868940,0,0,16,0,128,256,1,1,1792,1,1
"KERNEL_DISPATCH","Agent 1",1,0,46,437,346,"void at::native::elementwise_kernel_manual_unroll<128, 4, at::native::gpu_kernel_impl<at::native::direct_copy_kernel_cuda(at::TensorIteratorBase&)::{lambda()#3}::operator()() const::{lambda()#1}::operator()() const::{lambda(unsigned char)#1}>(at::TensorIteratorBase&, at::native::direct_copy_kernel_cuda(at::TensorIteratorBase&)::{lambda()#3}::operator()() const::{lambda()#1}::operator()() const::{lambda(unsigned char)#1} const&)::{lambda(int, bool)#1}>(int, at::native::gpu_kernel_impl<at::native::direct_copy_kernel_cuda(at::TensorIteratorBase&)::{lambda()#3}::operator()() const::{lambda()#1}::operator()() const::{lambda(unsigned char)#1}>(at::TensorIteratorBase&, at::native::direct_copy_kernel_cuda(at::TensorIteratorBase&)::{lambda()#3}::operator()() const::{lambda()#1}::operator()() const::{lambda(unsigned char)#1} const&)::{lambda(int, bool)#1})",437,12548005472965661,12548005472968939,0,0,16,0,128,128,1,1,3584,1,1
"KERNEL_DISPATCH","Agent 1",1,0,46,438,2116,"void at::native::elementwise_kernel_manual_unroll<128, 8, at::native::gpu_kernel_impl_nocast<at::native::BUnaryFunctor<unsigned char, unsigned char, unsigned char, at::native::lshift_kernel_cuda(at::TensorIteratorBase&)::{lambda()#1}::operator()() const::{lambda()#1}::operator()() const::{lambda(unsigned char, unsigned char)#1}> >(at::TensorIteratorBase&, at::native::BUnaryFunctor<unsigned char, unsigned char, unsigned char, at::native::lshift_kernel_cuda(at::TensorIteratorBase&)::{lambda()#1}::operator()() const::{lambda()#1}::operator()() const::{lambda(unsigned char, unsigned char)#1}> const&)::{lambda(int, bool)#1}>(int, at::native::gpu_kernel_impl_nocast<at::native::BUnaryFunctor<unsigned char, unsigned char, unsigned char, at::native::lshift_kernel_cuda(at::TensorIteratorBase&)::{lambda()#1}::operator()() const::{lambda()#1}::operator()() const::{lambda(unsigned char, unsigned char)#1}> >(at::TensorIteratorBase&, at::native::BUnaryFunctor<unsigned char, unsigned char, unsigned char, at::native::lshift_kernel_cuda(at::TensorIteratorBase&)::{lambda()#1}::operator()() const::{lambda()#1}::operator()() const::{lambda(unsigned char, unsigned char)#1}> const&)::{lambda(int, bool)#1})",438,12548005473069094,12548005473072273,0,0,32,0,128,128,1,1,896,1,1
"KERNEL_DISPATCH","Agent 1",1,0,46,439,2262,"void at::native::elementwise_kernel_manual_unroll<128, 8, at::native::gpu_kernel_impl_nocast<at::native::BinaryFunctor<unsigned char, unsigned char, unsigned char, at::native::BitwiseOrFunctor<unsigned char> > >(at::TensorIteratorBase&, at::native::BinaryFunctor<unsigned char, unsigned char, unsigned char, at::native::BitwiseOrFunctor<unsigned char> > const&)::{lambda(int, bool)#1}>(int, at::native::gpu_kernel_impl_nocast<at::native::BinaryFunctor<unsigned char, unsigned char, unsigned char, at::native::BitwiseOrFunctor<unsigned char> > >(at::TensorIteratorBase&, at::native::BinaryFunctor<unsigned char, unsigned char, unsigned char, at::native::BitwiseOrFunctor<unsigned char> > const&)::{lambda(int, bool)#1})",439,12548005473162151,12548005473165427,0,0,48,0,128,128,1,1,896,1,1
"KERNEL_DISPATCH","Agent 1",1,0,46,440,184,"void at::native::vectorized_elementwise_kernel<4, at::native::float16_copy_kernel_cuda(at::TensorIteratorBase&)::{lambda(float)#1}, std::array<char*, 2ul> >(int, at::native::float16_copy_kernel_cuda(at::TensorIteratorBase&)::{lambda(float)#1}, std::array<char*, 2ul>)",440,12548005473256324,12548005473258548,0,0,16,0,128,256,1,1,256,1,1
