variant,variant_name,dataset,sample_id,phase,input_tokens,output_tokens,stop_reason,cap_reached,median_ms,median_output_tokens_per_second,peak_allocated_bytes,peak_reserved_bytes
A,HIP,humaneval,HumanEval/84,prefill,170,256,cap,True,2138.0040934309363,,6395555840,6488588288
A,HIP,humaneval,HumanEval/84,decode,170,256,cap,True,30625.084807164967,8.359160525168795,6368522240,6488588288
A,HIP,humaneval,HumanEval/84,e2e,170,256,cap,True,32735.522062517703,7.8202510261206735,6395555840,6488588288
A,HIP,humaneval,HumanEval/122,prefill,160,256,cap,True,1962.222588248551,,6393220096,6488588288
A,HIP,humaneval,HumanEval/122,decode,160,256,cap,True,30614.256689324975,8.362117120722575,6368522240,6488588288
A,HIP,humaneval,HumanEval/122,e2e,160,256,cap,True,32554.266490973532,7.863792602145782,6393220096,6488588288
A,HIP,humaneval,HumanEval/55,prefill,78,160,eos,False,1032.1330223232508,,6380246528,6488588288
A,HIP,humaneval,HumanEval/55,decode,78,160,eos,False,19065.85782393813,8.391964394023335,6368522240,6488588288
A,HIP,humaneval,HumanEval/55,e2e,78,160,eos,False,20041.52544029057,7.983424239671062,6380246528,6488588288
A,HIP,humaneval,HumanEval/77,prefill,136,256,cap,True,1680.2127473056316,,6389423104,6488588288
A,HIP,humaneval,HumanEval/77,decode,136,256,cap,True,30598.643207922578,8.36638403410373,6368522240,6488588288
A,HIP,humaneval,HumanEval/77,e2e,136,256,cap,True,32263.01599573344,7.934782043744894,6389423104,6488588288
A,HIP,gsm8k,gsm8k/test/194,prefill,64,124,eos,False,847.8869702666998,,6378031104,6488588288
A,HIP,gsm8k,gsm8k/test/194,decode,64,124,eos,False,14753.36014200002,8.40486498035085,6368522240,6488588288
A,HIP,gsm8k,gsm8k/test/194,e2e,64,124,eos,False,15551.09478160739,7.973715146193915,6378031104,6488588288
A,HIP,humaneval,HumanEval/35,prefill,110,256,cap,True,1411.8718216195703,,6385309184,6488588288
A,HIP,humaneval,HumanEval/35,decode,110,256,cap,True,30600.660198368132,8.365832578136727,6368522240,6488588288
A,HIP,humaneval,HumanEval/35,e2e,110,256,cap,True,31964.885651133955,8.008788230747774,6385309184,6488588288
A,HIP,humaneval,HumanEval/107,prefill,237,256,cap,True,2879.1027404367924,,6405403136,6488588288
A,HIP,humaneval,HumanEval/107,decode,237,256,cap,True,30660.641595721245,8.34946650417535,6368522240,6488588288
A,HIP,humaneval,HumanEval/107,e2e,237,256,cap,True,33511.75028458238,7.639111589995851,6405403136,6488588288
A,HIP,math_500,test/precalculus/43.json,prefill,72,253,eos,False,943.4018116444349,,6379297280,6488588288
A,HIP,math_500,test/precalculus/43.json,decode,72,253,eos,False,30203.81262898445,8.37642595349747,6368522240,6488588288
A,HIP,math_500,test/precalculus/43.json,e2e,72,253,eos,False,31095.355631783605,8.1362632733938,6379297280,6488588288
A,HIP,math_500,test/algebra/276.json,prefill,69,256,cap,True,938.1038174033165,,6378823168,6488588288
A,HIP,math_500,test/algebra/276.json,decode,69,256,cap,True,30568.245688453317,8.374703691180422,6368522240,6488588288
A,HIP,math_500,test/algebra/276.json,e2e,69,256,cap,True,31454.605581238866,8.138712766205897,6378823168,6488588288
A,HIP,gsm8k,gsm8k/test/635,prefill,87,256,cap,True,1139.6562652662396,,6381670912,6488588288
A,HIP,gsm8k,gsm8k/test/635,decode,87,256,cap,True,30568.903295323253,8.374523532192454,6368522240,6488588288
A,HIP,gsm8k,gsm8k/test/635,e2e,87,256,cap,True,31682.399307377636,8.08019612139625,6381670912,6488588288
A,HIP,humaneval,HumanEval/24,prefill,76,256,cap,True,1012.2170932590961,,6379930112,6488588288
A,HIP,humaneval,HumanEval/24,decode,76,256,cap,True,30585.150693543255,8.370074830268646,6368522240,6488588288
A,HIP,humaneval,HumanEval/24,e2e,76,256,cap,True,31534.759792499244,8.11802600319446,6379930112,6488588288
A,HIP,gsm8k,gsm8k/test/647,prefill,81,255,eos,False,1102.9840996488929,,6380721664,6488588288
A,HIP,gsm8k,gsm8k/test/647,decode,81,255,eos,False,30462.36919146031,8.370983832455343,6368522240,6488588288
A,HIP,gsm8k,gsm8k/test/647,e2e,81,255,eos,False,31504.87068016082,8.093986564451383,6380721664,6488588288
A,HIP,gsm8k,gsm8k/test/1232,prefill,71,181,eos,False,942.5114020705223,,6379139584,6488588288
A,HIP,gsm8k,gsm8k/test/1232,decode,71,181,eos,False,21581.477367319167,8.386821574786548,6368522240,6488588288
A,HIP,gsm8k,gsm8k/test/1232,e2e,71,181,eos,False,22454.552055336535,8.060726375389157,6379139584,6488588288
A,HIP,gsm8k,gsm8k/test/733,prefill,65,104,eos,False,922.7960705757141,,6378190336,6488588288
A,HIP,gsm8k,gsm8k/test/733,decode,65,104,eos,False,12364.040716551244,8.411489607987086,6368522240,6488588288
A,HIP,gsm8k,gsm8k/test/733,e2e,65,104,eos,False,13222.91451599449,7.865134413007147,6378190336,6488588288
A,HIP,math_500,test/counting_and_probability/803.json,prefill,77,256,cap,True,1032.473487779498,,6380088832,6488588288
A,HIP,math_500,test/counting_and_probability/803.json,decode,77,256,cap,True,30580.666127614677,8.37130227744873,6368522240,6488588288
A,HIP,math_500,test/counting_and_probability/803.json,e2e,77,256,cap,True,31550.052587874234,8.1140910712266,6380088832,6488588288
A,HIP,humaneval,HumanEval/10,prefill,165,256,cap,True,2044.9718544259667,,6394011648,6488588288
A,HIP,humaneval,HumanEval/10,decode,165,256,cap,True,30619.959693402052,8.360559666417933,6368522240,6488588288
A,HIP,humaneval,HumanEval/10,e2e,165,256,cap,True,32644.206372089684,7.842126626759603,6394011648,6488588288
A,HIP,gsm8k,gsm8k/test/286,prefill,55,171,eos,False,758.044146001339,,6376607744,6488588288
A,HIP,gsm8k,gsm8k/test/286,decode,55,171,eos,False,20381.71352725476,8.389873587975615,6368522240,6488588288
A,HIP,gsm8k,gsm8k/test/286,e2e,55,171,eos,False,21073.131792247295,8.114598327663384,6376607744,6488588288
A,HIP,math_500,test/intermediate_algebra/834.json,prefill,61,256,cap,True,846.1993727833033,,6377556992,6488588288
A,HIP,math_500,test/intermediate_algebra/834.json,decode,61,256,cap,True,30576.07733551413,8.37255862453801,6368522240,6488588288
A,HIP,math_500,test/intermediate_algebra/834.json,e2e,61,256,cap,True,31346.41978237778,8.166801879681238,6377556992,6488588288
A,HIP,math_500,test/intermediate_algebra/1806.json,prefill,66,256,cap,True,922.5555118173361,,6378348032,6488588288
A,HIP,math_500,test/intermediate_algebra/1806.json,decode,66,256,cap,True,30569.83755622059,8.374267593970485,6368522240,6488588288
A,HIP,math_500,test/intermediate_algebra/1806.json,e2e,66,256,cap,True,31433.50648973137,8.144175708924791,6378348032,6488588288
A,HIP,math_500,test/algebra/1031.json,prefill,61,256,cap,True,844.9797667562962,,6377556992,6488588288
A,HIP,math_500,test/algebra/1031.json,decode,61,256,cap,True,30551.071695052087,8.379411450939726,6368522240,6488588288
A,HIP,math_500,test/algebra/1031.json,e2e,61,256,cap,True,31333.21212604642,8.170244371058095,6377556992,6488588288
A,HIP,humaneval,HumanEval/37,prefill,146,256,cap,True,1847.3515389487147,,6391005184,6488588288
A,HIP,humaneval,HumanEval/37,decode,146,256,cap,True,30617.206072434783,8.361311590428931,6368522240,6488588288
A,HIP,humaneval,HumanEval/37,e2e,146,256,cap,True,32447.8274397552,7.88958830834843,6391005184,6488588288
A,HIP,humaneval,HumanEval/103,prefill,173,256,cap,True,2139.4690554589033,,6395785216,6488588288
A,HIP,humaneval,HumanEval/103,decode,173,256,cap,True,30630.9581566602,8.357557693451943,6368522240,6488588288
A,HIP,humaneval,HumanEval/103,e2e,173,256,cap,True,32748.32415021956,7.817193906647088,6395785216,6488588288
A,HIP,humaneval,HumanEval/120,prefill,246,256,cap,True,2972.762808203697,,6406826496,6488588288
A,HIP,humaneval,HumanEval/120,decode,246,256,cap,True,30662.53688558936,8.348950413177121,6368522240,6488588288
A,HIP,humaneval,HumanEval/120,e2e,246,256,cap,True,33609.78675354272,7.616829046766139,6406826496,6488588288
A,HIP,humaneval,HumanEval/149,prefill,210,256,cap,True,2606.6927388310432,,6402048512,6488588288
A,HIP,humaneval,HumanEval/149,decode,210,256,cap,True,30642.66811683774,8.354363889720537,6368522240,6488588288
A,HIP,humaneval,HumanEval/149,e2e,210,256,cap,True,33216.492773965,7.707014757459647,6402048512,6488588288
A,HIP,gsm8k,gsm8k/test/1146,prefill,85,256,cap,True,1117.5435790792108,,6381354496,6488588288
A,HIP,gsm8k,gsm8k/test/1146,decode,85,256,cap,True,30571.90079893917,8.37370242967958,6368522240,6488588288
A,HIP,gsm8k,gsm8k/test/1146,e2e,85,256,cap,True,31641.14048052579,8.090732385501736,6381354496,6488588288
A,HIP,humaneval,HumanEval/155,prefill,91,256,cap,True,1208.7257597595453,,6382303744,6488588288
A,HIP,humaneval,HumanEval/155,decode,91,256,cap,True,30593.909624032676,8.367678506800004,6368522240,6488588288
A,HIP,humaneval,HumanEval/155,e2e,91,256,cap,True,31755.497911944985,8.061596159186795,6382303744,6488588288
A,HIP,humaneval,HumanEval/18,prefill,111,256,cap,True,1404.6936426311731,,6386508288,6488588288
A,HIP,humaneval,HumanEval/18,decode,111,256,cap,True,30600.401366129518,8.365903340188119,6368522240,6488588288
A,HIP,humaneval,HumanEval/18,e2e,111,256,cap,True,31956.270151771605,8.01094742234202,6386508288,6488588288
A,HIP,humaneval,HumanEval/52,prefill,107,256,cap,True,1387.7685256302357,,6384835072,6488588288
A,HIP,humaneval,HumanEval/52,decode,107,256,cap,True,30580.61718661338,8.371315674821096,6368522240,6488588288
A,HIP,humaneval,HumanEval/52,e2e,107,256,cap,True,31933.784656226635,8.016588160654601,6384835072,6488588288
A,HIP,math_500,test/prealgebra/1251.json,prefill,55,256,cap,True,757.8519014641643,,6376607744,6488588288
A,HIP,math_500,test/prealgebra/1251.json,decode,55,256,cap,True,30613.134417682886,8.362423674333987,6368522240,6488588288
A,HIP,math_500,test/prealgebra/1251.json,e2e,55,256,cap,True,31254.472120665014,8.190827828147398,6376607744,6488588288
A,HIP,gsm8k,gsm8k/test/995,prefill,65,183,eos,False,925.216531381011,,6378190336,6488588288
A,HIP,gsm8k,gsm8k/test/995,decode,65,183,eos,False,21827.9434023425,8.383749060864849,6368522240,6488588288
A,HIP,gsm8k,gsm8k/test/995,e2e,65,183,eos,False,22803.34963835776,8.02513678482453,6378190336,6488588288
A,HIP,math_500,test/algebra/1265.json,prefill,42,232,eos,False,638.3780231699347,,6374550528,6488588288
A,HIP,math_500,test/algebra/1265.json,decode,42,232,eos,False,27650.814389809966,8.390349619702267,6368522240,6488588288
A,HIP,math_500,test/algebra/1265.json,e2e,42,232,eos,False,28251.936128363013,8.211826578748628,6374550528,6488588288
A,HIP,math_500,test/algebra/1339.json,prefill,63,256,cap,True,847.808176651597,,6377873408,6488588288
A,HIP,math_500,test/algebra/1339.json,decode,63,256,cap,True,30585.887579247355,8.369873175552277,6368522240,6488588288
A,HIP,math_500,test/algebra/1339.json,e2e,63,256,cap,True,31374.055679887533,8.159608136480418,6377873408,6488588288
A,HIP,gsm8k,gsm8k/test/447,prefill,72,212,eos,False,945.1129054650664,,6379297280,6488588288
A,HIP,gsm8k,gsm8k/test/447,decode,72,212,eos,False,25292.2897702083,8.382001073296024,6368522240,6488588288
A,HIP,gsm8k,gsm8k/test/447,e2e,72,212,eos,False,26172.44870774448,8.10012094654593,6379297280,6488588288
A,HIP,math_500,test/number_theory/533.json,prefill,74,256,cap,True,1017.407089471817,,6379613696,6488588288
A,HIP,math_500,test/number_theory/533.json,decode,74,256,cap,True,30569.29262727499,8.374416873866027,6368522240,6488588288
A,HIP,math_500,test/number_theory/533.json,e2e,74,256,cap,True,31596.21415566653,8.102236512854134,6379613696,6488588288
A,HIP,math_500,test/intermediate_algebra/1102.json,prefill,67,256,cap,True,920.4954318702221,,6378506752,6488588288
A,HIP,math_500,test/intermediate_algebra/1102.json,decode,67,256,cap,True,30563.268024474382,8.376067631085816,6368522240,6488588288
A,HIP,math_500,test/intermediate_algebra/1102.json,e2e,67,256,cap,True,31430.62819726765,8.144921520284942,6378506752,6488588288
A,HIP,humaneval,HumanEval/80,prefill,144,256,cap,True,1777.7726100757718,,6390688768,6488588288
A,HIP,humaneval,HumanEval/80,decode,144,256,cap,True,30605.67783564329,8.364461044606013,6368522240,6488588288
A,HIP,humaneval,HumanEval/80,e2e,144,256,cap,True,32349.915127269924,7.9134674385652515,6390688768,6488588288
A,HIP,gsm8k,gsm8k/test/82,prefill,53,129,eos,False,749.053193256259,,6376291328,6488588288
A,HIP,gsm8k,gsm8k/test/82,decode,53,129,eos,False,15340.282500721514,8.40923235891729,6368522240,6488588288
A,HIP,gsm8k,gsm8k/test/82,e2e,53,129,eos,False,16036.696362309158,8.044050787367095,6376291328,6488588288
A,HIP,math_500,test/precalculus/920.json,prefill,92,256,cap,True,1195.1192487031221,,6382461440,6488588288
A,HIP,math_500,test/precalculus/920.json,decode,92,256,cap,True,30565.329977311194,8.37550257726745,6368522240,6488588288
A,HIP,math_500,test/precalculus/920.json,e2e,92,256,cap,True,31732.847369275987,8.067350434107636,6382461440,6488588288
A,HIP,gsm8k,gsm8k/test/1033,prefill,81,256,cap,True,1101.0796334594488,,6380721664,6488588288
A,HIP,gsm8k,gsm8k/test/1033,decode,81,256,cap,True,30666.383962146938,8.347903043149584,6368522240,6488588288
A,HIP,gsm8k,gsm8k/test/1033,e2e,81,256,cap,True,31617.82391741872,8.096698895807497,6380721664,6488588288
A,HIP,humaneval,HumanEval/72,prefill,253,235,eos,False,3060.9013997018337,,6408624640,6488588288
A,HIP,humaneval,HumanEval/72,decode,253,235,eos,False,28129.861312918365,8.35411157509257,6368522240,6488588288
A,HIP,humaneval,HumanEval/72,e2e,253,235,eos,False,31154.719185084105,7.542998497399732,6408624640,6488588288
A,HIP,math_500,test/algebra/1082.json,prefill,116,256,cap,True,1472.4258380010724,,6386684416,6488588288
A,HIP,math_500,test/algebra/1082.json,decode,116,256,cap,True,30604.100794531405,8.364892068508158,6368522240,6488588288
A,HIP,math_500,test/algebra/1082.json,e2e,116,256,cap,True,32028.30259501934,7.9929306038157035,6386684416,6488588288
A,HIP,math_500,test/prealgebra/1686.json,prefill,70,256,cap,True,930.740587413311,,6378980864,6488588288
A,HIP,math_500,test/prealgebra/1686.json,decode,70,256,cap,True,30553.76388784498,8.378673113391537,6368522240,6488588288
A,HIP,math_500,test/prealgebra/1686.json,e2e,70,256,cap,True,31435.962054878473,8.14353954089571,6378980864,6488588288
A,HIP,humaneval,HumanEval/130,prefill,258,256,cap,True,3159.6062276512384,,6408726016,6488588288
A,HIP,humaneval,HumanEval/130,decode,258,256,cap,True,30655.252908356488,8.350934202543002,6368522240,6488588288
A,HIP,humaneval,HumanEval/130,e2e,258,256,cap,True,33796.607388183475,7.574724795883119,6408726016,6488588288
A,HIP,humaneval,HumanEval/79,prefill,170,256,cap,True,2135.200862772763,,6395555840,6488588288
A,HIP,humaneval,HumanEval/79,decode,170,256,cap,True,30624.7703069821,8.359246369323296,6368522240,6488588288
A,HIP,humaneval,HumanEval/79,e2e,170,256,cap,True,32744.35123614967,7.818142376794955,6395555840,6488588288
A,HIP,humaneval,HumanEval/150,prefill,113,220,eos,False,1466.6346041485667,,6386578944,6488588288
A,HIP,humaneval,HumanEval/150,decode,113,220,eos,False,26270.050545223057,8.374555641652725,6368522240,6488588288
A,HIP,humaneval,HumanEval/150,e2e,113,220,eos,False,27702.15318351984,7.941620947027294,6386578944,6488588288
A,HIP,humaneval,HumanEval/25,prefill,151,256,cap,True,1869.508508592844,,6391796736,6488588288
A,HIP,humaneval,HumanEval/25,decode,151,256,cap,True,30589.58711195737,8.368860915416882,6368522240,6488588288
A,HIP,humaneval,HumanEval/25,e2e,151,256,cap,True,32441.21557287872,7.891196290869549,6391796736,6488588288
A,HIP,humaneval,HumanEval/113,prefill,205,256,cap,True,2516.8197508901358,,6400340480,6488588288
A,HIP,humaneval,HumanEval/113,decode,205,256,cap,True,30645.683581009507,8.353541839694445,6368522240,6488588288
A,HIP,humaneval,HumanEval/113,e2e,205,256,cap,True,33139.33091331273,7.724959827030173,6400340480,6488588288
A,HIP,math_500,test/intermediate_algebra/158.json,prefill,73,256,cap,True,1011.5248961374164,,6379456000,6488588288
A,HIP,math_500,test/intermediate_algebra/158.json,decode,73,256,cap,True,30551.32546555251,8.379341848478793,6368522240,6488588288
A,HIP,math_500,test/intermediate_algebra/158.json,e2e,73,256,cap,True,31514.93455749005,8.123132844620086,6379456000,6488588288
A,HIP,gsm8k,gsm8k/test/676,prefill,82,256,cap,True,1109.2018755152822,,6380879360,6488588288
A,HIP,gsm8k,gsm8k/test/676,decode,82,256,cap,True,30579.027170315385,8.371750957745059,6368522240,6488588288
A,HIP,gsm8k,gsm8k/test/676,e2e,82,256,cap,True,31631.93599600345,8.093086684050714,6380879360,6488588288
A,HIP,math_500,test/counting_and_probability/190.json,prefill,42,147,eos,False,634.9292499944568,,6374550528,6488588288
A,HIP,math_500,test/counting_and_probability/190.json,decode,42,147,eos,False,17468.74780487269,8.415027891065904,6368522240,6488588288
A,HIP,math_500,test/counting_and_probability/190.json,e2e,42,147,eos,False,18066.645670682192,8.136540821108012,6374550528,6488588288
A,HIP,math_500,test/geometry/347.json,prefill,64,256,cap,True,848.8859962671995,,6378031104,6488588288
A,HIP,math_500,test/geometry/347.json,decode,64,256,cap,True,30574.675811454654,8.372942417400575,6368522240,6488588288
A,HIP,math_500,test/geometry/347.json,e2e,64,256,cap,True,31375.84394775331,8.159143079188187,6378031104,6488588288
A,HIP,gsm8k,gsm8k/test/513,prefill,62,166,eos,False,846.9866514205933,,6377714688,6488588288
A,HIP,gsm8k,gsm8k/test/513,decode,62,166,eos,False,19779.568577185273,8.392498519480984,6368522240,6488588288
A,HIP,gsm8k,gsm8k/test/513,e2e,62,166,eos,False,20571.054181084037,8.06959130721867,6377714688,6488588288
A,HIP,math_500,test/algebra/1098.json,prefill,35,111,eos,False,543.9700530841947,,6373443584,6488588288
A,HIP,math_500,test/algebra/1098.json,decode,35,111,eos,False,13164.722816087306,8.431624543158469,6368522240,6488588288
A,HIP,math_500,test/algebra/1098.json,e2e,35,111,eos,False,13674.231547862291,8.117457980105124,6373443584,6488588288
A,HIP,humaneval,HumanEval/142,prefill,194,256,cap,True,2422.2051864489913,,6398976512,6488588288
A,HIP,humaneval,HumanEval/142,decode,194,256,cap,True,30712.397687137127,8.335396103157949,6368522240,6488588288
A,HIP,humaneval,HumanEval/142,e2e,194,256,cap,True,33127.0226277411,7.727830021935672,6398976512,6488588288
A,HIP,math_500,test/number_theory/72.json,prefill,46,256,cap,True,659.3791916966438,,6375183360,6488588288
A,HIP,math_500,test/number_theory/72.json,decode,46,256,cap,True,30521.209869533777,8.387609832450934,6368522240,6488588288
A,HIP,math_500,test/number_theory/72.json,e2e,46,256,cap,True,31143.60979758203,8.21998482718839,6375183360,6488588288
A,HIP,gsm8k,gsm8k/test/577,prefill,114,227,eos,False,1467.5322128459811,,6386613760,6488588288
A,HIP,gsm8k,gsm8k/test/577,decode,114,227,eos,False,27169.33806054294,8.35500664367175,6368522240,6488588288
A,HIP,gsm8k,gsm8k/test/577,e2e,114,227,eos,False,28526.87582280487,7.957408354493987,6386613760,6488588288
A,HIP,math_500,test/algebra/661.json,prefill,47,256,cap,True,658.6978547275066,,6375342080,6488588288
A,HIP,math_500,test/algebra/661.json,decode,47,256,cap,True,30625.346342101693,8.359089139444873,6368522240,6488588288
A,HIP,math_500,test/algebra/661.json,e2e,47,256,cap,True,31167.194755747914,8.213764569003695,6375342080,6488588288
A,HIP,humaneval,HumanEval/98,prefill,95,236,eos,False,1228.8349196314812,,6383608320,6488588288
A,HIP,humaneval,HumanEval/98,decode,95,236,eos,False,28194.819916039705,8.370331880209752,6368522240,6488588288
A,HIP,humaneval,HumanEval/98,e2e,95,236,eos,False,29353.237443603575,8.039999010447389,6383608320,6488588288
A,HIP,math_500,test/intermediate_algebra/1930.json,prefill,95,256,cap,True,1223.8662168383598,,6383608320,6488588288
A,HIP,math_500,test/intermediate_algebra/1930.json,decode,95,256,cap,True,30618.554928340018,8.360943245007645,6368522240,6488588288
A,HIP,math_500,test/intermediate_algebra/1930.json,e2e,95,256,cap,True,31756.495435722172,8.061342931186019,6383608320,6488588288
A,HIP,gsm8k,gsm8k/test/530,prefill,96,256,cap,True,1219.0310629084706,,6383618560,6488588288
A,HIP,gsm8k,gsm8k/test/530,decode,96,256,cap,True,30563.250123523176,8.376072536963868,6368522240,6488588288
A,HIP,gsm8k,gsm8k/test/530,e2e,96,256,cap,True,31738.09744697064,8.066015942755726,6383618560,6488588288
A,HIP,gsm8k,gsm8k/test/966,prefill,131,256,cap,True,1656.0689900070429,,6388632576,6488588288
A,HIP,gsm8k,gsm8k/test/966,decode,131,256,cap,True,30590.66425357014,8.368566235697973,6368522240,6488588288
A,HIP,gsm8k,gsm8k/test/966,e2e,131,256,cap,True,32223.79852179438,7.9444389470985515,6388632576,6488588288
A,HIP,math_500,test/algebra/170.json,prefill,45,256,cap,True,658.4582133218646,,6375025664,6488588288
A,HIP,math_500,test/algebra/170.json,decode,45,256,cap,True,30526.80826652795,8.386071605156934,6368522240,6488588288
A,HIP,math_500,test/algebra/170.json,e2e,45,256,cap,True,31148.902477696538,8.21858812467961,6375025664,6488588288
A,HIP,humaneval,HumanEval/66,prefill,143,254,eos,False,1780.4981917142868,,6390531072,6488588288
A,HIP,humaneval,HumanEval/66,decode,143,254,eos,False,30372.18005117029,8.362916312627778,6368522240,6488588288
A,HIP,humaneval,HumanEval/66,e2e,143,254,eos,False,32120.997855439782,7.907599917758606,6390531072,6488588288
A,HIP,math_500,test/intermediate_algebra/1797.json,prefill,85,256,cap,True,1117.0135559514165,,6381354496,6488588288
A,HIP,math_500,test/intermediate_algebra/1797.json,decode,85,256,cap,True,30574.92341566831,8.37287461098958,6368522240,6488588288
A,HIP,math_500,test/intermediate_algebra/1797.json,e2e,85,256,cap,True,31640.392501838505,8.090923650366372,6381354496,6488588288
A,HIP,gsm8k,gsm8k/test/151,prefill,114,256,cap,True,1465.0522731244564,,6386613760,6488588288
A,HIP,gsm8k,gsm8k/test/151,decode,114,256,cap,True,30593.647949397564,8.367750077513755,6368522240,6488588288
A,HIP,gsm8k,gsm8k/test/151,e2e,114,256,cap,True,32026.8146218732,7.993301957203103,6386613760,6488588288
A,HIP,math_500,test/number_theory/516.json,prefill,50,256,cap,True,729.62237149477,,6375816192,6488588288
A,HIP,math_500,test/number_theory/516.json,decode,50,256,cap,True,30522.67012372613,8.387208555551764,6368522240,6488588288
A,HIP,math_500,test/number_theory/516.json,e2e,50,256,cap,True,31212.439766153693,8.201858038588915,6375816192,6488588288
A,HIP,humaneval,HumanEval/90,prefill,147,256,cap,True,1846.4860944077373,,6391163904,6488588288
A,HIP,humaneval,HumanEval/90,decode,147,256,cap,True,30594.88150384277,8.367412698357597,6368522240,6488588288
A,HIP,humaneval,HumanEval/90,e2e,147,256,cap,True,32417.122902348638,7.8970610924096745,6391163904,6488588288
A,HIP,gsm8k,gsm8k/test/976,prefill,110,256,cap,True,1408.2766762003303,,6385309184,6488588288
A,HIP,gsm8k,gsm8k/test/976,decode,110,256,cap,True,30578.613822348416,8.371864123314252,6368522240,6488588288
A,HIP,gsm8k,gsm8k/test/976,e2e,110,256,cap,True,31953.54461017996,8.01163073214863,6385309184,6488588288
A,HIP,gsm8k,gsm8k/test/202,prefill,72,205,eos,False,946.7258006334305,,6379297280,6488588288
A,HIP,gsm8k,gsm8k/test/202,decode,72,205,eos,False,24457.973768934608,8.381724583431419,6368522240,6488588288
A,HIP,gsm8k,gsm8k/test/202,e2e,72,205,eos,False,25372.079179622233,8.07974776322814,6379297280,6488588288
A,HIP,math_500,test/algebra/694.json,prefill,95,256,cap,True,1225.3051465377212,,6383608320,6488588288
A,HIP,math_500,test/algebra/694.json,decode,95,256,cap,True,30565.753147937357,8.375386621784434,6368522240,6488588288
A,HIP,math_500,test/algebra/694.json,e2e,95,256,cap,True,31743.72585490346,8.064585775789002,6383608320,6488588288
A,HIP,math_500,test/counting_and_probability/23957.json,prefill,75,256,cap,True,1015.772401355207,,6379772416,6488588288
A,HIP,math_500,test/counting_and_probability/23957.json,decode,75,256,cap,True,30571.301042102277,8.37386670745354,6368522240,6488588288
A,HIP,math_500,test/counting_and_probability/23957.json,e2e,75,256,cap,True,31522.127798758447,8.121279173612226,6379772416,6488588288
A,HIP,gsm8k,gsm8k/test/206,prefill,101,247,eos,False,1306.2431057915092,,6383885824,6488588288
A,HIP,gsm8k,gsm8k/test/206,decode,101,247,eos,False,29513.040938414633,8.36918162772244,6368522240,6488588288
A,HIP,gsm8k,gsm8k/test/206,e2e,101,247,eos,False,30764.376988634467,8.028766520812406,6383885824,6488588288
A,HIP,gsm8k,gsm8k/test/1194,prefill,77,159,eos,False,1030.0245638936758,,6380088832,6488588288
A,HIP,gsm8k,gsm8k/test/1194,decode,77,159,eos,False,18942.729347385466,8.393721785501079,6368522240,6488588288
A,HIP,gsm8k,gsm8k/test/1194,e2e,77,159,eos,False,19925.646174699068,7.979665934342093,6380088832,6488588288
A,HIP,humaneval,HumanEval/91,prefill,130,253,eos,False,1654.9750864505768,,6388473856,6488588288
A,HIP,humaneval,HumanEval/91,decode,130,253,eos,False,30225.664007477462,8.3703702898772,6368522240,6488588288
A,HIP,humaneval,HumanEval/91,e2e,130,253,eos,False,31856.894155964255,7.941766035363283,6388473856,6488588288
A,HIP,math_500,test/intermediate_algebra/1981.json,prefill,75,256,cap,True,1015.6794572249055,,6379772416,6488588288
A,HIP,math_500,test/intermediate_algebra/1981.json,decode,75,256,cap,True,30553.98140847683,8.378613463742434,6368522240,6488588288
A,HIP,math_500,test/intermediate_algebra/1981.json,e2e,75,256,cap,True,31518.949864432216,8.122098010913906,6379772416,6488588288
A,HIP,gsm8k,gsm8k/test/621,prefill,79,245,eos,False,1037.5582491979003,,6380405248,6488588288
A,HIP,gsm8k,gsm8k/test/621,decode,79,245,eos,False,29252.97771487385,8.375215760528484,6368522240,6488588288
A,HIP,gsm8k,gsm8k/test/621,e2e,79,245,eos,False,30229.891447350383,8.104561024531035,6380405248,6488588288
A,HIP,humaneval,HumanEval/136,prefill,161,256,cap,True,2023.128965869546,,6393378816,6488588288
A,HIP,humaneval,HumanEval/136,decode,161,256,cap,True,30594.396681524813,8.367545294808574,6368522240,6488588288
A,HIP,humaneval,HumanEval/136,e2e,161,256,cap,True,32607.83865302801,7.850872997871249,6393378816,6488588288
A,HIP,math_500,test/algebra/907.json,prefill,55,256,cap,True,757.5230095535517,,6376607744,6488588288
A,HIP,math_500,test/algebra/907.json,decode,55,256,cap,True,30554.288571700454,8.378529233277863,6368522240,6488588288
A,HIP,math_500,test/algebra/907.json,e2e,55,256,cap,True,31244.79595385492,8.193364436691585,6376607744,6488588288
A,HIP,gsm8k,gsm8k/test/788,prefill,74,190,eos,False,1014.9215264245868,,6379613696,6488588288
A,HIP,gsm8k,gsm8k/test/788,decode,74,190,eos,False,22661.55504900962,8.38424369329869,6368522240,6488588288
A,HIP,gsm8k,gsm8k/test/788,e2e,74,190,eos,False,23615.507373586297,8.045560783187451,6379613696,6488588288
A,HIP,humaneval,HumanEval/129,prefill,419,256,cap,True,4993.786607868969,,6435902976,6488588288
A,HIP,humaneval,HumanEval/129,decode,419,256,cap,True,30731.20262939483,8.330295533411126,6368522240,6488588288
A,HIP,humaneval,HumanEval/129,e2e,419,256,cap,True,35650.026839226484,7.180920260018366,6435902976,6488588288
A,HIP,math_500,test/precalculus/881.json,prefill,197,256,cap,True,2415.8068550750613,,6399230464,6488588288
A,HIP,math_500,test/precalculus/881.json,decode,197,256,cap,True,30622.514731250703,8.359862089926548,6368522240,6488588288
A,HIP,math_500,test/precalculus/881.json,e2e,197,256,cap,True,33026.25690679997,7.751408242309489,6399230464,6488588288
A,HIP,gsm8k,gsm8k/test/1047,prefill,98,256,cap,True,1295.7381708547473,,6383640064,6488588288
A,HIP,gsm8k,gsm8k/test/1047,decode,98,256,cap,True,30572.838763706386,8.37344552720772,6368522240,6488588288
A,HIP,gsm8k,gsm8k/test/1047,e2e,98,256,cap,True,31824.44712333381,8.044130319307254,6383640064,6488588288
A,HIP,humaneval,HumanEval/64,prefill,149,256,cap,True,1852.0892392843962,,6391480320,6488588288
A,HIP,humaneval,HumanEval/64,decode,149,256,cap,True,30621.063016355038,8.3602584228793,6368522240,6488588288
A,HIP,humaneval,HumanEval/64,e2e,149,256,cap,True,32432.90788680315,7.893217620001493,6391480320,6488588288
A,HIP,math_500,test/intermediate_algebra/1462.json,prefill,101,256,cap,True,1301.5614850446582,,6383885824,6488588288
A,HIP,math_500,test/intermediate_algebra/1462.json,decode,101,256,cap,True,30577.636347152293,8.372131746665938,6368522240,6488588288
A,HIP,math_500,test/intermediate_algebra/1462.json,e2e,101,256,cap,True,31842.94715616852,8.039456861341694,6383885824,6488588288
A,HIP,humaneval,HumanEval/111,prefill,174,256,cap,True,2144.602515734732,,6395860992,6488588288
A,HIP,humaneval,HumanEval/111,decode,174,256,cap,True,30616.01501889527,8.361636870180677,6368522240,6488588288
A,HIP,humaneval,HumanEval/111,e2e,174,256,cap,True,32749.94609039277,7.816806760335336,6395860992,6488588288
A,HIP,math_500,test/counting_and_probability/389.json,prefill,54,221,eos,False,748.8190587610006,,6376449024,6488588288
A,HIP,math_500,test/counting_and_probability/389.json,decode,54,221,eos,False,26348.534963093698,8.387563115351725,6368522240,6488588288
A,HIP,math_500,test/counting_and_probability/389.json,e2e,54,221,eos,False,27046.219067648053,8.171197587627105,6376449024,6488588288
A,HIP,gsm8k,gsm8k/test/285,prefill,49,81,eos,False,734.0066079050303,,6375658496,6488588288
A,HIP,gsm8k,gsm8k/test/285,decode,49,81,eos,False,9602.745075710118,8.435088025494636,6368522240,6488588288
A,HIP,gsm8k,gsm8k/test/285,e2e,49,81,eos,False,10276.697289198637,7.8819096953585825,6375658496,6488588288
A,HIP,gsm8k,gsm8k/test/724,prefill,80,256,cap,True,1034.7958244383335,,6380562944,6488588288
A,HIP,gsm8k,gsm8k/test/724,decode,80,256,cap,True,30584.142711944878,8.37035068830022,6368522240,6488588288
A,HIP,gsm8k,gsm8k/test/724,e2e,80,256,cap,True,31567.37693026662,8.109638015395213,6380562944,6488588288
A,HIP,gsm8k,gsm8k/test/829,prefill,101,241,eos,False,1303.3121833577752,,6383885824,6488588288
A,HIP,gsm8k,gsm8k/test/829,decode,101,241,eos,False,28785.374699160457,8.372307205263821,6368522240,6488588288
A,HIP,gsm8k,gsm8k/test/829,e2e,101,241,eos,False,30035.011532716453,8.023968951617821,6383885824,6488588288
A,HIP,gsm8k,gsm8k/test/1090,prefill,92,172,eos,False,1195.9950095042586,,6382461440,6488588288
A,HIP,gsm8k,gsm8k/test/1090,decode,92,172,eos,False,20508.843198418617,8.3866261171309,6368522240,6488588288
A,HIP,gsm8k,gsm8k/test/1090,e2e,92,172,eos,False,21659.711697138846,7.941010591693169,6382461440,6488588288
A,HIP,gsm8k,gsm8k/test/889,prefill,76,215,eos,False,1012.6552619040012,,6379930112,6488588288
A,HIP,gsm8k,gsm8k/test/889,decode,76,215,eos,False,25657.54320565611,8.379601985922177,6368522240,6488588288
A,HIP,gsm8k,gsm8k/test/889,e2e,76,215,eos,False,26609.52316224575,8.079814083442402,6379930112,6488588288
A,HIP,math_500,test/number_theory/838.json,prefill,88,256,cap,True,1130.9834439307451,,6381828608,6488588288
A,HIP,math_500,test/number_theory/838.json,decode,88,256,cap,True,30580.028132535517,8.37147692901007,6368522240,6488588288
A,HIP,math_500,test/number_theory/838.json,e2e,88,256,cap,True,31643.97393912077,8.090007926707102,6381828608,6488588288
A,HIP,gsm8k,gsm8k/test/861,prefill,84,256,cap,True,1107.7243713662028,,6381195776,6488588288
A,HIP,gsm8k,gsm8k/test/861,decode,84,256,cap,True,30569.163368083537,8.374452284398561,6368522240,6488588288
A,HIP,gsm8k,gsm8k/test/861,e2e,84,256,cap,True,31636.99415884912,8.09179275106307,6381195776,6488588288
A,HIP,humaneval,HumanEval/124,prefill,312,256,cap,True,3717.1235159039497,,6417269248,6488588288
A,HIP,humaneval,HumanEval/124,decode,312,256,cap,True,30688.93833644688,8.341767877188785,6368522240,6488588288
A,HIP,humaneval,HumanEval/124,e2e,312,256,cap,True,34366.46771803498,7.449121687465576,6417269248,6488588288
A,HIP,gsm8k,gsm8k/test/300,prefill,79,189,eos,False,1032.6598715037107,,6380405248,6488588288
A,HIP,gsm8k,gsm8k/test/300,decode,79,189,eos,False,22542.38107148558,8.38420748015261,6368522240,6488588288
A,HIP,gsm8k,gsm8k/test/300,e2e,79,189,eos,False,23520.745390094817,8.035459627890564,6380405248,6488588288
A,HIP,gsm8k,gsm8k/test/1266,prefill,77,253,eos,False,1030.9597477316856,,6380088832,6488588288
A,HIP,gsm8k,gsm8k/test/1266,decode,77,253,eos,False,30212.306454777718,8.374071022306575,6368522240,6488588288
A,HIP,gsm8k,gsm8k/test/1266,e2e,77,253,eos,False,31195.95220312476,8.110026530129703,6380088832,6488588288
B,GEMM,humaneval,HumanEval/84,prefill,170,256,cap,True,91.20533335953951,,6396981248,6513754112
B,GEMM,humaneval,HumanEval/84,decode,170,256,cap,True,18149.725621566176,14.104896423106878,6368522240,6513754112
B,GEMM,humaneval,HumanEval/84,e2e,170,256,cap,True,18302.12615802884,13.98744592784358,6396981248,6513754112
B,GEMM,humaneval,HumanEval/122,prefill,160,256,cap,True,112.8387963399291,,6396627968,6513754112
B,GEMM,humaneval,HumanEval/122,decode,160,256,cap,True,18148.48481770605,14.105860768621353,6368522240,6513754112
B,GEMM,humaneval,HumanEval/122,e2e,160,256,cap,True,18189.25162963569,14.074245890518112,6396627968,6513754112
B,GEMM,humaneval,HumanEval/55,prefill,78,247,eos,False,85.95857303589582,,6380246528,6513754112
B,GEMM,humaneval,HumanEval/55,decode,78,247,eos,False,17579.821850173175,14.050199262830803,6368522240,6513754112
B,GEMM,humaneval,HumanEval/55,e2e,78,247,eos,False,17611.424865201116,14.024986728248996,6380246528,6513754112
B,GEMM,humaneval,HumanEval/77,prefill,136,256,cap,True,96.17224708199501,,6391127040,6513754112
B,GEMM,humaneval,HumanEval/77,decode,136,256,cap,True,18138.29413615167,14.113785898408333,6368522240,6513754112
B,GEMM,humaneval,HumanEval/77,e2e,136,256,cap,True,18192.73470249027,14.071551319052547,6391127040,6513754112
B,GEMM,gsm8k,gsm8k/test/194,prefill,64,119,eos,False,83.4101215004921,,6378031104,6513754112
B,GEMM,gsm8k,gsm8k/test/194,decode,64,119,eos,False,8409.309425391257,14.150983627821892,6368522240,6513754112
B,GEMM,gsm8k,gsm8k/test/194,e2e,64,119,eos,False,8501.983276568353,13.996734188829391,6378031104,6513754112
B,GEMM,humaneval,HumanEval/35,prefill,110,226,eos,False,86.22011449187994,,6386193920,6513754112
B,GEMM,humaneval,HumanEval/35,decode,110,226,eos,False,16035.155925899744,14.094031953563244,6368522240,6513754112
B,GEMM,humaneval,HumanEval/35,e2e,110,226,eos,False,16060.536976903677,14.071758642005923,6386193920,6513754112
B,GEMM,humaneval,HumanEval/107,prefill,237,256,cap,True,116.82593915611506,,6406959616,6513754112
B,GEMM,humaneval,HumanEval/107,decode,237,256,cap,True,18195.529027841985,14.069390321560876,6368522240,6513754112
B,GEMM,humaneval,HumanEval/107,e2e,237,256,cap,True,18236.688777804375,14.03763605987366,6406959616,6513754112
B,GEMM,math_500,test/precalculus/43.json,prefill,72,237,eos,False,109.88030955195427,,6379297280,6513754112
B,GEMM,math_500,test/precalculus/43.json,decode,72,237,eos,False,16725.884127430618,14.169654542286205,6368522240,6513754112
B,GEMM,math_500,test/precalculus/43.json,e2e,72,237,eos,False,16849.638616666198,14.06558356483564,6379297280,6513754112
B,GEMM,math_500,test/algebra/276.json,prefill,69,256,cap,True,81.39337133616209,,6378823168,6513754112
B,GEMM,math_500,test/algebra/276.json,decode,69,256,cap,True,18250.21980702877,14.027228313239593,6368522240,6513754112
B,GEMM,math_500,test/algebra/276.json,e2e,69,256,cap,True,18306.449607014656,13.984142501444193,6378823168,6513754112
B,GEMM,gsm8k,gsm8k/test/635,prefill,87,256,cap,True,93.40455289930105,,6381670912,6513754112
B,GEMM,gsm8k,gsm8k/test/635,decode,87,256,cap,True,18099.822973832488,14.143784741436844,6368522240,6513754112
B,GEMM,gsm8k,gsm8k/test/635,e2e,87,256,cap,True,18198.082459159195,14.067416200279595,6381670912,6513754112
B,GEMM,humaneval,HumanEval/24,prefill,76,256,cap,True,81.17856923490763,,6379930112,6513754112
B,GEMM,humaneval,HumanEval/24,decode,76,256,cap,True,18313.88929951936,13.978461691734623,6368522240,6513754112
B,GEMM,humaneval,HumanEval/24,e2e,76,256,cap,True,18263.138202019036,14.01730618080186,6379930112,6513754112
B,GEMM,gsm8k,gsm8k/test/647,prefill,81,256,cap,True,109.53089501708746,,6380721664,6513754112
B,GEMM,gsm8k,gsm8k/test/647,decode,81,256,cap,True,18188.987100496888,14.074450577459949,6368522240,6513754112
B,GEMM,gsm8k,gsm8k/test/647,e2e,81,256,cap,True,18207.59246032685,14.06006865310761,6380721664,6513754112
B,GEMM,gsm8k,gsm8k/test/1232,prefill,71,134,eos,False,109.928073361516,,6379139584,6513754112
B,GEMM,gsm8k,gsm8k/test/1232,decode,71,134,eos,False,9580.244399607182,13.987117072451136,6368522240,6513754112
B,GEMM,gsm8k,gsm8k/test/1232,e2e,71,134,eos,False,9550.140542909503,14.031207121814372,6379139584,6513754112
B,GEMM,gsm8k,gsm8k/test/733,prefill,65,124,eos,False,79.74657230079174,,6378190336,6513754112
B,GEMM,gsm8k,gsm8k/test/733,decode,65,124,eos,False,8803.985401056707,14.084530397462583,6368522240,6513754112
B,GEMM,gsm8k,gsm8k/test/733,e2e,65,124,eos,False,8796.248993836343,14.0969179120428,6378190336,6513754112
B,GEMM,math_500,test/counting_and_probability/803.json,prefill,77,256,cap,True,83.2985294982791,,6380088832,6513754112
B,GEMM,math_500,test/counting_and_probability/803.json,decode,77,256,cap,True,18361.95545271039,13.941870225058851,6368522240,6513754112
B,GEMM,math_500,test/counting_and_probability/803.json,e2e,77,256,cap,True,18091.867985203862,14.150003759112403,6380088832,6513754112
B,GEMM,humaneval,HumanEval/10,prefill,165,256,cap,True,96.04366589337587,,6396805120,6513754112
B,GEMM,humaneval,HumanEval/10,decode,165,256,cap,True,18259.189083240926,14.020337860182842,6368522240,6513754112
B,GEMM,humaneval,HumanEval/10,e2e,165,256,cap,True,18270.358652807772,14.011766537525423,6396805120,6513754112
B,GEMM,gsm8k,gsm8k/test/286,prefill,55,150,eos,False,99.26611464470625,,6377492480,6513754112
B,GEMM,gsm8k,gsm8k/test/286,decode,55,150,eos,False,10737.036030739546,13.97033590746629,6368522240,6513754112
B,GEMM,gsm8k,gsm8k/test/286,e2e,55,150,eos,False,10763.102378696203,13.936502201902345,6377492480,6513754112
B,GEMM,math_500,test/intermediate_algebra/834.json,prefill,61,256,cap,True,99.0688893944025,,6377851904,6513754112
B,GEMM,math_500,test/intermediate_algebra/834.json,decode,61,256,cap,True,18436.3692458719,13.885597353032031,6368522240,6513754112
B,GEMM,math_500,test/intermediate_algebra/834.json,e2e,61,256,cap,True,18425.35736132413,13.893896057471238,6377851904,6513754112
B,GEMM,math_500,test/intermediate_algebra/1806.json,prefill,66,256,cap,True,84.03293695300817,,6378348032,6513754112
B,GEMM,math_500,test/intermediate_algebra/1806.json,decode,66,256,cap,True,18249.678801745176,14.027644145469523,6368522240,6513754112
B,GEMM,math_500,test/intermediate_algebra/1806.json,e2e,66,256,cap,True,18190.670495852828,14.07314810404398,6378348032,6513754112
B,GEMM,math_500,test/algebra/1031.json,prefill,61,256,cap,True,109.86237693578005,,6377851904,6513754112
B,GEMM,math_500,test/algebra/1031.json,decode,61,256,cap,True,18108.405454084277,14.137081293497339,6368522240,6513754112
B,GEMM,math_500,test/algebra/1031.json,e2e,61,256,cap,True,18170.82968633622,14.088514636868913,6377851904,6513754112
B,GEMM,humaneval,HumanEval/37,prefill,146,256,cap,True,83.21159891784191,,6392217600,6513754112
B,GEMM,humaneval,HumanEval/37,decode,146,256,cap,True,18274.99803621322,14.008209439624434,6368522240,6513754112
B,GEMM,humaneval,HumanEval/37,e2e,146,256,cap,True,18175.181907601655,14.085141007195622,6392217600,6513754112
B,GEMM,humaneval,HumanEval/103,prefill,173,256,cap,True,114.00026455521584,,6396579840,6513754112
B,GEMM,humaneval,HumanEval/103,decode,173,256,cap,True,18222.575559280813,14.048508080934718,6368522240,6513754112
B,GEMM,humaneval,HumanEval/103,e2e,173,256,cap,True,18147.053191438317,14.106973584051621,6396579840,6513754112
B,GEMM,humaneval,HumanEval/120,prefill,246,256,cap,True,93.95670518279076,,6407645696,6513754112
B,GEMM,humaneval,HumanEval/120,decode,246,256,cap,True,18376.419680193067,13.930896467059268,6368522240,6513754112
B,GEMM,humaneval,HumanEval/120,e2e,246,256,cap,True,18223.025881685317,14.048160918066172,6407645696,6513754112
B,GEMM,humaneval,HumanEval/149,prefill,210,256,cap,True,102.37888712435961,,6401507840,6513754112
B,GEMM,humaneval,HumanEval/149,decode,210,256,cap,True,18107.167036272585,14.138048182091458,6368522240,6513754112
B,GEMM,humaneval,HumanEval/149,e2e,210,256,cap,True,18401.87136642635,13.91162860028813,6401507840,6513754112
B,GEMM,gsm8k,gsm8k/test/1146,prefill,85,256,cap,True,84.36348289251328,,6381354496,6513754112
B,GEMM,gsm8k,gsm8k/test/1146,decode,85,256,cap,True,18345.995877869427,13.953998556644722,6368522240,6513754112
B,GEMM,gsm8k,gsm8k/test/1146,e2e,85,256,cap,True,18175.369751639664,14.08499543602987,6381354496,6513754112
B,GEMM,humaneval,HumanEval/155,prefill,91,256,cap,True,86.98112051934004,,6382303744,6513754112
B,GEMM,humaneval,HumanEval/155,decode,91,256,cap,True,18112.84674424678,14.133614865444262,6368522240,6513754112
B,GEMM,humaneval,HumanEval/155,e2e,91,256,cap,True,18230.16527108848,14.042659306330844,6382303744,6513754112
B,GEMM,humaneval,HumanEval/18,prefill,111,256,cap,True,94.01113260537386,,6386303488,6513754112
B,GEMM,humaneval,HumanEval/18,decode,111,256,cap,True,18117.62529052794,14.12988710688476,6368522240,6513754112
B,GEMM,humaneval,HumanEval/18,e2e,111,256,cap,True,18225.1296620816,14.046539297474647,6386303488,6513754112
B,GEMM,humaneval,HumanEval/52,prefill,107,234,eos,False,108.00818353891373,,6385867264,6513754112
B,GEMM,humaneval,HumanEval/52,decode,107,234,eos,False,16865.099351853132,13.874807086404038,6368522240,6513754112
B,GEMM,humaneval,HumanEval/52,e2e,107,234,eos,False,16840.780061669648,13.894843299604288,6385867264,6513754112
B,GEMM,math_500,test/prealgebra/1251.json,prefill,55,256,cap,True,111.30644753575325,,6377492480,6513754112
B,GEMM,math_500,test/prealgebra/1251.json,decode,55,256,cap,True,18220.84323130548,14.049843728426515,6368522240,6513754112
B,GEMM,math_500,test/prealgebra/1251.json,e2e,55,256,cap,True,18177.396968007088,14.083424620729238,6377492480,6513754112
B,GEMM,gsm8k,gsm8k/test/995,prefill,65,161,eos,False,99.68382399529219,,6378190336,6513754112
B,GEMM,gsm8k,gsm8k/test/995,decode,65,161,eos,False,11399.493711069226,14.123434257756948,6368522240,6513754112
B,GEMM,gsm8k,gsm8k/test/995,e2e,65,161,eos,False,11476.75417829305,14.028356580514101,6378190336,6513754112
B,GEMM,math_500,test/algebra/1265.json,prefill,42,226,eos,False,83.3237562328577,,6374583296,6513754112
B,GEMM,math_500,test/algebra/1265.json,decode,42,226,eos,False,16139.784130267799,14.002665597997073,6368522240,6513754112
B,GEMM,math_500,test/algebra/1265.json,e2e,42,226,eos,False,16109.517430886626,14.028973926102363,6374583296,6513754112
B,GEMM,math_500,test/algebra/1339.json,prefill,63,256,cap,True,83.90198554843664,,6377971712,6513754112
B,GEMM,math_500,test/algebra/1339.json,decode,63,256,cap,True,18147.159980610013,14.10689056984853,6368522240,6513754112
B,GEMM,math_500,test/algebra/1339.json,e2e,63,256,cap,True,18339.15918506682,13.959200496413994,6377971712,6513754112
B,GEMM,gsm8k,gsm8k/test/447,prefill,72,230,eos,False,81.51151426136494,,6379297280,6513754112
B,GEMM,gsm8k,gsm8k/test/447,decode,72,230,eos,False,16266.88541751355,14.139154121807069,6368522240,6513754112
B,GEMM,gsm8k,gsm8k/test/447,e2e,72,230,eos,False,16340.714267455041,14.075272123084556,6379297280,6513754112
B,GEMM,math_500,test/number_theory/533.json,prefill,74,256,cap,True,109.02311373502016,,6379613696,6513754112
B,GEMM,math_500,test/number_theory/533.json,decode,74,256,cap,True,18169.647498056293,14.089431290694314,6368522240,6513754112
B,GEMM,math_500,test/number_theory/533.json,e2e,74,256,cap,True,18134.79806855321,14.116506786139452,6379613696,6513754112
B,GEMM,math_500,test/intermediate_algebra/1102.json,prefill,67,256,cap,True,81.56616799533367,,6378506752,6513754112
B,GEMM,math_500,test/intermediate_algebra/1102.json,decode,67,256,cap,True,18256.299727596343,14.022556806132446,6368522240,6513754112
B,GEMM,math_500,test/intermediate_algebra/1102.json,e2e,67,256,cap,True,18200.06286073476,14.065885483961726,6378506752,6513754112
B,GEMM,humaneval,HumanEval/80,prefill,144,256,cap,True,82.13863335549831,,6391999488,6513754112
B,GEMM,humaneval,HumanEval/80,decode,144,256,cap,True,18157.148147933185,14.099130431402042,6368522240,6513754112
B,GEMM,humaneval,HumanEval/80,e2e,144,256,cap,True,18214.24036845565,14.05493695160375,6391999488,6513754112
B,GEMM,gsm8k,gsm8k/test/82,prefill,53,159,eos,False,82.30999764055014,,6376291328,6513754112
B,GEMM,gsm8k,gsm8k/test/82,decode,53,159,eos,False,11502.27949488908,13.823346934896689,6368522240,6513754112
B,GEMM,gsm8k,gsm8k/test/82,e2e,53,159,eos,False,11464.453867636621,13.868955454463144,6376291328,6513754112
B,GEMM,math_500,test/precalculus/920.json,prefill,92,256,cap,True,111.20630335062742,,6382461440,6513754112
B,GEMM,math_500,test/precalculus/920.json,decode,92,256,cap,True,18159.73853878677,14.097119264862668,6368522240,6513754112
B,GEMM,math_500,test/precalculus/920.json,e2e,92,256,cap,True,18184.98524557799,14.077547852960235,6382461440,6513754112
B,GEMM,gsm8k,gsm8k/test/1033,prefill,81,243,eos,False,83.63834954798222,,6380721664,6513754112
B,GEMM,gsm8k,gsm8k/test/1033,decode,81,243,eos,False,17384.240383282304,13.978177627691052,6368522240,6513754112
B,GEMM,gsm8k,gsm8k/test/1033,e2e,81,243,eos,False,17190.251987427473,14.135918436665397,6380721664,6513754112
B,GEMM,humaneval,HumanEval/72,prefill,253,256,cap,True,98.02258294075727,,6408180224,6513754112
B,GEMM,humaneval,HumanEval/72,decode,253,256,cap,True,18157.350935041904,14.098972967799236,6368522240,6513754112
B,GEMM,humaneval,HumanEval/72,e2e,253,256,cap,True,18230.79906683415,14.042171111727106,6408180224,6513754112
B,GEMM,math_500,test/algebra/1082.json,prefill,116,256,cap,True,111.55038233846426,,6386848256,6513754112
B,GEMM,math_500,test/algebra/1082.json,decode,116,256,cap,True,18123.759540729225,14.125104640938071,6368522240,6513754112
B,GEMM,math_500,test/algebra/1082.json,e2e,116,256,cap,True,18177.57861595601,14.083283885527361,6386848256,6513754112
B,GEMM,math_500,test/prealgebra/1686.json,prefill,70,256,cap,True,112.48740926384926,,6378980864,6513754112
B,GEMM,math_500,test/prealgebra/1686.json,decode,70,256,cap,True,18134.11884009838,14.11703553160409,6368522240,6513754112
B,GEMM,math_500,test/prealgebra/1686.json,e2e,70,256,cap,True,18219.237238168716,14.051082196991663,6378980864,6513754112
B,GEMM,humaneval,HumanEval/130,prefill,258,256,cap,True,101.85233876109123,,6408726016,6513754112
B,GEMM,humaneval,HumanEval/130,decode,258,256,cap,True,18317.880051210523,13.975416330072674,6368522240,6513754112
B,GEMM,humaneval,HumanEval/130,e2e,258,256,cap,True,18290.834390558302,13.99608101706649,6408726016,6513754112
B,GEMM,humaneval,HumanEval/79,prefill,170,256,cap,True,112.71758005023003,,6396981248,6513754112
B,GEMM,humaneval,HumanEval/79,decode,170,256,cap,True,18268.253070302308,14.01338152120112,6368522240,6513754112
B,GEMM,humaneval,HumanEval/79,e2e,170,256,cap,True,18199.67210199684,14.066187487625784,6396981248,6513754112
B,GEMM,humaneval,HumanEval/150,prefill,113,256,cap,True,82.3511965572834,,6386521600,6513754112
B,GEMM,humaneval,HumanEval/150,decode,113,256,cap,True,18218.66077091545,14.0515267954647,6368522240,6513754112
B,GEMM,humaneval,HumanEval/150,e2e,113,256,cap,True,18288.7823022902,13.99765144385488,6386521600,6513754112
B,GEMM,humaneval,HumanEval/25,prefill,151,256,cap,True,89.24860879778862,,6393730048,6513754112
B,GEMM,humaneval,HumanEval/25,decode,151,256,cap,True,18370.230216532946,13.935590190350672,6368522240,6513754112
B,GEMM,humaneval,HumanEval/25,e2e,151,256,cap,True,18473.727475851774,13.857517403276326,6393730048,6513754112
B,GEMM,humaneval,HumanEval/113,prefill,205,256,cap,True,116.75644759088755,,6400758272,6513754112
B,GEMM,humaneval,HumanEval/113,decode,205,256,cap,True,18349.50591623783,13.951329325628363,6368522240,6513754112
B,GEMM,humaneval,HumanEval/113,e2e,205,256,cap,True,18399.446695111692,13.913461868829636,6400758272,6513754112
B,GEMM,math_500,test/intermediate_algebra/158.json,prefill,73,256,cap,True,83.21322500705719,,6379456000,6513754112
B,GEMM,math_500,test/intermediate_algebra/158.json,decode,73,256,cap,True,18349.744939245284,13.951147596198096,6368522240,6513754112
B,GEMM,math_500,test/intermediate_algebra/158.json,e2e,73,256,cap,True,18455.959427170455,13.870858408104347,6379456000,6513754112
B,GEMM,gsm8k,gsm8k/test/676,prefill,82,256,cap,True,82.91912823915482,,6380879360,6513754112
B,GEMM,gsm8k,gsm8k/test/676,decode,82,256,cap,True,18167.310301214457,14.09124387460299,6368522240,6513754112
B,GEMM,gsm8k,gsm8k/test/676,e2e,82,256,cap,True,18281.879336573184,14.002936748842227,6380879360,6513754112
B,GEMM,math_500,test/counting_and_probability/190.json,prefill,42,189,eos,False,86.46496385335922,,6374583296,6513754112
B,GEMM,math_500,test/counting_and_probability/190.json,decode,42,189,eos,False,13554.960800334811,13.943234715612874,6368522240,6513754112
B,GEMM,math_500,test/counting_and_probability/190.json,e2e,42,189,eos,False,13572.289820760489,13.925432074910544,6374583296,6513754112
B,GEMM,math_500,test/geometry/347.json,prefill,64,256,cap,True,92.89079811424017,,6378031104,6513754112
B,GEMM,math_500,test/geometry/347.json,decode,64,256,cap,True,18106.299931183457,14.138725248834836,6368522240,6513754112
B,GEMM,math_500,test/geometry/347.json,e2e,64,256,cap,True,18234.693739563227,14.039171902545588,6378031104,6513754112
B,GEMM,gsm8k,gsm8k/test/513,prefill,62,239,eos,False,86.71096712350845,,6377911296,6513754112
B,GEMM,gsm8k,gsm8k/test/513,decode,62,239,eos,False,16965.684892609715,14.087259165358473,6368522240,6513754112
B,GEMM,gsm8k,gsm8k/test/513,e2e,62,239,eos,False,16958.319341763854,14.09337772118763,6377911296,6513754112
B,GEMM,math_500,test/algebra/1098.json,prefill,35,139,eos,False,110.59998907148838,,6373820416,6513754112
B,GEMM,math_500,test/algebra/1098.json,decode,35,139,eos,False,9951.877940446138,13.96721310608927,6368522240,6513754112
B,GEMM,math_500,test/algebra/1098.json,e2e,35,139,eos,False,9843.97244360298,14.120315837569004,6373820416,6513754112
B,GEMM,humaneval,HumanEval/142,prefill,194,256,cap,True,113.56658395379782,,6399107584,6513754112
B,GEMM,humaneval,HumanEval/142,decode,194,256,cap,True,18227.91844047606,14.044390248726284,6368522240,6513754112
B,GEMM,humaneval,HumanEval/142,e2e,194,256,cap,True,18124.064185656607,14.124867213977234,6399107584,6513754112
B,GEMM,math_500,test/number_theory/72.json,prefill,46,256,cap,True,100.07565282285213,,6375183360,6513754112
B,GEMM,math_500,test/number_theory/72.json,decode,46,256,cap,True,18236.58598586917,14.037715184101048,6368522240,6513754112
B,GEMM,math_500,test/number_theory/72.json,e2e,46,256,cap,True,18200.5675714463,14.06549543002285,6375183360,6513754112
B,GEMM,gsm8k,gsm8k/test/577,prefill,114,256,cap,True,90.99826868623495,,6386630144,6513754112
B,GEMM,gsm8k,gsm8k/test/577,decode,114,256,cap,True,18173.597407527268,14.086369047328413,6368522240,6513754112
B,GEMM,gsm8k,gsm8k/test/577,e2e,114,256,cap,True,18212.123265489936,14.056570794526367,6386630144,6513754112
B,GEMM,math_500,test/algebra/661.json,prefill,47,256,cap,True,107.70507715642452,,6375342080,6513754112
B,GEMM,math_500,test/algebra/661.json,decode,47,256,cap,True,18168.49910374731,14.090321855325914,6368522240,6513754112
B,GEMM,math_500,test/algebra/661.json,e2e,47,256,cap,True,18239.043416455388,14.03582381787825,6375342080,6513754112
B,GEMM,humaneval,HumanEval/98,prefill,95,256,cap,True,90.4768006876111,,6382936576,6513754112
B,GEMM,humaneval,HumanEval/98,decode,95,256,cap,True,18201.508916914463,14.06476799086157,6368522240,6513754112
B,GEMM,humaneval,HumanEval/98,e2e,95,256,cap,True,18253.579679876566,14.024646370170561,6382936576,6513754112
B,GEMM,math_500,test/intermediate_algebra/1930.json,prefill,95,256,cap,True,108.37285500019789,,6382936576,6513754112
B,GEMM,math_500,test/intermediate_algebra/1930.json,decode,95,256,cap,True,18114.91736397147,14.13199932720395,6368522240,6513754112
B,GEMM,math_500,test/intermediate_algebra/1930.json,e2e,95,256,cap,True,18124.6199272573,14.124434113788288,6382936576,6513754112
B,GEMM,gsm8k,gsm8k/test/530,prefill,96,214,eos,False,111.46511044353247,,6383094272,6513754112
B,GEMM,gsm8k,gsm8k/test/530,decode,96,214,eos,False,15215.289457701147,14.064799792006909,6368522240,6513754112
B,GEMM,gsm8k,gsm8k/test/530,e2e,96,214,eos,False,15179.277332499623,14.098167871392326,6383094272,6513754112
B,GEMM,gsm8k,gsm8k/test/966,prefill,131,256,cap,True,109.06549077481031,,6390582272,6513754112
B,GEMM,gsm8k,gsm8k/test/966,decode,131,256,cap,True,18291.832716204226,13.995317143547716,6368522240,6513754112
B,GEMM,gsm8k,gsm8k/test/966,e2e,131,256,cap,True,18232.89202246815,14.040559209396656,6390582272,6513754112
B,GEMM,math_500,test/algebra/170.json,prefill,45,256,cap,True,109.4093369320035,,6375025664,6513754112
B,GEMM,math_500,test/algebra/170.json,decode,45,256,cap,True,18445.74379362166,13.878540375721908,6368522240,6513754112
B,GEMM,math_500,test/algebra/170.json,e2e,45,256,cap,True,18242.479907348752,14.033179770524162,6375025664,6513754112
B,GEMM,humaneval,HumanEval/66,prefill,143,256,cap,True,83.06408021599054,,6391890944,6513754112
B,GEMM,humaneval,HumanEval/66,decode,143,256,cap,True,18141.98759291321,14.110912527577797,6368522240,6513754112
B,GEMM,humaneval,HumanEval/66,e2e,143,256,cap,True,18143.4931429103,14.109741601772743,6391890944,6513754112
B,GEMM,math_500,test/intermediate_algebra/1797.json,prefill,85,256,cap,True,81.26358967274427,,6381354496,6513754112
B,GEMM,math_500,test/intermediate_algebra/1797.json,decode,85,256,cap,True,18190.417813137174,14.073343593851705,6368522240,6513754112
B,GEMM,math_500,test/intermediate_algebra/1797.json,e2e,85,256,cap,True,18274.178940802813,14.008837323377634,6381354496,6513754112
B,GEMM,gsm8k,gsm8k/test/151,prefill,114,256,cap,True,94.87883932888508,,6386630144,6513754112
B,GEMM,gsm8k,gsm8k/test/151,decode,114,256,cap,True,18338.759161531925,13.959504988592428,6368522240,6513754112
B,GEMM,gsm8k,gsm8k/test/151,e2e,114,256,cap,True,18357.944436371326,13.944916375975346,6386630144,6513754112
B,GEMM,math_500,test/number_theory/516.json,prefill,50,256,cap,True,80.28554078191519,,6375816192,6513754112
B,GEMM,math_500,test/number_theory/516.json,decode,50,256,cap,True,18332.516913302243,13.964258220007098,6368522240,6513754112
B,GEMM,math_500,test/number_theory/516.json,e2e,50,256,cap,True,18371.10340408981,13.934927824912728,6375816192,6513754112
B,GEMM,humaneval,HumanEval/90,prefill,147,256,cap,True,110.55468115955591,,6392327168,6513754112
B,GEMM,humaneval,HumanEval/90,decode,147,256,cap,True,18285.862054675817,13.999886865303083,6368522240,6513754112
B,GEMM,humaneval,HumanEval/90,e2e,147,256,cap,True,18212.357375770807,14.056390104697538,6392327168,6513754112
B,GEMM,gsm8k,gsm8k/test/976,prefill,110,256,cap,True,92.76305045932531,,6386193920,6513754112
B,GEMM,gsm8k,gsm8k/test/976,decode,110,256,cap,True,18191.75823405385,14.072306629536433,6368522240,6513754112
B,GEMM,gsm8k,gsm8k/test/976,e2e,110,256,cap,True,18149.354200810194,14.105185075321968,6386193920,6513754112
B,GEMM,gsm8k,gsm8k/test/202,prefill,72,198,eos,False,91.37939289212227,,6379297280,6513754112
B,GEMM,gsm8k,gsm8k/test/202,decode,72,198,eos,False,14072.023601271212,14.070471000497287,6368522240,6513754112
B,GEMM,gsm8k,gsm8k/test/202,e2e,72,198,eos,False,14140.039283782244,14.002789951729048,6379297280,6513754112
B,GEMM,math_500,test/algebra/694.json,prefill,95,256,cap,True,98.5899567604065,,6382936576,6513754112
B,GEMM,math_500,test/algebra/694.json,decode,95,256,cap,True,18255.906539969146,14.022858817748563,6368522240,6513754112
B,GEMM,math_500,test/algebra/694.json,e2e,95,256,cap,True,18247.28126078844,14.029487261212884,6382936576,6513754112
B,GEMM,math_500,test/counting_and_probability/23957.json,prefill,75,256,cap,True,99.18313380330801,,6379772416,6513754112
B,GEMM,math_500,test/counting_and_probability/23957.json,decode,75,256,cap,True,18361.8067195639,13.941983156115047,6368522240,6513754112
B,GEMM,math_500,test/counting_and_probability/23957.json,e2e,75,256,cap,True,18329.366595484316,13.96665829484086,6379772416,6513754112
B,GEMM,gsm8k,gsm8k/test/206,prefill,101,199,eos,False,95.50704434514046,,6383885824,6513754112
B,GEMM,gsm8k,gsm8k/test/206,decode,101,199,eos,False,14182.803670875728,14.031076267990995,6368522240,6513754112
B,GEMM,gsm8k,gsm8k/test/206,e2e,101,199,eos,False,14170.817280188203,14.042944458695121,6383885824,6513754112
B,GEMM,gsm8k,gsm8k/test/1194,prefill,77,182,eos,False,82.62512367218733,,6380088832,6513754112
B,GEMM,gsm8k,gsm8k/test/1194,decode,77,182,eos,False,12911.778590641916,14.09565682391025,6368522240,6513754112
B,GEMM,gsm8k,gsm8k/test/1194,e2e,77,182,eos,False,12905.369931831956,14.102656565549884,6380088832,6513754112
B,GEMM,humaneval,HumanEval/91,prefill,130,244,eos,False,84.33792553842068,,6390472704,6513754112
B,GEMM,humaneval,HumanEval/91,decode,130,244,eos,False,17402.917807921767,14.020637383515757,6368522240,6513754112
B,GEMM,humaneval,HumanEval/91,e2e,130,244,eos,False,17408.21964107454,14.016367269647965,6390472704,6513754112
B,GEMM,math_500,test/intermediate_algebra/1981.json,prefill,75,256,cap,True,92.37063489854336,,6379772416,6513754112
B,GEMM,math_500,test/intermediate_algebra/1981.json,decode,75,256,cap,True,18257.010880857706,14.022010594758063,6368522240,6513754112
B,GEMM,math_500,test/intermediate_algebra/1981.json,e2e,75,256,cap,True,18336.48995216936,13.961232529659423,6379772416,6513754112
B,GEMM,gsm8k,gsm8k/test/621,prefill,79,243,eos,False,107.15865902602673,,6380405248,6513754112
B,GEMM,gsm8k,gsm8k/test/621,decode,79,243,eos,False,17241.660782136023,14.09376991407758,6368522240,6513754112
B,GEMM,gsm8k,gsm8k/test/621,e2e,79,243,eos,False,17351.625632494688,14.004451522105786,6380405248,6513754112
B,GEMM,humaneval,HumanEval/136,prefill,161,256,cap,True,90.65034799277782,,6396663808,6513754112
B,GEMM,humaneval,HumanEval/136,decode,161,256,cap,True,18255.14508690685,14.023443734972616,6368522240,6513754112
B,GEMM,humaneval,HumanEval/136,e2e,161,256,cap,True,18162.999532185495,14.09458826150156,6396663808,6513754112
B,GEMM,math_500,test/algebra/907.json,prefill,55,256,cap,True,84.15598887950182,,6377492480,6513754112
B,GEMM,math_500,test/algebra/907.json,decode,55,256,cap,True,18377.80679296702,13.929844996409924,6368522240,6513754112
B,GEMM,math_500,test/algebra/907.json,e2e,55,256,cap,True,18247.802247293293,14.029086710317273,6377492480,6513754112
B,GEMM,gsm8k,gsm8k/test/788,prefill,74,159,eos,False,109.32171531021595,,6379613696,6513754112
B,GEMM,gsm8k,gsm8k/test/788,decode,74,159,eos,False,11295.400813221931,14.076525714243017,6368522240,6513754112
B,GEMM,gsm8k,gsm8k/test/788,e2e,74,159,eos,False,11382.43646454066,13.968889744768408,6379613696,6513754112
B,GEMM,humaneval,HumanEval/129,prefill,419,256,cap,True,138.09833582490683,,6434952704,6513754112
B,GEMM,humaneval,HumanEval/129,decode,419,256,cap,True,18283.972191624343,14.001333917870996,6368522240,6513754112
B,GEMM,humaneval,HumanEval/129,e2e,419,256,cap,True,18237.791064195335,14.036787629538233,6434952704,6513754112
B,GEMM,math_500,test/precalculus/881.json,prefill,197,256,cap,True,102.54958923906088,,6399558144,6513754112
B,GEMM,math_500,test/precalculus/881.json,decode,197,256,cap,True,18155.624880455434,14.100313356638278,6368522240,6513754112
B,GEMM,math_500,test/precalculus/881.json,e2e,197,256,cap,True,18239.257440902293,14.035659117673802,6399558144,6513754112
B,GEMM,gsm8k,gsm8k/test/1047,prefill,98,256,cap,True,94.5545481517911,,6383410688,6513754112
B,GEMM,gsm8k,gsm8k/test/1047,decode,98,256,cap,True,18340.090421028435,13.958491704407017,6368522240,6513754112
B,GEMM,gsm8k,gsm8k/test/1047,e2e,98,256,cap,True,18209.00362264365,14.05897902517046,6383410688,6513754112
B,GEMM,humaneval,HumanEval/64,prefill,149,256,cap,True,87.2488971799612,,6392545280,6513754112
B,GEMM,humaneval,HumanEval/64,decode,149,256,cap,True,18165.031373500824,14.093011717747606,6368522240,6513754112
B,GEMM,humaneval,HumanEval/64,e2e,149,256,cap,True,18304.717707447708,13.985465610094623,6392545280,6513754112
B,GEMM,math_500,test/intermediate_algebra/1462.json,prefill,101,256,cap,True,99.64184928685427,,6383885824,6513754112
B,GEMM,math_500,test/intermediate_algebra/1462.json,decode,101,256,cap,True,18214.00865353644,14.055115755657388,6368522240,6513754112
B,GEMM,math_500,test/intermediate_algebra/1462.json,e2e,101,256,cap,True,18219.676909036934,14.05074312119247,6383885824,6513754112
B,GEMM,humaneval,HumanEval/111,prefill,174,256,cap,True,87.47585490345955,,6396696576,6513754112
B,GEMM,humaneval,HumanEval/111,decode,174,256,cap,True,18138.992528431118,14.113242485697304,6368522240,6513754112
B,GEMM,humaneval,HumanEval/111,e2e,174,256,cap,True,18179.84189838171,14.0815306002627,6396696576,6513754112
B,GEMM,math_500,test/counting_and_probability/389.json,prefill,54,209,eos,False,107.93955065310001,,6377432064,6513754112
B,GEMM,math_500,test/counting_and_probability/389.json,decode,54,209,eos,False,15007.313076406717,13.926543608167465,6368522240,6513754112
B,GEMM,math_500,test/counting_and_probability/389.json,e2e,54,209,eos,False,15032.198160886765,13.90348888187294,6377432064,6513754112
B,GEMM,gsm8k,gsm8k/test/285,prefill,49,120,eos,False,111.68658453971148,,6375658496,6513754112
B,GEMM,gsm8k,gsm8k/test/285,decode,49,120,eos,False,8592.887923121452,13.96503725797564,6368522240,6513754112
B,GEMM,gsm8k,gsm8k/test/285,e2e,49,120,eos,False,8519.6921415627,14.08501598486038,6375658496,6513754112
B,GEMM,gsm8k,gsm8k/test/724,prefill,80,256,cap,True,109.0376004576683,,6380562944,6513754112
B,GEMM,gsm8k,gsm8k/test/724,decode,80,256,cap,True,18254.34917677194,14.02405517287637,6368522240,6513754112
B,GEMM,gsm8k,gsm8k/test/724,e2e,80,256,cap,True,18150.415156967938,14.104360577213667,6380562944,6513754112
B,GEMM,gsm8k,gsm8k/test/829,prefill,101,239,eos,False,108.08080714195967,,6383885824,6513754112
B,GEMM,gsm8k,gsm8k/test/829,decode,101,239,eos,False,16938.815814442933,14.109604981725814,6368522240,6513754112
B,GEMM,gsm8k,gsm8k/test/829,e2e,101,239,eos,False,17024.912332184613,14.038251436289885,6383885824,6513754112
B,GEMM,gsm8k,gsm8k/test/1090,prefill,92,211,eos,False,111.25132068991661,,6382461440,6513754112
B,GEMM,gsm8k,gsm8k/test/1090,decode,92,211,eos,False,15076.18925627321,13.995579148902154,6368522240,6513754112
B,GEMM,gsm8k,gsm8k/test/1090,e2e,92,211,eos,False,15067.598473280668,14.003558720665787,6382461440,6513754112
B,GEMM,gsm8k,gsm8k/test/889,prefill,76,256,cap,True,94.71586626023054,,6379930112,6513754112
B,GEMM,gsm8k,gsm8k/test/889,decode,76,256,cap,True,18282.713362015784,14.002297959331699,6368522240,6513754112
B,GEMM,gsm8k,gsm8k/test/889,e2e,76,256,cap,True,18253.034993074834,14.025064878094295,6379930112,6513754112
B,GEMM,math_500,test/number_theory/838.json,prefill,88,256,cap,True,108.14933571964502,,6381828608,6513754112
B,GEMM,math_500,test/number_theory/838.json,decode,88,256,cap,True,18205.416166223586,14.061749408121495,6368522240,6513754112
B,GEMM,math_500,test/number_theory/838.json,e2e,88,256,cap,True,18213.34984153509,14.055624156309696,6381828608,6513754112
B,GEMM,gsm8k,gsm8k/test/861,prefill,84,256,cap,True,83.58658943325281,,6381195776,6513754112
B,GEMM,gsm8k,gsm8k/test/861,decode,84,256,cap,True,18235.566508956254,14.038499976091646,6368522240,6513754112
B,GEMM,gsm8k,gsm8k/test/861,e2e,84,256,cap,True,18403.876207768917,13.91011312562152,6381195776,6513754112
B,GEMM,humaneval,HumanEval/124,prefill,312,256,cap,True,110.33288948237896,,6417990144,6513754112
B,GEMM,humaneval,HumanEval/124,decode,312,256,cap,True,18196.0477726534,14.068989222194668,6368522240,6513754112
B,GEMM,humaneval,HumanEval/124,e2e,312,256,cap,True,18302.138067781925,13.987436825790768,6417990144,6513754112
B,GEMM,gsm8k,gsm8k/test/300,prefill,79,179,eos,False,83.93724914640188,,6380405248,6513754112
B,GEMM,gsm8k,gsm8k/test/300,decode,79,179,eos,False,12693.775731138885,14.101399283500665,6368522240,6513754112
B,GEMM,gsm8k,gsm8k/test/300,e2e,79,179,eos,False,12735.2628512308,14.055461759291488,6380405248,6513754112
B,GEMM,gsm8k,gsm8k/test/1266,prefill,77,134,eos,False,112.3425243422389,,6380088832,6513754112
B,GEMM,gsm8k,gsm8k/test/1266,decode,77,134,eos,False,9510.025712661445,14.090393028232853,6368522240,6513754112
B,GEMM,gsm8k,gsm8k/test/1266,e2e,77,134,eos,False,9513.704014010727,14.084945232967062,6380088832,6513754112
C,Hadacore,humaneval,HumanEval/84,prefill,170,256,cap,True,95.55387776345015,,6388625408,6442450944
C,Hadacore,humaneval,HumanEval/84,decode,170,256,cap,True,17861.991453915834,14.33210852555177,6368522240,6442450944
C,Hadacore,humaneval,HumanEval/84,e2e,170,256,cap,True,17839.932025410235,14.349830460977511,6388625408,6442450944
C,Hadacore,humaneval,HumanEval/122,prefill,160,256,cap,True,108.74272976070642,,6388763648,6442450944
C,Hadacore,humaneval,HumanEval/122,decode,160,256,cap,True,17737.577572464943,14.432635964755608,6368522240,6442450944
C,Hadacore,humaneval,HumanEval/122,e2e,160,256,cap,True,17757.330051623285,14.416581730235835,6388763648,6442450944
C,Hadacore,humaneval,HumanEval/55,prefill,78,256,cap,True,110.27890723198652,,6376592896,6442450944
C,Hadacore,humaneval,HumanEval/55,decode,78,256,cap,True,17685.918274335563,14.4747926587158,6368522240,6442450944
C,Hadacore,humaneval,HumanEval/55,e2e,78,256,cap,True,17735.414689406753,14.434396064779197,6376592896,6442450944
C,Hadacore,humaneval,HumanEval/77,prefill,136,256,cap,True,95.02508584409952,,6384442368,6442450944
C,Hadacore,humaneval,HumanEval/77,decode,136,256,cap,True,17771.21969126165,14.405314010375928,6368522240,6442450944
C,Hadacore,humaneval,HumanEval/77,e2e,136,256,cap,True,17873.580873012543,14.322815434624875,6384442368,6442450944
C,Hadacore,gsm8k,gsm8k/test/194,prefill,64,119,eos,False,109.04156882315874,,6375409664,6442450944
C,Hadacore,gsm8k,gsm8k/test/194,decode,64,119,eos,False,8240.557399578393,14.440770718506048,6368522240,6442450944
C,Hadacore,gsm8k,gsm8k/test/194,e2e,64,119,eos,False,8348.61738793552,14.253857192205908,6375409664,6442450944
C,Hadacore,humaneval,HumanEval/35,prefill,110,219,eos,False,80.9562923386693,,6380787200,6442450944
C,Hadacore,humaneval,HumanEval/35,decode,110,219,eos,False,15197.591516189277,14.410178071091702,6368522240,6442450944
C,Hadacore,humaneval,HumanEval/35,e2e,110,219,eos,False,15361.354172229767,14.256555609915425,6380787200,6442450944
C,Hadacore,humaneval,HumanEval/107,prefill,237,256,cap,True,100.77732522040606,,6394843648,6442450944
C,Hadacore,humaneval,HumanEval/107,decode,237,256,cap,True,17809.4403995201,14.374398872572003,6368522240,6442450944
C,Hadacore,humaneval,HumanEval/107,e2e,237,256,cap,True,17772.492467425764,14.404282374529544,6394843648,6442450944
C,Hadacore,math_500,test/precalculus/43.json,prefill,72,246,eos,False,90.06285388022661,,6376086016,6442450944
C,Hadacore,math_500,test/precalculus/43.json,decode,72,246,eos,False,17104.725789278746,14.381990277458465,6368522240,6442450944
C,Hadacore,math_500,test/precalculus/43.json,e2e,72,246,eos,False,17242.816276848316,14.266810946092415,6376086016,6442450944
C,Hadacore,math_500,test/algebra/276.json,prefill,69,256,cap,True,92.60774124413729,,6375833088,6442450944
C,Hadacore,math_500,test/algebra/276.json,decode,69,256,cap,True,17759.904813952744,14.414491669959757,6368522240,6442450944
C,Hadacore,math_500,test/algebra/276.json,e2e,69,256,cap,True,17792.252769693732,14.388284795282091,6375833088,6442450944
C,Hadacore,gsm8k,gsm8k/test/635,prefill,87,256,cap,True,109.59514509886503,,6377394688,6442450944
C,Hadacore,gsm8k,gsm8k/test/635,decode,87,256,cap,True,17800.91737024486,14.381281294407726,6368522240,6442450944
C,Hadacore,gsm8k,gsm8k/test/635,e2e,87,256,cap,True,17871.040407568216,14.324851500620323,6377394688,6442450944
C,Hadacore,humaneval,HumanEval/24,prefill,76,256,eos,True,103.42639498412609,,6376423936,6442450944
C,Hadacore,humaneval,HumanEval/24,decode,76,256,eos,True,17809.36525762081,14.374459521540498,6368522240,6442450944
C,Hadacore,humaneval,HumanEval/24,e2e,76,256,eos,True,17830.766377039254,14.357206784429199,6376423936,6442450944
C,Hadacore,gsm8k,gsm8k/test/647,prefill,81,256,cap,True,79.39321920275688,,6376846848,6442450944
C,Hadacore,gsm8k,gsm8k/test/647,decode,81,256,cap,True,17830.115132033825,14.357731181447447,6368522240,6442450944
C,Hadacore,gsm8k,gsm8k/test/647,e2e,81,256,cap,True,17776.17602236569,14.401297538790404,6376846848,6442450944
C,Hadacore,gsm8k,gsm8k/test/1232,prefill,71,134,eos,False,87.36335672438145,,6376002048,6442450944
C,Hadacore,gsm8k,gsm8k/test/1232,decode,71,134,eos,False,9339.030214585364,14.34838488805011,6368522240,6442450944
C,Hadacore,gsm8k,gsm8k/test/1232,e2e,71,134,eos,False,9358.250675722957,14.318915430169117,6376002048,6442450944
C,Hadacore,gsm8k,gsm8k/test/733,prefill,65,120,eos,False,91.59507136791945,,6375495168,6442450944
C,Hadacore,gsm8k,gsm8k/test/733,decode,65,120,eos,False,8315.732340328395,14.430478890962128,6368522240,6442450944
C,Hadacore,gsm8k,gsm8k/test/733,e2e,65,120,eos,False,8348.424321971834,14.373969910007752,6375495168,6442450944
C,Hadacore,math_500,test/counting_and_probability/803.json,prefill,77,256,cap,True,108.16377121955156,,6376508928,6442450944
C,Hadacore,math_500,test/counting_and_probability/803.json,decode,77,256,cap,True,17744.172331877053,14.42727196354496,6368522240,6442450944
C,Hadacore,math_500,test/counting_and_probability/803.json,e2e,77,256,cap,True,17843.802184797823,14.346718112471642,6376508928,6442450944
C,Hadacore,humaneval,HumanEval/10,prefill,165,256,cap,True,84.4641113653779,,6388695040,6442450944
C,Hadacore,humaneval,HumanEval/10,decode,165,256,cap,True,17732.096157968044,14.437097437291111,6368522240,6442450944
C,Hadacore,humaneval,HumanEval/10,e2e,165,256,cap,True,17734.351083636284,14.435261757968384,6388695040,6442450944
C,Hadacore,gsm8k,gsm8k/test/286,prefill,55,139,eos,False,109.83841959387064,,6374649856,6442450944
C,Hadacore,gsm8k,gsm8k/test/286,decode,55,139,eos,False,9616.224353201687,14.454737628258481,6368522240,6442450944
C,Hadacore,gsm8k,gsm8k/test/286,e2e,55,139,eos,False,9619.301833212376,14.450113158948543,6374649856,6442450944
C,Hadacore,math_500,test/intermediate_algebra/834.json,prefill,61,256,cap,True,80.07497806102037,,6375156736,6442450944
C,Hadacore,math_500,test/intermediate_algebra/834.json,decode,61,256,cap,True,17799.271857365966,14.382610819782393,6368522240,6442450944
C,Hadacore,math_500,test/intermediate_algebra/834.json,e2e,61,256,cap,True,17791.92802682519,14.388547413974724,6375156736,6442450944
C,Hadacore,math_500,test/intermediate_algebra/1806.json,prefill,66,256,cap,True,109.69664435833693,,6375579136,6442450944
C,Hadacore,math_500,test/intermediate_algebra/1806.json,decode,66,256,cap,True,17700.31190197915,14.463021974848676,6368522240,6442450944
C,Hadacore,math_500,test/intermediate_algebra/1806.json,e2e,66,256,cap,True,17733.20880625397,14.436191599442314,6375579136,6442450944
C,Hadacore,math_500,test/algebra/1031.json,prefill,61,256,cap,True,96.6674042865634,,6375156736,6442450944
C,Hadacore,math_500,test/algebra/1031.json,decode,61,256,cap,True,17779.003395698965,14.399007317920342,6368522240,6442450944
C,Hadacore,math_500,test/algebra/1031.json,e2e,61,256,cap,True,17785.55336035788,14.393704531600179,6375156736,6442450944
C,Hadacore,humaneval,HumanEval/37,prefill,146,256,cap,True,81.15962892770767,,6385041408,6442450944
C,Hadacore,humaneval,HumanEval/37,decode,146,256,cap,True,17822.48379010707,14.363878964058918,6368522240,6442450944
C,Hadacore,humaneval,HumanEval/37,e2e,146,256,cap,True,17928.962003439665,14.278573402681454,6385041408,6442450944
C,Hadacore,humaneval,HumanEval/103,prefill,173,256,cap,True,111.0899243503809,,6388699136,6442450944
C,Hadacore,humaneval,HumanEval/103,decode,173,256,cap,True,17758.0593759194,14.415989640576699,6368522240,6442450944
C,Hadacore,humaneval,HumanEval/103,e2e,173,256,cap,True,18242.07886867225,14.03348827965203,6388699136,6442450944
C,Hadacore,humaneval,HumanEval/120,prefill,246,256,cap,True,89.1546169295907,,6395308544,6442450944
C,Hadacore,humaneval,HumanEval/120,decode,246,256,cap,True,17917.77598578483,14.28748747629723,6368522240,6442450944
C,Hadacore,humaneval,HumanEval/120,e2e,246,256,cap,True,18101.071778684855,14.14280895242104,6395308544,6442450944
C,Hadacore,humaneval,HumanEval/149,prefill,210,256,cap,True,107.44700767099857,,6391185920,6442450944
C,Hadacore,humaneval,HumanEval/149,decode,210,256,cap,True,17797.275631688535,14.384224040683227,6368522240,6442450944
C,Hadacore,humaneval,HumanEval/149,e2e,210,256,cap,True,17797.808500938118,14.383793374701515,6391185920,6442450944
C,Hadacore,gsm8k,gsm8k/test/1146,prefill,85,256,cap,True,96.82604018598795,,6377184768,6442450944
C,Hadacore,gsm8k,gsm8k/test/1146,decode,85,256,cap,True,17892.12368801236,14.307971734597318,6368522240,6442450944
C,Hadacore,gsm8k,gsm8k/test/1146,e2e,85,256,cap,True,17946.91781233996,14.264287755526425,6377184768,6442450944
C,Hadacore,humaneval,HumanEval/155,prefill,91,256,cap,True,107.56401717662811,,6377830912,6442450944
C,Hadacore,humaneval,HumanEval/155,decode,91,256,cap,True,17835.53801011294,14.353365727170397,6368522240,6442450944
C,Hadacore,humaneval,HumanEval/155,e2e,91,256,cap,True,18221.0982600227,14.049647082012996,6377830912,6442450944
C,Hadacore,humaneval,HumanEval/18,prefill,111,256,cap,True,106.19212687015533,,6380847616,6442450944
C,Hadacore,humaneval,HumanEval/18,decode,111,256,cap,True,17999.454873614013,14.222652952411282,6368522240,6442450944
C,Hadacore,humaneval,HumanEval/18,e2e,111,256,cap,True,17828.211029991508,14.359264626683183,6380847616,6442450944
C,Hadacore,humaneval,HumanEval/52,prefill,107,176,eos,False,81.60488400608301,,6380608000,6442450944
C,Hadacore,humaneval,HumanEval/52,decode,107,176,eos,False,12232.661907561123,14.387710649569472,6368522240,6442450944
C,Hadacore,humaneval,HumanEval/52,e2e,107,176,eos,False,12230.131690390408,14.390687235059671,6380608000,6442450944
C,Hadacore,math_500,test/prealgebra/1251.json,prefill,55,256,cap,True,90.5236080288887,,6374649856,6442450944
C,Hadacore,math_500,test/prealgebra/1251.json,decode,55,256,cap,True,17911.632295697927,14.292388084668692,6368522240,6442450944
C,Hadacore,math_500,test/prealgebra/1251.json,e2e,55,256,cap,True,17739.628712646663,14.430967194792325,6374649856,6442450944
C,Hadacore,gsm8k,gsm8k/test/995,prefill,65,189,eos,False,84.26625281572342,,6375495168,6442450944
C,Hadacore,gsm8k,gsm8k/test/995,decode,65,189,eos,False,13084.595285356045,14.444466632569378,6368522240,6442450944
C,Hadacore,gsm8k,gsm8k/test/995,e2e,65,189,eos,False,13200.661038048565,14.317464819014821,6375495168,6442450944
C,Hadacore,math_500,test/algebra/1265.json,prefill,42,226,eos,False,77.55038607865572,,6372486144,6442450944
C,Hadacore,math_500,test/algebra/1265.json,decode,42,226,eos,False,15621.251706033945,14.46747061329945,6368522240,6442450944
C,Hadacore,math_500,test/algebra/1265.json,e2e,42,226,eos,False,15889.064249582589,14.223619242142412,6372486144,6442450944
C,Hadacore,math_500,test/algebra/1339.json,prefill,63,256,cap,True,78.04872281849384,,6375325696,6442450944
C,Hadacore,math_500,test/algebra/1339.json,decode,63,256,cap,True,17805.263276211917,14.377771113444844,6368522240,6442450944
C,Hadacore,math_500,test/algebra/1339.json,e2e,63,256,cap,True,17787.604812532663,14.392044499416208,6375325696,6442450944
C,Hadacore,gsm8k,gsm8k/test/447,prefill,72,144,eos,False,92.14624483138323,,6376086016,6442450944
C,Hadacore,gsm8k,gsm8k/test/447,decode,72,144,eos,False,10076.576533727348,14.290567785399839,6368522240,6442450944
C,Hadacore,gsm8k,gsm8k/test/447,e2e,72,144,eos,False,10180.95893971622,14.14405075716903,6376086016,6442450944
C,Hadacore,math_500,test/number_theory/533.json,prefill,74,256,cap,True,90.79113975167274,,6376254976,6442450944
C,Hadacore,math_500,test/number_theory/533.json,decode,74,256,cap,True,17817.1623358503,14.368169025709378,6368522240,6442450944
C,Hadacore,math_500,test/number_theory/533.json,e2e,74,256,cap,True,17808.058055117726,14.375514680357304,6376254976,6442450944
C,Hadacore,math_500,test/intermediate_algebra/1102.json,prefill,67,256,cap,True,80.77143505215645,,6375664128,6442450944
C,Hadacore,math_500,test/intermediate_algebra/1102.json,decode,67,256,cap,True,17861.117405816913,14.332809878772046,6368522240,6442450944
C,Hadacore,math_500,test/intermediate_algebra/1102.json,e2e,67,256,cap,True,17910.194943659008,14.293535095810624,6375664128,6442450944
C,Hadacore,humaneval,HumanEval/80,prefill,144,256,cap,True,83.7103696539998,,6384921600,6442450944
C,Hadacore,humaneval,HumanEval/80,decode,144,256,cap,True,18026.861242949963,14.201030148835134,6368522240,6442450944
C,Hadacore,humaneval,HumanEval/80,e2e,144,256,cap,True,17812.41998448968,14.371994384980493,6384921600,6442450944
C,Hadacore,gsm8k,gsm8k/test/82,prefill,53,161,eos,False,83.70915800333023,,6374480896,6442450944
C,Hadacore,gsm8k,gsm8k/test/82,decode,53,161,eos,False,11131.975738331676,14.462841438435323,6368522240,6442450944
C,Hadacore,gsm8k,gsm8k/test/82,e2e,53,161,eos,False,11185.909728519619,14.393107392017841,6374480896,6442450944
C,Hadacore,math_500,test/precalculus/920.json,prefill,92,256,cap,True,109.46916323155165,,6377939456,6442450944
C,Hadacore,math_500,test/precalculus/920.json,decode,92,256,cap,True,17694.031863473356,14.468155250046381,6368522240,6442450944
C,Hadacore,math_500,test/precalculus/920.json,e2e,92,256,cap,True,17734.276845119894,14.435322186280514,6377939456,6442450944
C,Hadacore,gsm8k,gsm8k/test/1033,prefill,81,243,eos,False,80.35737928003073,,6376846848,6442450944
C,Hadacore,gsm8k,gsm8k/test/1033,decode,81,243,eos,False,16872.15951550752,14.402424288168573,6368522240,6442450944
C,Hadacore,gsm8k,gsm8k/test/1033,e2e,81,243,eos,False,16868.40169224888,14.405632758417164,6376846848,6442450944
C,Hadacore,humaneval,HumanEval/72,prefill,253,256,cap,True,113.62899467349052,,6395671040,6442450944
C,Hadacore,humaneval,HumanEval/72,decode,253,256,cap,True,17804.396472871304,14.378471092242254,6368522240,6442450944
C,Hadacore,humaneval,HumanEval/72,e2e,253,256,cap,True,17797.373947687447,14.384144579558273,6395671040,6442450944
C,Hadacore,math_500,test/algebra/1082.json,prefill,116,256,cap,True,109.87414699047804,,6381146624,6442450944
C,Hadacore,math_500,test/algebra/1082.json,decode,116,256,cap,True,17777.611166238785,14.400134956611383,6368522240,6442450944
C,Hadacore,math_500,test/algebra/1082.json,e2e,116,256,cap,True,17774.114970117807,14.402967485604332,6381146624,6442450944
C,Hadacore,math_500,test/prealgebra/1686.json,prefill,70,256,cap,True,82.88802951574326,,6375917056,6442450944
C,Hadacore,math_500,test/prealgebra/1686.json,decode,70,256,cap,True,17735.003096982837,14.434731056999473,6368522240,6442450944
C,Hadacore,math_500,test/prealgebra/1686.json,e2e,70,256,cap,True,17839.026642031968,14.350558757326915,6375917056,6442450944
C,Hadacore,humaneval,HumanEval/130,prefill,258,256,cap,True,116.96978937834501,,6396044800,6442450944
C,Hadacore,humaneval,HumanEval/130,decode,258,256,cap,True,17745.916979387403,14.425853580705596,6368522240,6442450944
C,Hadacore,humaneval,HumanEval/130,e2e,258,256,cap,True,17934.69049129635,14.274012708735397,6396044800,6442450944
C,Hadacore,humaneval,HumanEval/79,prefill,170,256,cap,True,112.17717919498682,,6388625408,6442450944
C,Hadacore,humaneval,HumanEval/79,decode,170,256,cap,True,17704.232157208025,14.459819422090737,6368522240,6442450944
C,Hadacore,humaneval,HumanEval/79,e2e,170,256,cap,True,17781.242471188307,14.397194145167726,6388625408,6442450944
C,Hadacore,humaneval,HumanEval/150,prefill,113,256,cap,True,80.34560922533274,,6380967424,6442450944
C,Hadacore,humaneval,HumanEval/150,decode,113,256,cap,True,17822.70719949156,14.36369891142593,6368522240,6442450944
C,Hadacore,humaneval,HumanEval/150,e2e,113,256,cap,True,17782.483813352883,14.396189119979368,6380967424,6442450944
C,Hadacore,humaneval,HumanEval/25,prefill,151,256,cap,True,92.50293020159006,,6386308096,6442450944
C,Hadacore,humaneval,HumanEval/25,decode,151,256,cap,True,17734.491410665214,14.435147536627188,6368522240,6442450944
C,Hadacore,humaneval,HumanEval/25,e2e,151,256,cap,True,17889.502577483654,14.310068091116767,6386308096,6442450944
C,Hadacore,humaneval,HumanEval/113,prefill,205,256,cap,True,111.92891839891672,,6390682112,6442450944
C,Hadacore,humaneval,HumanEval/113,decode,205,256,cap,True,17757.626742124557,14.416340861175893,6368522240,6442450944
C,Hadacore,humaneval,HumanEval/113,e2e,205,256,cap,True,17905.327644199133,14.297420582691064,6390682112,6442450944
C,Hadacore,math_500,test/intermediate_algebra/158.json,prefill,73,256,cap,True,82.24957715719938,,6376171008,6442450944
C,Hadacore,math_500,test/intermediate_algebra/158.json,decode,73,256,cap,True,17840.572719462216,14.349315127127648,6368522240,6442450944
C,Hadacore,math_500,test/intermediate_algebra/158.json,e2e,73,256,cap,True,17966.08409564942,14.249070561903453,6376171008,6442450944
C,Hadacore,gsm8k,gsm8k/test/676,prefill,82,256,cap,True,80.66301606595516,,6376930816,6442450944
C,Hadacore,gsm8k,gsm8k/test/676,decode,82,256,cap,True,17736.415325663984,14.433581718712732,6368522240,6442450944
C,Hadacore,gsm8k,gsm8k/test/676,e2e,82,256,cap,True,17801.96112021804,14.380438102926522,6376930816,6442450944
C,Hadacore,math_500,test/counting_and_probability/190.json,prefill,42,189,eos,False,80.95698524266481,,6372486144,6442450944
C,Hadacore,math_500,test/counting_and_probability/190.json,decode,42,189,eos,False,13172.986378893256,14.347543872271054,6368522240,6442450944
C,Hadacore,math_500,test/counting_and_probability/190.json,e2e,42,189,eos,False,13223.737199790776,14.292480041344918,6372486144,6442450944
C,Hadacore,math_500,test/geometry/347.json,prefill,64,256,cap,True,79.15277685970068,,6375409664,6442450944
C,Hadacore,math_500,test/geometry/347.json,decode,64,256,cap,True,17988.244437612593,14.23151663787244,6368522240,6442450944
C,Hadacore,math_500,test/geometry/347.json,e2e,64,256,cap,True,17797.38718830049,14.384133878274408,6375409664,6442450944
C,Hadacore,gsm8k,gsm8k/test/513,prefill,62,239,eos,False,81.06765244156122,,6375240704,6442450944
C,Hadacore,gsm8k,gsm8k/test/513,decode,62,239,eos,False,16603.09542901814,14.394906119872479,6368522240,6442450944
C,Hadacore,gsm8k,gsm8k/test/513,e2e,62,239,eos,False,16586.92128676921,14.408942797036222,6375240704,6442450944
C,Hadacore,math_500,test/algebra/1098.json,prefill,35,139,eos,False,106.30572121590376,,6371723264,6442450944
C,Hadacore,math_500,test/algebra/1098.json,decode,35,139,eos,False,9572.809939272702,14.520292461855833,6368522240,6442450944
C,Hadacore,math_500,test/algebra/1098.json,e2e,35,139,eos,False,9638.429835438728,14.421436102478294,6371723264,6442450944
C,Hadacore,humaneval,HumanEval/142,prefill,194,256,cap,True,113.44015598297119,,6389572096,6442450944
C,Hadacore,humaneval,HumanEval/142,decode,194,256,cap,True,17875.10420382023,14.32159483273324,6368522240,6442450944
C,Hadacore,humaneval,HumanEval/142,e2e,194,256,cap,True,17773.896287195385,14.403144693964864,6389572096,6442450944
C,Hadacore,math_500,test/number_theory/72.json,prefill,46,256,cap,True,109.03594270348549,,6373889024,6442450944
C,Hadacore,math_500,test/number_theory/72.json,decode,46,256,cap,True,17963.647730648518,14.251003128013242,6368522240,6442450944
C,Hadacore,math_500,test/number_theory/72.json,e2e,46,256,cap,True,17868.62309090793,14.326789406076854,6373889024,6442450944
C,Hadacore,gsm8k,gsm8k/test/577,prefill,114,256,cap,True,82.53683988004923,,6381026816,6442450944
C,Hadacore,gsm8k,gsm8k/test/577,decode,114,256,cap,True,17885.33963356167,14.313398864375962,6368522240,6442450944
C,Hadacore,gsm8k,gsm8k/test/577,e2e,114,256,cap,True,17859.79098919779,14.333874352439931,6381026816,6442450944
C,Hadacore,math_500,test/algebra/661.json,prefill,47,256,cap,True,93.06956920772791,,6373974016,6442450944
C,Hadacore,math_500,test/algebra/661.json,decode,47,256,cap,True,18029.486470855772,14.198962372767399,6368522240,6442450944
C,Hadacore,math_500,test/algebra/661.json,e2e,47,256,cap,True,17824.806477874517,14.362007257569182,6373974016,6442450944
C,Hadacore,humaneval,HumanEval/98,prefill,95,256,cap,True,88.74537888914347,,6378267136,6442450944
C,Hadacore,humaneval,HumanEval/98,decode,95,256,cap,True,17809.41942986101,14.374415797674203,6368522240,6442450944
C,Hadacore,humaneval,HumanEval/98,e2e,95,256,cap,True,17925.435858778656,14.281382166483203,6378267136,6442450944
C,Hadacore,math_500,test/intermediate_algebra/1930.json,prefill,95,256,cap,True,77.96754501760006,,6378267136,6442450944
C,Hadacore,math_500,test/intermediate_algebra/1930.json,decode,95,256,cap,True,17740.347435697913,14.430382546221471,6368522240,6442450944
C,Hadacore,math_500,test/intermediate_algebra/1930.json,e2e,95,256,cap,True,17840.92648886144,14.349030593216531,6378267136,6442450944
C,Hadacore,gsm8k,gsm8k/test/530,prefill,96,214,eos,False,80.23562002927065,,6378375680,6442450944
C,Hadacore,gsm8k,gsm8k/test/530,decode,96,214,eos,False,14799.53109100461,14.459917593610287,6368522240,6442450944
C,Hadacore,gsm8k,gsm8k/test/530,e2e,96,214,eos,False,14862.49977350235,14.398654550799758,6378375680,6442450944
C,Hadacore,gsm8k,gsm8k/test/966,prefill,131,256,cap,True,109.89008657634258,,6384143360,6442450944
C,Hadacore,gsm8k,gsm8k/test/966,decode,131,256,cap,True,17799.114146269858,14.382738258558202,6368522240,6442450944
C,Hadacore,gsm8k,gsm8k/test/966,e2e,131,256,cap,True,17784.237703308463,14.394769360981687,6384143360,6442450944
C,Hadacore,math_500,test/algebra/170.json,prefill,45,256,cap,True,83.12305342406034,,6373805056,6442450944
C,Hadacore,math_500,test/algebra/170.json,decode,45,256,cap,True,17746.517362073064,14.425365539444371,6368522240,6442450944
C,Hadacore,math_500,test/algebra/170.json,e2e,45,256,cap,True,17765.188350342214,14.41020466270872,6373805056,6442450944
C,Hadacore,humaneval,HumanEval/66,prefill,143,256,cap,True,107.50162601470947,,6384862208,6442450944
C,Hadacore,humaneval,HumanEval/66,decode,143,256,cap,True,17804.109985008836,14.378702457778203,6368522240,6442450944
C,Hadacore,humaneval,HumanEval/66,e2e,143,256,cap,True,17785.191354341805,14.393997506105217,6384862208,6442450944
C,Hadacore,math_500,test/intermediate_algebra/1797.json,prefill,85,256,cap,True,78.36845610290766,,6377184768,6442450944
C,Hadacore,math_500,test/intermediate_algebra/1797.json,decode,85,256,cap,True,17713.658538646996,14.452124581800467,6368522240,6442450944
C,Hadacore,math_500,test/intermediate_algebra/1797.json,e2e,85,256,cap,True,17785.82987189293,14.39348075652959,6377184768,6442450944
C,Hadacore,gsm8k,gsm8k/test/151,prefill,114,256,cap,True,107.00421594083309,,6381026816,6442450944
C,Hadacore,gsm8k,gsm8k/test/151,decode,114,256,cap,True,17837.94369082898,14.351429987505638,6368522240,6442450944
C,Hadacore,gsm8k,gsm8k/test/151,e2e,114,256,cap,True,17789.403210394084,14.390589553359666,6381026816,6442450944
C,Hadacore,math_500,test/number_theory/516.json,prefill,50,256,cap,True,110.24120822548866,,6374226944,6442450944
C,Hadacore,math_500,test/number_theory/516.json,decode,50,256,cap,True,18007.786778733134,14.216072366112826,6368522240,6442450944
C,Hadacore,math_500,test/number_theory/516.json,e2e,50,256,cap,True,18139.48440924287,14.112859782803788,6374226944,6442450944
C,Hadacore,humaneval,HumanEval/90,prefill,147,256,cap,True,95.3850969672203,,6385101824,6442450944
C,Hadacore,humaneval,HumanEval/90,decode,147,256,cap,True,17919.788281433284,14.285883068453545,6368522240,6442450944
C,Hadacore,humaneval,HumanEval/90,e2e,147,256,cap,True,17760.348346084356,14.41413169446311,6385101824,6442450944
C,Hadacore,gsm8k,gsm8k/test/976,prefill,110,256,cap,True,83.18615145981312,,6380787200,6442450944
C,Hadacore,gsm8k,gsm8k/test/976,decode,110,256,cap,True,18038.7902315706,14.191639057477447,6368522240,6442450944
C,Hadacore,gsm8k,gsm8k/test/976,e2e,110,256,cap,True,17849.720353260636,14.341961382786375,6380787200,6442450944
C,Hadacore,gsm8k,gsm8k/test/202,prefill,72,198,eos,False,108.1941556185484,,6376086016,6442450944
C,Hadacore,gsm8k,gsm8k/test/202,decode,72,198,eos,False,13734.080244787037,14.416691651059319,6368522240,6442450944
C,Hadacore,gsm8k,gsm8k/test/202,e2e,72,198,eos,False,13946.436510421336,14.197175016861582,6376086016,6442450944
C,Hadacore,math_500,test/algebra/694.json,prefill,95,256,cap,True,79.80178482830524,,6378267136,6442450944
C,Hadacore,math_500,test/algebra/694.json,decode,95,256,cap,True,17871.71163596213,14.324313485724959,6368522240,6442450944
C,Hadacore,math_500,test/algebra/694.json,e2e,95,256,cap,True,17817.15384311974,14.36817587444567,6378267136,6442450944
C,Hadacore,math_500,test/counting_and_probability/23957.json,prefill,75,256,cap,True,83.7588394060731,,6376339968,6442450944
C,Hadacore,math_500,test/counting_and_probability/23957.json,decode,75,256,cap,True,17769.156239926815,14.406986834004808,6368522240,6442450944
C,Hadacore,math_500,test/counting_and_probability/23957.json,e2e,75,256,cap,True,17863.443232141435,14.33094374209911,6376339968,6442450944
C,Hadacore,gsm8k,gsm8k/test/206,prefill,101,199,eos,False,92.45704207569361,,6378921472,6442450944
C,Hadacore,gsm8k,gsm8k/test/206,decode,101,199,eos,False,13813.847948797047,14.40583396730739,6368522240,6442450944
C,Hadacore,gsm8k,gsm8k/test/206,e2e,101,199,eos,False,13830.691052600741,14.388290450792752,6378921472,6442450944
C,Hadacore,gsm8k,gsm8k/test/1194,prefill,77,142,eos,False,103.06145437061787,,6376508928,6442450944
C,Hadacore,gsm8k,gsm8k/test/1194,decode,77,142,eos,False,9921.730387955904,14.312019622340811,6368522240,6442450944
C,Hadacore,gsm8k,gsm8k/test/1194,e2e,77,142,eos,False,9855.858102440834,14.407674960826927,6376508928,6442450944
C,Hadacore,humaneval,HumanEval/91,prefill,130,256,cap,True,109.93978288024664,,6384082944,6442450944
C,Hadacore,humaneval,HumanEval/91,decode,130,256,cap,True,17817.511356435716,14.367887573004541,6368522240,6442450944
C,Hadacore,humaneval,HumanEval/91,e2e,130,256,cap,True,17767.07792840898,14.40867209743389,6384082944,6442450944
C,Hadacore,math_500,test/intermediate_algebra/1981.json,prefill,75,256,cap,True,91.30017459392548,,6376339968,6442450944
C,Hadacore,math_500,test/intermediate_algebra/1981.json,decode,75,256,cap,True,17849.23805296421,14.342348913738997,6368522240,6442450944
C,Hadacore,math_500,test/intermediate_algebra/1981.json,e2e,75,256,cap,True,17748.58819320798,14.423682448047668,6376339968,6442450944
C,Hadacore,gsm8k,gsm8k/test/621,prefill,79,236,eos,False,108.89803897589445,,6376677888,6442450944
C,Hadacore,gsm8k,gsm8k/test/621,decode,79,236,eos,False,16279.716479592025,14.496566957775068,6368522240,6442450944
C,Hadacore,gsm8k,gsm8k/test/621,e2e,79,236,eos,False,16513.215602375567,14.291583522112397,6376677888,6442450944
C,Hadacore,humaneval,HumanEval/136,prefill,161,256,cap,True,109.82843488454819,,6388750336,6442450944
C,Hadacore,humaneval,HumanEval/136,decode,161,256,cap,True,17876.04594323784,14.320840347629549,6368522240,6442450944
C,Hadacore,humaneval,HumanEval/136,e2e,161,256,cap,True,18179.867978207767,14.081510399683186,6388750336,6442450944
C,Hadacore,math_500,test/algebra/907.json,prefill,55,256,cap,True,91.50896407663822,,6374649856,6442450944
C,Hadacore,math_500,test/algebra/907.json,decode,55,256,cap,True,17699.483069591224,14.463699250054562,6368522240,6442450944
C,Hadacore,math_500,test/algebra/907.json,e2e,55,256,cap,True,17933.98676533252,14.274572818067618,6374649856,6442450944
C,Hadacore,gsm8k,gsm8k/test/788,prefill,74,159,eos,False,81.02451730519533,,6376254976,6442450944
C,Hadacore,gsm8k,gsm8k/test/788,decode,74,159,eos,False,11077.528287656605,14.353382439760454,6368522240,6442450944
C,Hadacore,gsm8k,gsm8k/test/788,e2e,74,159,eos,False,11093.901098705828,14.332199159279357,6376254976,6442450944
C,Hadacore,humaneval,HumanEval/129,prefill,419,256,cap,True,127.87612248212099,,6414358016,6442450944
C,Hadacore,humaneval,HumanEval/129,decode,419,256,cap,True,18054.43919915706,14.179338232336363,6368522240,6442450944
C,Hadacore,humaneval,HumanEval/129,e2e,419,256,cap,True,17821.79582770914,14.364433442895464,6414358016,6442450944
C,Hadacore,math_500,test/precalculus/881.json,prefill,197,256,cap,True,101.66650079190731,,6389875200,6442450944
C,Hadacore,math_500,test/precalculus/881.json,decode,197,256,cap,True,17730.985811911523,14.438001514164057,6368522240,6442450944
C,Hadacore,math_500,test/precalculus/881.json,e2e,197,256,cap,True,17901.408657431602,14.300550582298673,6389875200,6442450944
C,Hadacore,gsm8k,gsm8k/test/1047,prefill,98,256,cap,True,90.12083057314157,,6378593792,6442450944
C,Hadacore,gsm8k,gsm8k/test/1047,decode,98,256,cap,True,17787.302709184587,14.392288936973719,6368522240,6442450944
C,Hadacore,gsm8k,gsm8k/test/1047,e2e,98,256,cap,True,17983.126130886376,14.23556717206776,6378593792,6442450944
C,Hadacore,humaneval,HumanEval/64,prefill,149,256,cap,True,84.15736816823483,,6385221632,6442450944
C,Hadacore,humaneval,HumanEval/64,decode,149,256,cap,True,17726.216533221304,14.441886091158917,6368522240,6442450944
C,Hadacore,humaneval,HumanEval/64,e2e,149,256,cap,True,17774.166401475668,14.402925809153338,6385221632,6442450944
C,Hadacore,math_500,test/intermediate_algebra/1462.json,prefill,101,256,cap,True,88.98189198225737,,6378921472,6442450944
C,Hadacore,math_500,test/intermediate_algebra/1462.json,decode,101,256,cap,True,17670.33757828176,14.487555705480364,6368522240,6442450944
C,Hadacore,math_500,test/intermediate_algebra/1462.json,e2e,101,256,cap,True,17860.21153535694,14.333536839315146,6378921472,6442450944
C,Hadacore,humaneval,HumanEval/111,prefill,174,256,cap,True,96.41146659851074,,6388733952,6442450944
C,Hadacore,humaneval,HumanEval/111,decode,174,256,cap,True,17712.83265668899,14.452798429353725,6368522240,6442450944
C,Hadacore,humaneval,HumanEval/111,e2e,174,256,cap,True,17780.972107313573,14.397413057900444,6388733952,6442450944
C,Hadacore,math_500,test/counting_and_probability/389.json,prefill,54,251,eos,False,82.04142656177282,,6374564864,6442450944
C,Hadacore,math_500,test/counting_and_probability/389.json,decode,54,251,eos,False,17721.32949437946,14.16372287867046,6368522240,6442450944
C,Hadacore,math_500,test/counting_and_probability/389.json,e2e,54,251,eos,False,17721.14334255457,14.163871661557105,6374564864,6442450944
C,Hadacore,gsm8k,gsm8k/test/285,prefill,49,120,eos,False,109.88274123519659,,6374142976,6442450944
C,Hadacore,gsm8k,gsm8k/test/285,decode,49,120,eos,False,8418.053821660578,14.255076356393303,6368522240,6442450944
C,Hadacore,gsm8k,gsm8k/test/285,e2e,49,120,eos,False,8534.721080213785,14.060213435468723,6374142976,6442450944
C,Hadacore,gsm8k,gsm8k/test/724,prefill,80,256,cap,True,107.1776645258069,,6376761856,6442450944
C,Hadacore,gsm8k,gsm8k/test/724,decode,80,256,cap,True,17742.123776115477,14.428937777146404,6368522240,6442450944
C,Hadacore,gsm8k,gsm8k/test/724,e2e,80,256,cap,True,17786.310333758593,14.393091945219773,6376761856,6442450944
C,Hadacore,gsm8k,gsm8k/test/829,prefill,101,256,cap,True,90.98804742097855,,6378921472,6442450944
C,Hadacore,gsm8k,gsm8k/test/829,decode,101,256,cap,True,18027.92288828641,14.20019386516986,6368522240,6442450944
C,Hadacore,gsm8k,gsm8k/test/829,e2e,101,256,cap,True,17788.246518932283,14.391525310127424,6378921472,6442450944
C,Hadacore,gsm8k,gsm8k/test/1090,prefill,92,256,cap,True,84.18159931898117,,6377939456,6442450944
C,Hadacore,gsm8k,gsm8k/test/1090,decode,92,256,cap,True,17748.646218329668,14.423635293131234,6368522240,6442450944
C,Hadacore,gsm8k,gsm8k/test/1090,e2e,92,256,cap,True,17801.949101500213,14.380447811662728,6377939456,6442450944
C,Hadacore,gsm8k,gsm8k/test/889,prefill,76,176,eos,False,109.59862545132637,,6376423936,6442450944
C,Hadacore,gsm8k,gsm8k/test/889,decode,76,176,eos,False,12270.769434049726,14.343028849651743,6368522240,6442450944
C,Hadacore,gsm8k,gsm8k/test/889,e2e,76,176,eos,False,12306.00806698203,14.301957144999895,6376423936,6442450944
C,Hadacore,math_500,test/number_theory/838.json,prefill,88,256,cap,True,91.201345436275,,6377503232,6442450944
C,Hadacore,math_500,test/number_theory/838.json,decode,88,256,cap,True,17761.12602185458,14.41350056775674,6368522240,6442450944
C,Hadacore,math_500,test/number_theory/838.json,e2e,88,256,cap,True,18117.88613907993,14.129683674731401,6377503232,6442450944
C,Hadacore,gsm8k,gsm8k/test/861,prefill,84,256,cap,True,92.82045159488916,,6377099776,6442450944
C,Hadacore,gsm8k,gsm8k/test/861,decode,84,256,cap,True,17807.815491221845,14.375710492182055,6368522240,6442450944
C,Hadacore,gsm8k,gsm8k/test/861,e2e,84,256,cap,True,17874.317248351872,14.322225371914827,6377099776,6442450944
C,Hadacore,humaneval,HumanEval/124,prefill,312,256,cap,True,108.35122503340244,,6402654720,6442450944
C,Hadacore,humaneval,HumanEval/124,decode,312,256,cap,True,18127.42113415152,14.122251483290343,6368522240,6442450944
C,Hadacore,humaneval,HumanEval/124,e2e,312,256,cap,True,17968.53625960648,14.247125992977601,6402654720,6442450944
C,Hadacore,gsm8k,gsm8k/test/300,prefill,79,179,eos,False,93.75038463622332,,6376677888,6442450944
C,Hadacore,gsm8k,gsm8k/test/300,decode,79,179,eos,False,12623.581917025149,14.179810546370092,6368522240,6442450944
C,Hadacore,gsm8k,gsm8k/test/300,e2e,79,179,eos,False,12515.157866291702,14.30265618000059,6376677888,6442450944
C,Hadacore,gsm8k,gsm8k/test/1266,prefill,77,149,eos,False,108.88396855443716,,6376508928,6442450944
C,Hadacore,gsm8k,gsm8k/test/1266,decode,77,149,eos,False,10311.55906431377,14.449803281024595,6368522240,6442450944
C,Hadacore,gsm8k,gsm8k/test/1266,e2e,77,149,eos,False,10339.146632701159,14.411247397220919,6376508928,6442450944
D,Fusion,humaneval,HumanEval/84,prefill,170,256,cap,True,58.02295543253422,,6390392832,8225030144
D,Fusion,humaneval,HumanEval/84,decode,170,256,cap,True,4708.021664060652,54.37528080089608,6368540672,8225030144
D,Fusion,humaneval,HumanEval/84,e2e,170,256,cap,True,4799.352738074958,53.34052610241829,6390392832,8225030144
D,Fusion,humaneval,HumanEval/122,prefill,160,256,cap,True,65.74997585266829,,6390304768,8225030144
D,Fusion,humaneval,HumanEval/122,decode,160,256,cap,True,4730.912270024419,54.11218500542574,6368540672,8225030144
D,Fusion,humaneval,HumanEval/122,e2e,160,256,cap,True,4781.360417604446,53.54124718509736,6390304768,8225030144
D,Fusion,humaneval,HumanEval/55,prefill,78,227,eos,False,47.464894130825996,,6378916864,8225030144
D,Fusion,humaneval,HumanEval/55,decode,78,227,eos,False,4176.0661555454135,54.357376426751735,6368540672,8225030144
D,Fusion,humaneval,HumanEval/55,e2e,78,227,eos,False,4245.794955641031,53.46466383130541,6378916864,8225030144
D,Fusion,humaneval,HumanEval/77,prefill,136,256,cap,True,64.04808070510626,,6388389888,8225030144
D,Fusion,humaneval,HumanEval/77,decode,136,256,cap,True,4736.585918813944,54.04736753178188,6368540672,8225030144
D,Fusion,humaneval,HumanEval/77,e2e,136,256,cap,True,4780.082018114626,53.55556641703237,6388389888,8225030144
D,Fusion,gsm8k,gsm8k/test/194,prefill,64,127,eos,False,51.02906282991171,,6378448896,8225030144
D,Fusion,gsm8k,gsm8k/test/194,decode,64,127,eos,False,2345.310091972351,54.15062188778455,6368540672,8225030144
D,Fusion,gsm8k,gsm8k/test/194,e2e,64,127,eos,False,2369.770065881312,53.59169728256695,6378448896,8225030144
D,Fusion,humaneval,HumanEval/35,prefill,110,256,cap,True,52.21037659794092,,6383294464,8225030144
D,Fusion,humaneval,HumanEval/35,decode,110,256,cap,True,4765.8432414755225,53.71557288584705,6368540672,8225030144
D,Fusion,humaneval,HumanEval/35,e2e,110,256,cap,True,4753.805335611105,53.851595075272684,6383294464,8225030144
D,Fusion,humaneval,HumanEval/107,prefill,237,256,cap,True,78.3814275637269,,6400709632,8225030144
D,Fusion,humaneval,HumanEval/107,decode,237,256,cap,True,4749.24795050174,53.90327114274052,6368540672,8225030144
D,Fusion,humaneval,HumanEval/107,e2e,237,256,cap,True,4754.0920013561845,53.848347892083645,6400709632,8225030144
D,Fusion,math_500,test/precalculus/43.json,prefill,72,247,eos,False,43.29824820160866,,6378716672,8225030144
D,Fusion,math_500,test/precalculus/43.json,decode,72,247,eos,False,4551.990306004882,54.26197847437488,6368540672,8225030144
D,Fusion,math_500,test/precalculus/43.json,e2e,72,247,eos,False,4540.87492171675,54.394803701533746,6378716672,8225030144
D,Fusion,math_500,test/algebra/276.json,prefill,69,256,cap,True,72.85165134817362,,6378616832,8225030144
D,Fusion,math_500,test/algebra/276.json,decode,69,256,cap,True,4736.645028926432,54.04669305734797,6368540672,8225030144
D,Fusion,math_500,test/algebra/276.json,e2e,69,256,cap,True,4798.631518147886,53.34854302353426,6378616832,8225030144
D,Fusion,gsm8k,gsm8k/test/635,prefill,87,256,cap,True,57.506744749844074,,6379381760,8225030144
D,Fusion,gsm8k,gsm8k/test/635,decode,87,256,cap,True,4702.585295774043,54.4381407031688,6368540672,8225030144
D,Fusion,gsm8k,gsm8k/test/635,e2e,87,256,cap,True,4770.028065890074,53.66844732646895,6379381760,8225030144
D,Fusion,humaneval,HumanEval/24,prefill,76,256,cap,True,49.4696581736207,,6378850304,8225030144
D,Fusion,humaneval,HumanEval/24,decode,76,256,cap,True,4731.859605759382,54.10135154652721,6368540672,8225030144
D,Fusion,humaneval,HumanEval/24,e2e,76,256,cap,True,4766.958199441433,53.70300919147911,6378850304,8225030144
D,Fusion,gsm8k,gsm8k/test/647,prefill,81,256,cap,True,57.71775636821985,,6379017728,8225030144
D,Fusion,gsm8k,gsm8k/test/647,decode,81,256,cap,True,4762.27137260139,53.75586143050056,6368540672,8225030144
D,Fusion,gsm8k,gsm8k/test/647,e2e,81,256,cap,True,4786.248641088605,53.48656519895595,6379017728,8225030144
D,Fusion,gsm8k,gsm8k/test/1232,prefill,71,141,eos,False,59.6126327291131,,6378683904,8225030144
D,Fusion,gsm8k,gsm8k/test/1232,decode,71,141,eos,False,2601.5836596488953,54.197757384065476,6368540672,8225030144
D,Fusion,gsm8k,gsm8k/test/1232,e2e,71,141,eos,False,2633.2428017631173,53.54614466451474,6378683904,8225030144
D,Fusion,gsm8k,gsm8k/test/733,prefill,65,97,eos,False,49.05276373028755,,6378483712,8225030144
D,Fusion,gsm8k,gsm8k/test/733,decode,65,97,eos,False,1782.7901747077703,54.40909501080235,6368540672,8225030144
D,Fusion,gsm8k,gsm8k/test/733,e2e,65,97,eos,False,1821.789238601923,53.244358866912464,6378483712,8225030144
D,Fusion,math_500,test/counting_and_probability/803.json,prefill,77,256,cap,True,56.90411012619734,,6378884096,8225030144
D,Fusion,math_500,test/counting_and_probability/803.json,decode,77,256,cap,True,4748.857041820884,53.907708264437524,6368540672,8225030144
D,Fusion,math_500,test/counting_and_probability/803.json,e2e,77,256,cap,True,4726.084192283452,54.1674649846454,6378884096,8225030144
D,Fusion,humaneval,HumanEval/10,prefill,165,256,cap,True,57.12766107171774,,6390349312,8225030144
D,Fusion,humaneval,HumanEval/10,decode,165,256,cap,True,4731.203466653824,54.10885450273348,6368540672,8225030144
D,Fusion,humaneval,HumanEval/10,e2e,165,256,cap,True,4728.6588698625565,54.137971684018076,6390349312,8225030144
D,Fusion,gsm8k,gsm8k/test/286,prefill,55,145,eos,False,61.019010841846466,,6375306752,8225030144
D,Fusion,gsm8k,gsm8k/test/286,decode,55,145,eos,False,2660.990755073726,54.4909822491971,6368540672,8225030144
D,Fusion,gsm8k,gsm8k/test/286,e2e,55,145,eos,False,2713.086359202862,53.444668102125135,6375306752,8225030144
D,Fusion,math_500,test/intermediate_algebra/834.json,prefill,61,256,cap,True,69.6694403886795,,6375957504,8225030144
D,Fusion,math_500,test/intermediate_algebra/834.json,decode,61,256,cap,True,4758.612787351012,53.79719078645777,6368540672,8225030144
D,Fusion,math_500,test/intermediate_algebra/834.json,e2e,61,256,cap,True,4777.011044323444,53.5899954228087,6375957504,8225030144
D,Fusion,math_500,test/intermediate_algebra/1806.json,prefill,66,256,cap,True,54.22552768141031,,6378516480,8225030144
D,Fusion,math_500,test/intermediate_algebra/1806.json,decode,66,256,cap,True,4754.857428371906,53.83967949753144,6368540672,8225030144
D,Fusion,math_500,test/intermediate_algebra/1806.json,e2e,66,256,cap,True,4782.293547876179,53.53080011445341,6378516480,8225030144
D,Fusion,math_500,test/algebra/1031.json,prefill,61,256,cap,True,57.59070720523596,,6375957504,8225030144
D,Fusion,math_500,test/algebra/1031.json,decode,61,256,cap,True,4742.284024134278,53.98242675832428,6368540672,8225030144
D,Fusion,math_500,test/algebra/1031.json,e2e,61,256,cap,True,4764.810776337981,53.727212268595075,6375957504,8225030144
D,Fusion,humaneval,HumanEval/37,prefill,146,256,cap,True,63.608055002987385,,6388969472,8225030144
D,Fusion,humaneval,HumanEval/37,decode,146,256,cap,True,4709.904913790524,54.35353891124983,6368540672,8225030144
D,Fusion,humaneval,HumanEval/37,e2e,146,256,cap,True,4797.025421634316,53.36640469851469,6388969472,8225030144
D,Fusion,humaneval,HumanEval/103,prefill,173,256,cap,True,61.41807232052088,,6391683584,8225030144
D,Fusion,humaneval,HumanEval/103,decode,173,256,cap,True,4726.299644447863,54.16499571725874,6368540672,8225030144
D,Fusion,humaneval,HumanEval/103,e2e,173,256,cap,True,4720.170390792191,54.23533025404942,6391683584,8225030144
D,Fusion,humaneval,HumanEval/120,prefill,246,256,cap,True,78.43701168894768,,6401396736,8225030144
D,Fusion,humaneval,HumanEval/120,decode,246,256,cap,True,4730.531290173531,54.116543004751826,6368540672,8225030144
D,Fusion,humaneval,HumanEval/120,e2e,246,256,cap,True,4729.157374240458,54.132264955787335,6401396736,8225030144
D,Fusion,humaneval,HumanEval/149,prefill,210,256,cap,True,64.02340438216925,,6396336640,8225030144
D,Fusion,humaneval,HumanEval/149,decode,210,256,cap,True,4690.951824188232,54.57314625999185,6368540672,8225030144
D,Fusion,humaneval,HumanEval/149,e2e,210,256,cap,True,4744.108552113175,53.96166575614496,6396336640,8225030144
D,Fusion,gsm8k,gsm8k/test/1146,prefill,85,256,cap,True,73.15606623888016,,6379150848,8225030144
D,Fusion,gsm8k,gsm8k/test/1146,decode,85,256,cap,True,4758.47499910742,53.79874855873356,6368540672,8225030144
D,Fusion,gsm8k,gsm8k/test/1146,e2e,85,256,cap,True,4710.232114419341,54.34976319241513,6379150848,8225030144
D,Fusion,humaneval,HumanEval/155,prefill,91,256,cap,True,58.13355091959238,,6379908608,8225030144
D,Fusion,humaneval,HumanEval/155,decode,91,256,cap,True,4716.0480581223965,54.28273775944545,6368540672,8225030144
D,Fusion,humaneval,HumanEval/155,e2e,91,256,cap,True,4722.283920273185,54.211056412971956,6379908608,8225030144
D,Fusion,humaneval,HumanEval/18,prefill,111,256,cap,True,57.31205176562071,,6383377408,8225030144
D,Fusion,humaneval,HumanEval/18,decode,111,256,cap,True,4729.938865639269,54.123321098231706,6368540672,8225030144
D,Fusion,humaneval,HumanEval/18,e2e,111,256,cap,True,4730.080453678966,54.12170099578076,6383377408,8225030144
D,Fusion,humaneval,HumanEval/52,prefill,107,212,eos,False,57.07334913313389,,6383047680,8225030144
D,Fusion,humaneval,HumanEval/52,decode,107,212,eos,False,3909.0016912668943,54.23379592636899,6368540672,8225030144
D,Fusion,humaneval,HumanEval/52,e2e,107,212,eos,False,3943.168547935784,53.76386969585164,6383047680,8225030144
D,Fusion,math_500,test/prealgebra/1251.json,prefill,55,256,cap,True,54.809500463306904,,6375306752,8225030144
D,Fusion,math_500,test/prealgebra/1251.json,decode,55,256,cap,True,4708.249040879309,54.37265483989556,6368540672,8225030144
D,Fusion,math_500,test/prealgebra/1251.json,e2e,55,256,cap,True,4746.177051216364,53.938147953075536,6375306752,8225030144
D,Fusion,gsm8k,gsm8k/test/995,prefill,65,200,eos,False,51.563458517193794,,6378483712,8225030144
D,Fusion,gsm8k,gsm8k/test/995,decode,65,200,eos,False,3702.6918437331915,54.01475695000116,6368540672,8225030144
D,Fusion,gsm8k,gsm8k/test/995,e2e,65,200,eos,False,3721.408724784851,53.743088918985315,6378483712,8225030144
D,Fusion,math_500,test/algebra/1265.json,prefill,42,213,eos,False,42.05445945262909,,6373454848,8225030144
D,Fusion,math_500,test/algebra/1265.json,decode,42,213,eos,False,3930.5547354742885,54.1908240273616,6368540672,8225030144
D,Fusion,math_500,test/algebra/1265.json,e2e,42,213,eos,False,3918.8945526257157,54.352062077630265,6373454848,8225030144
D,Fusion,math_500,test/algebra/1339.json,prefill,63,256,cap,True,73.01145605742931,,6376220672,8225030144
D,Fusion,math_500,test/algebra/1339.json,decode,63,256,cap,True,4687.914077192545,54.6085094105033,6368540672,8225030144
D,Fusion,math_500,test/algebra/1339.json,e2e,63,256,cap,True,4709.4437861815095,54.35886096595046,6376220672,8225030144
D,Fusion,gsm8k,gsm8k/test/447,prefill,72,192,eos,False,48.345611430704594,,6378716672,8225030144
D,Fusion,gsm8k,gsm8k/test/447,decode,72,192,eos,False,3494.6360737085342,54.94134323298739,6368540672,8225030144
D,Fusion,gsm8k,gsm8k/test/447,e2e,72,192,eos,False,3536.369152367115,54.292974440036126,6378716672,8225030144
D,Fusion,math_500,test/number_theory/533.json,prefill,74,256,cap,True,69.38060559332371,,6378783232,8225030144
D,Fusion,math_500,test/number_theory/533.json,decode,74,256,cap,True,4723.947579972446,54.19196459447021,6368540672,8225030144
D,Fusion,math_500,test/number_theory/533.json,e2e,74,256,cap,True,4710.026830434799,54.35213199759368,6378783232,8225030144
D,Fusion,math_500,test/intermediate_algebra/1102.json,prefill,67,256,cap,True,51.30705609917641,,6378550272,8225030144
D,Fusion,math_500,test/intermediate_algebra/1102.json,decode,67,256,cap,True,4759.87564958632,53.782917631944635,6368540672,8225030144
D,Fusion,math_500,test/intermediate_algebra/1102.json,e2e,67,256,cap,True,4722.038758918643,54.213870971830936,6378550272,8225030144
D,Fusion,humaneval,HumanEval/80,prefill,144,256,cap,True,55.51534425467253,,6388853248,8225030144
D,Fusion,humaneval,HumanEval/80,decode,144,256,cap,True,4662.453625351191,54.906712338767186,6368540672,8225030144
D,Fusion,humaneval,HumanEval/80,e2e,144,256,cap,True,4720.168184489012,54.235355604752385,6388853248,8225030144
D,Fusion,gsm8k,gsm8k/test/82,prefill,53,175,eos,False,65.07707946002483,,6375190528,8225030144
D,Fusion,gsm8k,gsm8k/test/82,decode,53,175,eos,False,3238.6607928201556,54.034680133208326,6368540672,8225030144
D,Fusion,gsm8k,gsm8k/test/82,e2e,53,175,eos,False,3263.625266030431,53.62135224944305,6375190528,8225030144
D,Fusion,math_500,test/precalculus/920.json,prefill,92,256,cap,True,71.33463956415653,,6380039680,8225030144
D,Fusion,math_500,test/precalculus/920.json,decode,92,256,cap,True,4722.323997877538,54.21059633245409,6368540672,8225030144
D,Fusion,math_500,test/precalculus/920.json,e2e,92,256,cap,True,4702.108771540225,54.44365760942288,6380039680,8225030144
D,Fusion,gsm8k,gsm8k/test/1033,prefill,81,256,cap,True,72.76865746825933,,6379017728,8225030144
D,Fusion,gsm8k,gsm8k/test/1033,decode,81,256,cap,True,4684.75351575762,54.64535095366689,6368540672,8225030144
D,Fusion,gsm8k,gsm8k/test/1033,e2e,81,256,cap,True,4725.041287951171,54.179420749782345,6379017728,8225030144
D,Fusion,humaneval,HumanEval/72,prefill,253,256,cap,True,79.79458291083574,,6401931776,8225030144
D,Fusion,humaneval,HumanEval/72,decode,253,256,cap,True,4750.010844320059,53.894613799907056,6368540672,8225030144
D,Fusion,humaneval,HumanEval/72,e2e,253,256,cap,True,4799.381305463612,53.3402086032568,6401931776,8225030144
D,Fusion,math_500,test/algebra/1082.json,prefill,116,256,cap,True,63.35894390940666,,6383789568,8225030144
D,Fusion,math_500,test/algebra/1082.json,decode,116,256,cap,True,4736.464135348797,54.0487571919824,6368540672,8225030144
D,Fusion,math_500,test/algebra/1082.json,e2e,116,256,cap,True,4769.053071737289,53.67941940447798,6383789568,8225030144
D,Fusion,math_500,test/prealgebra/1686.json,prefill,70,256,cap,True,54.86643873155117,,6378650112,8225030144
D,Fusion,math_500,test/prealgebra/1686.json,decode,70,256,cap,True,4715.86798876524,54.28481047600926,6368540672,8225030144
D,Fusion,math_500,test/prealgebra/1686.json,e2e,70,256,cap,True,4706.392935477197,54.39409830621023,6378650112,8225030144
D,Fusion,humaneval,HumanEval/130,prefill,258,256,cap,True,83.59145931899548,,6402363392,8225030144
D,Fusion,humaneval,HumanEval/130,decode,258,256,cap,True,4740.470739081502,54.003075662819455,6368540672,8225030144
D,Fusion,humaneval,HumanEval/130,e2e,258,256,cap,True,4734.180361032486,54.07483037764292,6402363392,8225030144
D,Fusion,humaneval,HumanEval/79,prefill,170,256,cap,True,67.42989830672741,,6390392832,8225030144
D,Fusion,humaneval,HumanEval/79,decode,170,256,cap,True,4730.823793448508,54.113197019623136,6368540672,8225030144
D,Fusion,humaneval,HumanEval/79,e2e,170,256,cap,True,4712.939295917749,54.318543890803326,6390392832,8225030144
D,Fusion,humaneval,HumanEval/150,prefill,113,256,cap,True,50.715379416942596,,6383542784,8225030144
D,Fusion,humaneval,HumanEval/150,decode,113,256,cap,True,4704.598510637879,54.41484526705976,6368540672,8225030144
D,Fusion,humaneval,HumanEval/150,e2e,113,256,cap,True,4755.301043391228,53.83465687325537,6383542784,8225030144
D,Fusion,humaneval,HumanEval/25,prefill,151,256,cap,True,56.213514879345894,,6390226432,8225030144
D,Fusion,humaneval,HumanEval/25,decode,151,256,cap,True,4747.303366661072,53.9253509261307,6368540672,8225030144
D,Fusion,humaneval,HumanEval/25,e2e,151,256,cap,True,4725.151541642845,54.178156561512886,6390226432,8225030144
D,Fusion,humaneval,HumanEval/113,prefill,205,256,cap,True,67.05015990883112,,6396160000,8225030144
D,Fusion,humaneval,HumanEval/113,decode,205,256,cap,True,4738.39982226491,54.026677697627136,6368540672,8225030144
D,Fusion,humaneval,HumanEval/113,e2e,205,256,cap,True,4761.244191788137,53.76745860704456,6396160000,8225030144
D,Fusion,math_500,test/intermediate_algebra/158.json,prefill,73,256,cap,True,58.92626289278269,,6378750464,8225030144
D,Fusion,math_500,test/intermediate_algebra/158.json,decode,73,256,cap,True,4730.238157324493,54.119896606812326,6368540672,8225030144
D,Fusion,math_500,test/intermediate_algebra/158.json,e2e,73,256,cap,True,4778.846871107817,53.5694084587094,6378750464,8225030144
D,Fusion,gsm8k,gsm8k/test/676,prefill,82,256,cap,True,71.15338183939457,,6379050496,8225030144
D,Fusion,gsm8k,gsm8k/test/676,decode,82,256,cap,True,4692.858506925404,54.550973489231026,6368540672,8225030144
D,Fusion,gsm8k,gsm8k/test/676,e2e,82,256,cap,True,4695.402402430773,54.52141862590325,6379050496,8225030144
D,Fusion,math_500,test/counting_and_probability/190.json,prefill,42,256,cap,True,71.71844504773617,,6373454848,8225030144
D,Fusion,math_500,test/counting_and_probability/190.json,decode,42,256,cap,True,4724.294229410589,54.1879882091804,6368540672,8225030144
D,Fusion,math_500,test/counting_and_probability/190.json,e2e,42,256,cap,True,4691.023754887283,54.57230945234283,6373454848,8225030144
D,Fusion,math_500,test/geometry/347.json,prefill,64,256,cap,True,45.897820964455605,,6378448896,8225030144
D,Fusion,math_500,test/geometry/347.json,decode,64,256,cap,True,4721.2880831211805,54.222490873880716,6368540672,8225030144
D,Fusion,math_500,test/geometry/347.json,e2e,64,256,cap,True,4766.717930324376,53.70571612207378,6378448896,8225030144
D,Fusion,gsm8k,gsm8k/test/513,prefill,62,191,eos,False,55.40943518280983,,6376088576,8225030144
D,Fusion,gsm8k,gsm8k/test/513,decode,62,191,eos,False,3487.7257412299514,54.76348032246469,6368540672,8225030144
D,Fusion,gsm8k,gsm8k/test/513,e2e,62,191,eos,False,3560.696417465806,53.64119194860684,6376088576,8225030144
D,Fusion,math_500,test/algebra/1098.json,prefill,35,114,eos,False,45.09603697806597,,6372533760,8225030144
D,Fusion,math_500,test/algebra/1098.json,decode,35,114,eos,False,2100.937363691628,54.26149392654275,6368540672,8225030144
D,Fusion,math_500,test/algebra/1098.json,e2e,35,114,eos,False,2111.490865238011,53.99028803619746,6372533760,8225030144
D,Fusion,humaneval,HumanEval/142,prefill,194,256,cap,True,72.32250738888979,,6394819584,8225030144
D,Fusion,humaneval,HumanEval/142,decode,194,256,cap,True,4707.0211581885815,54.386838596348554,6368540672,8225030144
D,Fusion,humaneval,HumanEval/142,e2e,194,256,cap,True,4754.4038239866495,53.844816190926664,6394819584,8225030144
D,Fusion,math_500,test/number_theory/72.json,prefill,46,256,cap,True,49.836523830890656,,6374784512,8225030144
D,Fusion,math_500,test/number_theory/72.json,decode,46,256,cap,True,4713.466891087592,54.31246382234165,6368540672,8225030144
D,Fusion,math_500,test/number_theory/72.json,e2e,46,256,cap,True,4757.567032240331,53.809015882525564,6374784512,8225030144
D,Fusion,gsm8k,gsm8k/test/577,prefill,114,256,cap,True,65.13288524001837,,6383624704,8225030144
D,Fusion,gsm8k,gsm8k/test/577,decode,114,256,cap,True,4683.050910942256,54.66521822383762,6368540672,8225030144
D,Fusion,gsm8k,gsm8k/test/577,e2e,114,256,cap,True,4701.573932543397,54.44985098033169,6383624704,8225030144
D,Fusion,math_500,test/algebra/661.json,prefill,47,256,cap,True,53.23181767016649,,6374842880,8225030144
D,Fusion,math_500,test/algebra/661.json,decode,47,256,cap,True,4673.150741495192,54.78102765375205,6368540672,8225030144
D,Fusion,math_500,test/algebra/661.json,e2e,47,256,cap,True,4705.2629217505455,54.407161567234546,6374842880,8225030144
D,Fusion,humaneval,HumanEval/98,prefill,95,256,cap,True,71.1150448769331,,6380434944,8225030144
D,Fusion,humaneval,HumanEval/98,decode,95,256,cap,True,4751.133690588176,53.88187676282962,6368540672,8225030144
D,Fusion,humaneval,HumanEval/98,e2e,95,256,cap,True,4710.3027468547225,54.34894820103496,6380434944,8225030144
D,Fusion,math_500,test/intermediate_algebra/1930.json,prefill,95,256,cap,True,60.239458456635475,,6380434944,8225030144
D,Fusion,math_500,test/intermediate_algebra/1930.json,decode,95,256,cap,True,4740.045375190675,54.007921810179305,6368540672,8225030144
D,Fusion,math_500,test/intermediate_algebra/1930.json,e2e,95,256,cap,True,4725.400411523879,54.175303192442776,6380434944,8225030144
D,Fusion,gsm8k,gsm8k/test/530,prefill,96,256,cap,True,58.170681819319725,,6380566016,8225030144
D,Fusion,gsm8k,gsm8k/test/530,decode,96,256,cap,True,4685.204768553376,54.640087818198744,6368540672,8225030144
D,Fusion,gsm8k,gsm8k/test/530,e2e,96,256,cap,True,4719.137763604522,54.2471978619384,6380566016,8225030144
D,Fusion,gsm8k,gsm8k/test/966,prefill,131,256,cap,True,72.24838715046644,,6388100608,8225030144
D,Fusion,gsm8k,gsm8k/test/966,decode,131,256,cap,True,4747.008360922337,53.92870215005469,6368540672,8225030144
D,Fusion,gsm8k,gsm8k/test/966,e2e,131,256,cap,True,4713.332534767687,54.3140120311112,6388100608,8225030144
D,Fusion,math_500,test/algebra/170.json,prefill,45,256,cap,True,46.72121908515692,,6374727168,8225030144
D,Fusion,math_500,test/algebra/170.json,decode,45,256,cap,True,4685.14892552048,54.640739082068905,6368540672,8225030144
D,Fusion,math_500,test/algebra/170.json,e2e,45,256,cap,True,4704.025537706912,54.42147325688058,6374727168,8225030144
D,Fusion,humaneval,HumanEval/66,prefill,143,256,cap,True,54.787217639386654,,6388795904,8225030144
D,Fusion,humaneval,HumanEval/66,decode,143,256,cap,True,4751.524403691292,53.87744610995213,6368540672,8225030144
D,Fusion,humaneval,HumanEval/66,e2e,143,256,cap,True,4713.862298056483,54.30790799840469,6388795904,8225030144
D,Fusion,math_500,test/intermediate_algebra/1797.json,prefill,85,256,cap,True,46.990860253572464,,6379150848,8225030144
D,Fusion,math_500,test/intermediate_algebra/1797.json,decode,85,256,cap,True,4703.07420194149,54.43248160837434,6368540672,8225030144
D,Fusion,math_500,test/intermediate_algebra/1797.json,e2e,85,256,cap,True,4719.475389458239,54.243317079652556,6379150848,8225030144
D,Fusion,gsm8k,gsm8k/test/151,prefill,114,256,cap,True,47.90750239044428,,6383624704,8225030144
D,Fusion,gsm8k,gsm8k/test/151,decode,114,256,cap,True,4753.17486282438,53.858738083093044,6368540672,8225030144
D,Fusion,gsm8k,gsm8k/test/151,e2e,114,256,cap,True,4713.806746527553,54.308548009224936,6383624704,8225030144
D,Fusion,math_500,test/number_theory/516.json,prefill,50,256,cap,True,69.46533173322678,,6375016448,8225030144
D,Fusion,math_500,test/number_theory/516.json,decode,50,256,cap,True,4734.534056857228,54.070790689365566,6368540672,8225030144
D,Fusion,math_500,test/number_theory/516.json,e2e,50,256,cap,True,4727.552177384496,54.15064506842339,6375016448,8225030144
D,Fusion,humaneval,HumanEval/90,prefill,147,256,cap,True,74.24042467027903,,6389027840,8225030144
D,Fusion,humaneval,HumanEval/90,decode,147,256,cap,True,4668.802858330309,54.832043195662486,6368540672,8225030144
D,Fusion,humaneval,HumanEval/90,e2e,147,256,cap,True,4712.478181347251,54.323858943960595,6389027840,8225030144
D,Fusion,gsm8k,gsm8k/test/976,prefill,110,256,cap,True,72.93931115418673,,6383294464,8225030144
D,Fusion,gsm8k,gsm8k/test/976,decode,110,256,cap,True,4724.845978431404,54.181660348003376,6368540672,8225030144
D,Fusion,gsm8k,gsm8k/test/976,e2e,110,256,cap,True,4723.664703778923,54.1952098749093,6383294464,8225030144
D,Fusion,gsm8k,gsm8k/test/202,prefill,72,182,eos,False,69.79708466678858,,6378716672,8225030144
D,Fusion,gsm8k,gsm8k/test/202,decode,72,182,eos,False,3370.2270314097404,54.00229667135237,6368540672,8225030144
D,Fusion,gsm8k,gsm8k/test/202,e2e,72,182,eos,False,3402.4580540135503,53.49074025624275,6378716672,8225030144
D,Fusion,math_500,test/algebra/694.json,prefill,95,256,cap,True,59.02728997170925,,6380434944,8225030144
D,Fusion,math_500,test/algebra/694.json,decode,95,256,cap,True,4679.473252035677,54.70701213830727,6368540672,8225030144
D,Fusion,math_500,test/algebra/694.json,e2e,95,256,cap,True,4706.159761175513,54.396793349840685,6380434944,8225030144
D,Fusion,math_500,test/counting_and_probability/23957.json,prefill,75,256,cap,True,57.76878632605076,,6378817536,8225030144
D,Fusion,math_500,test/counting_and_probability/23957.json,decode,75,256,cap,True,4716.291133314371,54.27994005537485,6368540672,8225030144
D,Fusion,math_500,test/counting_and_probability/23957.json,e2e,75,256,cap,True,4785.514615476131,53.494769229647304,6378817536,8225030144
D,Fusion,gsm8k,gsm8k/test/206,prefill,101,255,eos,False,58.774279430508614,,6381224960,8225030144
D,Fusion,gsm8k,gsm8k/test/206,decode,101,255,eos,False,4649.324536323547,54.84667676084432,6368540672,8225030144
D,Fusion,gsm8k,gsm8k/test/206,e2e,101,255,eos,False,4699.154498055577,54.2650811131054,6381224960,8225030144
D,Fusion,gsm8k,gsm8k/test/1194,prefill,77,130,eos,False,70.28998155146837,,6378884096,8225030144
D,Fusion,gsm8k,gsm8k/test/1194,decode,77,130,eos,False,2413.2440704852343,53.869395802083424,6368540672,8225030144
D,Fusion,gsm8k,gsm8k/test/1194,e2e,77,130,eos,False,2436.324806883931,53.35905936379251,6378884096,8225030144
D,Fusion,humaneval,HumanEval/91,prefill,130,256,cap,True,55.279905907809734,,6388042240,8225030144
D,Fusion,humaneval,HumanEval/91,decode,130,256,cap,True,4700.805856846273,54.45874766922368,6368540672,8225030144
D,Fusion,humaneval,HumanEval/91,e2e,130,256,cap,True,4792.92169213295,53.41209734767744,6388042240,8225030144
D,Fusion,math_500,test/intermediate_algebra/1981.json,prefill,75,256,cap,True,56.04055896401405,,6378817536,8225030144
D,Fusion,math_500,test/intermediate_algebra/1981.json,decode,75,256,cap,True,4703.616923652589,54.4262009758234,6368540672,8225030144
D,Fusion,math_500,test/intermediate_algebra/1981.json,e2e,75,256,cap,True,4754.851972684264,53.83974127284554,6378817536,8225030144
D,Fusion,gsm8k,gsm8k/test/621,prefill,79,230,eos,False,50.61104707419872,,6378950656,8225030144
D,Fusion,gsm8k,gsm8k/test/621,decode,79,230,eos,False,4265.049657784402,53.92668748421556,6368540672,8225030144
D,Fusion,gsm8k,gsm8k/test/621,e2e,79,230,eos,False,4286.712063476443,53.65417518000365,6378950656,8225030144
D,Fusion,humaneval,HumanEval/136,prefill,161,256,cap,True,56.47546984255314,,6390314496,8225030144
D,Fusion,humaneval,HumanEval/136,decode,161,256,cap,True,4718.127319589257,54.25881555529672,6368540672,8225030144
D,Fusion,humaneval,HumanEval/136,e2e,161,256,cap,True,4715.626897290349,54.287585845076165,6390314496,8225030144
D,Fusion,math_500,test/algebra/907.json,prefill,55,256,cap,True,57.533263228833675,,6375306752,8225030144
D,Fusion,math_500,test/algebra/907.json,decode,55,256,cap,True,4694.523079320788,54.531630939822435,6368540672,8225030144
D,Fusion,math_500,test/algebra/907.json,e2e,55,256,cap,True,4686.135273426771,54.62923818091109,6375306752,8225030144
D,Fusion,gsm8k,gsm8k/test/788,prefill,74,187,eos,False,56.72818422317505,,6378783232,8225030144
D,Fusion,gsm8k,gsm8k/test/788,decode,74,187,eos,False,3411.206066608429,54.81932089371652,6368540672,8225030144
D,Fusion,gsm8k,gsm8k/test/788,e2e,74,187,eos,False,3436.365763656795,54.41795573035994,6378783232,8225030144
D,Fusion,humaneval,HumanEval/129,prefill,419,256,cap,True,98.71050901710987,,6425388032,8225030144
D,Fusion,humaneval,HumanEval/129,decode,419,256,cap,True,4746.599070727825,53.93335231929457,6368540672,8225030144
D,Fusion,humaneval,HumanEval/129,e2e,419,256,cap,True,4812.153214588761,53.1986386517989,6425388032,8225030144
D,Fusion,math_500,test/precalculus/881.json,prefill,197,256,cap,True,75.6706278771162,,6395073536,8225030144
D,Fusion,math_500,test/precalculus/881.json,decode,197,256,cap,True,4702.549606561661,54.43855385231719,6368540672,8225030144
D,Fusion,math_500,test/precalculus/881.json,e2e,197,256,cap,True,4722.207497805357,54.21193374475303,6395073536,8225030144
D,Fusion,gsm8k,gsm8k/test/1047,prefill,98,256,cap,True,69.510817527771,,6380829696,8225030144
D,Fusion,gsm8k,gsm8k/test/1047,decode,98,256,cap,True,4747.371243312955,53.924579915799946,6368540672,8225030144
D,Fusion,gsm8k,gsm8k/test/1047,e2e,98,256,cap,True,4704.889884218574,54.41147535858187,6380829696,8225030144
D,Fusion,humaneval,HumanEval/64,prefill,149,256,cap,True,66.01704750210047,,6389143552,8225030144
D,Fusion,humaneval,HumanEval/64,decode,149,256,cap,True,4679.114093072712,54.7112113335728,6368540672,8225030144
D,Fusion,humaneval,HumanEval/64,e2e,149,256,cap,True,4725.167710334063,54.17797117340861,6389143552,8225030144
D,Fusion,math_500,test/intermediate_algebra/1462.json,prefill,101,256,cap,True,54.69484906643629,,6381224960,8225030144
D,Fusion,math_500,test/intermediate_algebra/1462.json,decode,101,256,cap,True,4724.316847510636,54.18772877921873,6368540672,8225030144
D,Fusion,math_500,test/intermediate_algebra/1462.json,e2e,101,256,cap,True,4787.47939132154,53.47281504001076,6381224960,8225030144
D,Fusion,humaneval,HumanEval/111,prefill,174,256,cap,True,66.43192283809185,,6391783936,8225030144
D,Fusion,humaneval,HumanEval/111,decode,174,256,cap,True,4750.589554198086,53.888048436803665,6368540672,8225030144
D,Fusion,humaneval,HumanEval/111,e2e,174,256,cap,True,4744.880695827305,53.95288446875575,6391783936,8225030144
D,Fusion,math_500,test/counting_and_probability/389.json,prefill,54,182,eos,False,69.79084480553865,,6375248384,8225030144
D,Fusion,math_500,test/counting_and_probability/389.json,decode,54,182,eos,False,3320.1909326016903,54.816124642984136,6368540672,8225030144
D,Fusion,math_500,test/counting_and_probability/389.json,e2e,54,182,eos,False,3398.040061816573,53.560286720899875,6375248384,8225030144
D,Fusion,gsm8k,gsm8k/test/285,prefill,49,86,eos,False,60.64640171825886,,6374959104,8225030144
D,Fusion,gsm8k,gsm8k/test/285,decode,49,86,eos,False,1576.6478767618537,54.54610459795771,6368540672,8225030144
D,Fusion,gsm8k,gsm8k/test/285,e2e,49,86,eos,False,1621.9425303861499,53.02284044523158,6374959104,8225030144
D,Fusion,gsm8k,gsm8k/test/724,prefill,80,256,cap,True,47.55707457661629,,6378983424,8225030144
D,Fusion,gsm8k,gsm8k/test/724,decode,80,256,cap,True,4759.665329940617,53.785294186470445,6368540672,8225030144
D,Fusion,gsm8k,gsm8k/test/724,e2e,80,256,cap,True,4780.320471152663,53.552894946031,6378983424,8225030144
D,Fusion,gsm8k,gsm8k/test/829,prefill,101,256,cap,True,71.77488226443529,,6381224960,8225030144
D,Fusion,gsm8k,gsm8k/test/829,decode,101,256,cap,True,4703.4850511699915,54.427726933313,6368540672,8225030144
D,Fusion,gsm8k,gsm8k/test/829,e2e,101,256,cap,True,4704.34950478375,54.4177254984306,6381224960,8225030144
D,Fusion,gsm8k,gsm8k/test/1090,prefill,92,233,eos,False,46.377602964639664,,6380039680,8225030144
D,Fusion,gsm8k,gsm8k/test/1090,decode,92,233,eos,False,4248.988851904869,54.83657597631576,6368540672,8225030144
D,Fusion,gsm8k,gsm8k/test/1090,e2e,92,233,eos,False,4289.600368589163,54.31741420626393,6380039680,8225030144
D,Fusion,gsm8k,gsm8k/test/889,prefill,76,235,eos,False,47.97582793980837,,6378850304,8225030144
D,Fusion,gsm8k,gsm8k/test/889,decode,76,235,eos,False,4323.630432598293,54.352471531378406,6368540672,8225030144
D,Fusion,gsm8k,gsm8k/test/889,e2e,76,235,eos,False,4327.193435281515,54.30771781172097,6378850304,8225030144
D,Fusion,math_500,test/number_theory/838.json,prefill,88,256,cap,True,50.846279598772526,,6379512832,8225030144
D,Fusion,math_500,test/number_theory/838.json,decode,88,256,cap,True,4722.357518970966,54.210211524980885,6368540672,8225030144
D,Fusion,math_500,test/number_theory/838.json,e2e,88,256,cap,True,4707.664819434285,54.379402489143914,6379512832,8225030144
D,Fusion,gsm8k,gsm8k/test/861,prefill,84,256,cap,True,69.85963694751263,,6379117056,8225030144
D,Fusion,gsm8k,gsm8k/test/861,decode,84,256,cap,True,4677.327492274344,54.73210939854895,6368540672,8225030144
D,Fusion,gsm8k,gsm8k/test/861,e2e,84,256,cap,True,4710.090500302613,54.35139727857725,6379117056,8225030144
D,Fusion,humaneval,HumanEval/124,prefill,312,256,cap,True,82.42737129330635,,6410452992,8225030144
D,Fusion,humaneval,HumanEval/124,decode,312,256,cap,True,4703.468658961356,54.42791662112005,6368540672,8225030144
D,Fusion,humaneval,HumanEval/124,e2e,312,256,cap,True,4792.7854526788,53.41361563700199,6410452992,8225030144
D,Fusion,gsm8k,gsm8k/test/300,prefill,79,178,eos,False,46.5871449559927,,6378950656,8225030144
D,Fusion,gsm8k,gsm8k/test/300,decode,79,178,eos,False,3243.2497022673488,54.88322403161267,6368540672,8225030144
D,Fusion,gsm8k,gsm8k/test/300,e2e,79,178,eos,False,3287.4287581071258,54.145660057585836,6378950656,8225030144
D,Fusion,gsm8k,gsm8k/test/1266,prefill,77,202,eos,False,46.63682449609041,,6378884096,8225030144
D,Fusion,gsm8k,gsm8k/test/1266,decode,77,202,eos,False,3694.194263778627,54.68039458038224,6368540672,8225030144
D,Fusion,gsm8k,gsm8k/test/1266,e2e,77,202,eos,False,3720.0773302465677,54.29994649778191,6378884096,8225030144
E,PARD2,humaneval,HumanEval/84,prefill,170,256,cap,True,117.95181687921286,,8882190336,11362369536
E,PARD2,humaneval,HumanEval/84,decode,170,256,cap,True,1517.483132891357,168.70039241373772,8705872896,11362369536
E,PARD2,humaneval,HumanEval/84,e2e,170,256,cap,True,1630.786039866507,156.97951401457647,8882190336,11362369536
E,PARD2,humaneval,HumanEval/122,prefill,160,256,cap,True,113.80610801279545,,8868811776,11362369536
E,PARD2,humaneval,HumanEval/122,decode,160,256,cap,True,1566.2807673215866,163.44451476459867,8705872896,11362369536
E,PARD2,humaneval,HumanEval/122,e2e,160,256,cap,True,1680.400692857802,152.34461702382976,8868811776,11362369536
E,PARD2,humaneval,HumanEval/55,prefill,78,227,eos,False,86.23363450169563,,8759155712,11362369536
E,PARD2,humaneval,HumanEval/55,decode,78,227,eos,False,2643.075892701745,85.8847831902251,8705871872,11362369536
E,PARD2,humaneval,HumanEval/55,e2e,78,227,eos,False,2723.4668536111712,83.34964668250328,8759155712,11362369536
E,PARD2,humaneval,HumanEval/77,prefill,136,256,cap,True,107.94423799961805,,8836703232,11362369536
E,PARD2,humaneval,HumanEval/77,decode,136,256,cap,True,2273.176135495305,112.61775803581531,8705872896,11362369536
E,PARD2,humaneval,HumanEval/77,e2e,136,256,cap,True,2368.524824269116,108.08415321507006,8836703232,11362369536
E,PARD2,gsm8k,gsm8k/test/194,prefill,64,127,eos,False,86.65156550705433,,8740375552,11362369536
E,PARD2,gsm8k,gsm8k/test/194,decode,64,127,eos,False,1286.6068249568343,98.70925409109411,8699039744,11362369536
E,PARD2,gsm8k,gsm8k/test/194,e2e,64,127,eos,False,1366.482375189662,92.9393619016659,8740375552,11362369536
E,PARD2,humaneval,HumanEval/35,prefill,110,256,cap,True,98.218466155231,,8802229248,11362369536
E,PARD2,humaneval,HumanEval/35,decode,110,256,cap,True,1784.80807505548,143.43278898042993,8705871872,11362369536
E,PARD2,humaneval,HumanEval/35,e2e,110,256,cap,True,1868.206188082695,137.02984265496306,8802229248,11362369536
E,PARD2,humaneval,HumanEval/107,prefill,237,256,cap,True,138.35740461945534,,8972154880,11362369536
E,PARD2,humaneval,HumanEval/107,decode,237,256,cap,True,1135.06222050637,225.53829682199637,8705873920,11362369536
E,PARD2,humaneval,HumanEval/107,e2e,237,256,cap,True,1264.2601057887077,202.48997720314412,8972154880,11362369536
E,PARD2,math_500,test/precalculus/43.json,prefill,72,247,eos,False,99.36907514929771,,8751226880,11362369536
E,PARD2,math_500,test/precalculus/43.json,decode,72,247,eos,False,1405.002855695784,175.8003544253872,8705871872,11362369536
E,PARD2,math_500,test/precalculus/43.json,e2e,72,247,eos,False,1485.5377981439233,166.26975113565567,8751226880,11362369536
E,PARD2,math_500,test/algebra/276.json,prefill,69,256,cap,True,90.42317233979702,,8747261952,11362369536
E,PARD2,math_500,test/algebra/276.json,decode,69,256,cap,True,1682.6187679544091,152.14379209095827,8705144320,11362369536
E,PARD2,math_500,test/algebra/276.json,e2e,69,256,cap,True,1767.7168510854244,144.8195732494202,8747261952,11362369536
E,PARD2,gsm8k,gsm8k/test/635,prefill,87,256,cap,True,84.54279974102974,,8771834880,11362369536
E,PARD2,gsm8k,gsm8k/test/635,decode,87,256,cap,True,2108.9378921315074,121.38811719166387,8705871872,11362369536
E,PARD2,gsm8k,gsm8k/test/635,e2e,87,256,cap,True,2194.1008614376187,116.67649582538502,8771834880,11362369536
E,PARD2,humaneval,HumanEval/24,prefill,76,256,cap,True,85.1052962243557,,8757561344,11362369536
E,PARD2,humaneval,HumanEval/24,decode,76,256,cap,True,2545.7535861060023,100.55961480214545,8705871872,11362369536
E,PARD2,humaneval,HumanEval/24,e2e,76,256,cap,True,2656.7307226359844,96.35903172979424,8757561344,11362369536
E,PARD2,gsm8k,gsm8k/test/647,prefill,81,256,cap,True,84.45161767303944,,8763119616,11362369536
E,PARD2,gsm8k,gsm8k/test/647,decode,81,256,cap,True,2132.311385124922,120.05751213723515,8705871872,11362369536
E,PARD2,gsm8k,gsm8k/test/647,e2e,81,256,cap,True,2218.723996542394,115.38163394768534,8763119616,11362369536
E,PARD2,gsm8k,gsm8k/test/1232,prefill,71,141,eos,False,105.19726667553186,,8749904896,11362369536
E,PARD2,gsm8k,gsm8k/test/1232,decode,71,141,eos,False,915.3997199609876,154.03107180982002,8703440896,11362369536
E,PARD2,gsm8k,gsm8k/test/1232,e2e,71,141,eos,False,992.2431353479624,142.10226806008967,8749904896,11362369536
E,PARD2,gsm8k,gsm8k/test/733,prefill,65,97,eos,False,84.68395005911589,,8741713408,11362369536
E,PARD2,gsm8k,gsm8k/test/733,decode,65,97,eos,False,1201.7547469586134,80.71530422117029,8699951616,11362369536
E,PARD2,gsm8k,gsm8k/test/733,e2e,65,97,eos,False,1278.5153714939952,75.86924816293113,8741713408,11362369536
E,PARD2,math_500,test/counting_and_probability/803.json,prefill,77,256,cap,True,107.30074718594551,,8757833728,11362369536
E,PARD2,math_500,test/counting_and_probability/803.json,decode,77,256,cap,True,2450.0930663198233,104.4858268933132,8702833152,11362369536
E,PARD2,math_500,test/counting_and_probability/803.json,e2e,77,256,cap,True,2526.0293819010258,101.34482276185595,8757833728,11362369536
E,PARD2,humaneval,HumanEval/10,prefill,165,256,cap,True,136.66967954486609,,8875500544,11362369536
E,PARD2,humaneval,HumanEval/10,decode,165,256,cap,True,2050.8144116029143,124.82845768570091,8705872896,11362369536
E,PARD2,humaneval,HumanEval/10,e2e,165,256,cap,True,2169.293093495071,118.0107938238737,8875500544,11362369536
E,PARD2,gsm8k,gsm8k/test/286,prefill,55,145,eos,False,102.0523477345705,,8728858624,11362369536
E,PARD2,gsm8k,gsm8k/test/286,decode,55,145,eos,False,1197.5897569209337,121.07651987004517,8704795648,11362369536
E,PARD2,gsm8k,gsm8k/test/286,e2e,55,145,eos,False,1280.1899900659919,113.26443818899527,8728858624,11362369536
E,PARD2,math_500,test/intermediate_algebra/834.json,prefill,61,256,cap,True,96.63560334593058,,8736361472,11362369536
E,PARD2,math_500,test/intermediate_algebra/834.json,decode,61,256,cap,True,1455.374893732369,175.89969505621843,8705870848,11362369536
E,PARD2,math_500,test/intermediate_algebra/834.json,e2e,61,256,cap,True,1530.9391133487225,167.21762333188718,8736361472,11362369536
E,PARD2,math_500,test/intermediate_algebra/1806.json,prefill,66,256,cap,True,89.79877829551697,,8743298048,11362369536
E,PARD2,math_500,test/intermediate_algebra/1806.json,decode,66,256,cap,True,2181.6106801852584,117.34449337141169,8704069120,11362369536
E,PARD2,math_500,test/intermediate_algebra/1806.json,e2e,66,256,cap,True,2235.1641803979874,114.53297357083511,8743298048,11362369536
E,PARD2,math_500,test/algebra/1031.json,prefill,61,256,cap,True,78.12544610351324,,8736361472,11362369536
E,PARD2,math_500,test/algebra/1031.json,decode,61,256,cap,True,1869.3521823734045,136.94583739430638,8705263104,11362369536
E,PARD2,math_500,test/algebra/1031.json,e2e,61,256,cap,True,1949.6989911422133,131.3023195698659,8736361472,11362369536
E,PARD2,humaneval,HumanEval/37,prefill,146,256,cap,True,116.7990593239665,,8850081792,11362369536
E,PARD2,humaneval,HumanEval/37,decode,146,256,cap,True,1691.5539456531405,151.34013352506688,8705872896,11362369536
E,PARD2,humaneval,HumanEval/37,e2e,146,256,cap,True,1795.193805359304,142.60298761935744,8850081792,11362369536
E,PARD2,humaneval,HumanEval/103,prefill,173,256,cap,True,127.3241275921464,,8886203392,11362369536
E,PARD2,humaneval,HumanEval/103,decode,173,256,cap,True,1520.6796238198876,168.34578170840354,8705872896,11362369536
E,PARD2,humaneval,HumanEval/103,e2e,173,256,cap,True,1615.5606368556619,158.45892389297651,8886203392,11362369536
E,PARD2,humaneval,HumanEval/120,prefill,246,256,cap,True,142.8828462958336,,8984048640,11362369536
E,PARD2,humaneval,HumanEval/120,decode,246,256,cap,True,1034.6120595932007,247.43573944098108,8705873920,11362369536
E,PARD2,humaneval,HumanEval/120,e2e,246,256,cap,True,1166.6914718225598,219.42390613354428,8984048640,11362369536
E,PARD2,humaneval,HumanEval/149,prefill,210,256,cap,True,136.92677859216928,,8936475648,11362369536
E,PARD2,humaneval,HumanEval/149,decode,210,256,cap,True,1823.2053238898516,140.41205159154427,8705873920,11362369536
E,PARD2,humaneval,HumanEval/149,e2e,210,256,cap,True,1943.2720318436623,131.7365740900013,8936475648,11362369536
E,PARD2,gsm8k,gsm8k/test/1146,prefill,85,256,cap,True,85.84961388260126,,8769191936,11362369536
E,PARD2,gsm8k,gsm8k/test/1146,decode,85,256,cap,True,2112.00350522995,121.2119200399373,8704796672,11362369536
E,PARD2,gsm8k,gsm8k/test/1146,e2e,85,256,cap,True,2187.256185337901,117.04161666844321,8769191936,11362369536
E,PARD2,humaneval,HumanEval/155,prefill,91,256,cap,True,95.77603545039892,,8777120768,11362369536
E,PARD2,humaneval,HumanEval/155,decode,91,256,cap,True,2566.3232831284404,99.75360535556798,8705871872,11362369536
E,PARD2,humaneval,HumanEval/155,e2e,91,256,cap,True,2631.8745370954275,97.26907433913057,8777120768,11362369536
E,PARD2,humaneval,HumanEval/18,prefill,111,256,cap,True,96.89638670533895,,8803550208,11362369536
E,PARD2,humaneval,HumanEval/18,decode,111,256,cap,True,1996.621279977262,128.2166040035972,8705871872,11362369536
E,PARD2,humaneval,HumanEval/18,e2e,111,256,cap,True,2092.7164936438203,122.3290401626524,8803550208,11362369536
E,PARD2,humaneval,HumanEval/52,prefill,107,212,eos,False,116.17619078606367,,8798264320,11362369536
E,PARD2,humaneval,HumanEval/52,decode,107,212,eos,False,1169.292250648141,181.30625588469263,8705871872,11362369536
E,PARD2,humaneval,HumanEval/52,e2e,107,212,eos,False,1254.5830216258764,168.9804471650339,8798264320,11362369536
E,PARD2,math_500,test/prealgebra/1251.json,prefill,55,256,cap,True,103.45248878002167,,8728858624,11362369536
E,PARD2,math_500,test/prealgebra/1251.json,decode,55,256,cap,True,2065.8157290890813,123.92199187721495,8705567232,11362369536
E,PARD2,math_500,test/prealgebra/1251.json,e2e,55,256,cap,True,2130.5185267701745,120.15854205599945,8728858624,11362369536
E,PARD2,gsm8k,gsm8k/test/995,prefill,65,200,eos,False,89.31176271289587,,8741713408,11362369536
E,PARD2,gsm8k,gsm8k/test/995,decode,65,200,eos,False,2166.8646158650517,92.29925973947218,8701617152,11362369536
E,PARD2,gsm8k,gsm8k/test/995,e2e,65,200,eos,False,2226.4806386083364,89.82786399840879,8741713408,11362369536
E,PARD2,math_500,test/algebra/1265.json,prefill,42,213,eos,False,103.09943370521069,,8710942720,11362369536
E,PARD2,math_500,test/algebra/1265.json,decode,42,213,eos,False,1545.805487781763,137.79223950463253,8702224384,11362369536
E,PARD2,math_500,test/algebra/1265.json,e2e,42,213,eos,False,1616.3982367143035,131.77445703787134,8710942720,11362369536
E,PARD2,math_500,test/algebra/1339.json,prefill,63,256,cap,True,83.68544932454824,,8739037184,11362369536
E,PARD2,math_500,test/algebra/1339.json,decode,63,256,cap,True,1495.4359391704202,171.1875402312544,8704047616,11362369536
E,PARD2,math_500,test/algebra/1339.json,e2e,63,256,cap,True,1561.610016040504,163.93337476734015,8739037184,11362369536
E,PARD2,gsm8k,gsm8k/test/447,prefill,72,192,eos,False,83.25591217726469,,8751226880,11362369536
E,PARD2,gsm8k,gsm8k/test/447,decode,72,192,eos,False,1355.0593089312315,141.6912150889064,8705871872,11362369536
E,PARD2,gsm8k,gsm8k/test/447,e2e,72,192,eos,False,1426.27009190619,134.6168590995235,8751226880,11362369536
E,PARD2,math_500,test/number_theory/533.json,prefill,74,256,cap,True,93.4901125729084,,8753869824,11362369536
E,PARD2,math_500,test/number_theory/533.json,decode,74,256,cap,True,2229.6312749385834,114.81719102054294,8704048640,11362369536
E,PARD2,math_500,test/number_theory/533.json,e2e,74,256,cap,True,2286.912196315825,111.94133312700481,8753869824,11362369536
E,PARD2,math_500,test/intermediate_algebra/1102.json,prefill,67,256,cap,True,81.3671974465251,,8744619008,11362369536
E,PARD2,math_500,test/intermediate_algebra/1102.json,decode,67,256,cap,True,1749.2330111563206,146.3498564040777,8705871872,11362369536
E,PARD2,math_500,test/intermediate_algebra/1102.json,e2e,67,256,cap,True,1828.5224242135882,140.00375199669787,8744619008,11362369536
E,PARD2,humaneval,HumanEval/80,prefill,144,256,cap,True,107.19153564423323,,8847406080,11362369536
E,PARD2,humaneval,HumanEval/80,decode,144,256,cap,True,2197.1726529300213,116.51337443082288,8705872896,11362369536
E,PARD2,humaneval,HumanEval/80,e2e,144,256,cap,True,2304.440568201244,111.08986863558975,8847406080,11362369536
E,PARD2,gsm8k,gsm8k/test/82,prefill,53,175,eos,False,87.03851420432329,,8726707200,11362369536
E,PARD2,gsm8k,gsm8k/test/82,decode,53,175,eos,False,1570.7893669605255,111.40895379157338,8702224384,11362369536
E,PARD2,gsm8k,gsm8k/test/82,e2e,53,175,eos,False,1653.0571980401874,105.86445539057844,8726707200,11362369536
E,PARD2,math_500,test/precalculus/920.json,prefill,92,256,cap,True,95.39310075342655,,8778442752,11362369536
E,PARD2,math_500,test/precalculus/920.json,decode,92,256,cap,True,2015.5835822224617,127.01036179195523,8705871872,11362369536
E,PARD2,math_500,test/precalculus/920.json,e2e,92,256,cap,True,2099.7546976432204,121.91900334231242,8778442752,11362369536
E,PARD2,gsm8k,gsm8k/test/1033,prefill,81,256,cap,True,84.41912941634655,,8763119616,11362369536
E,PARD2,gsm8k,gsm8k/test/1033,decode,81,256,cap,True,1775.264287367463,144.20388097798218,8705871872,11362369536
E,PARD2,gsm8k,gsm8k/test/1033,e2e,81,256,cap,True,1849.865567870438,138.38843451457217,8763119616,11362369536
E,PARD2,humaneval,HumanEval/72,prefill,253,256,cap,True,158.94321911036968,,8993298432,11362369536
E,PARD2,humaneval,HumanEval/72,decode,253,256,cap,True,2389.9618051946163,107.11468252069147,8701595648,11362369536
E,PARD2,humaneval,HumanEval/72,e2e,253,256,cap,True,2522.638024762273,101.48106763122497,8993298432,11362369536
E,PARD2,math_500,test/algebra/1082.json,prefill,116,256,cap,True,107.09152650088072,,8810158080,11362369536
E,PARD2,math_500,test/algebra/1082.json,decode,116,256,cap,True,1313.7694904580712,194.85914527573678,8705871872,11362369536
E,PARD2,math_500,test/algebra/1082.json,e2e,116,256,cap,True,1402.747386135161,182.49900340597267,8810158080,11362369536
E,PARD2,math_500,test/prealgebra/1686.json,prefill,70,256,cap,True,90.54461680352688,,8748583936,11362369536
E,PARD2,math_500,test/prealgebra/1686.json,decode,70,256,cap,True,1778.533543460071,143.9388089931447,8705871872,11362369536
E,PARD2,math_500,test/prealgebra/1686.json,e2e,70,256,cap,True,1853.3883253112435,138.12539795566553,8748583936,11362369536
E,PARD2,humaneval,HumanEval/130,prefill,258,256,cap,True,152.5413617491722,,9000968192,11362369536
E,PARD2,humaneval,HumanEval/130,decode,258,256,cap,True,1223.4229734167457,209.2489724016294,8705874944,11362369536
E,PARD2,humaneval,HumanEval/130,e2e,258,256,cap,True,1368.8476821407676,187.01861670952067,9000968192,11362369536
E,PARD2,humaneval,HumanEval/79,prefill,170,256,cap,True,128.09800915420055,,8882190336,11362369536
E,PARD2,humaneval,HumanEval/79,decode,170,256,cap,True,1802.2749060764909,142.042703439347,8705872896,11362369536
E,PARD2,humaneval,HumanEval/79,e2e,170,256,cap,True,1909.3990800902247,134.07359554604125,8882190336,11362369536
E,PARD2,humaneval,HumanEval/150,prefill,113,256,cap,True,96.61727212369442,,8806193152,11362369536
E,PARD2,humaneval,HumanEval/150,decode,113,256,cap,True,1394.2941492423415,183.6054466262447,8705871872,11362369536
E,PARD2,humaneval,HumanEval/150,e2e,113,256,cap,True,1483.7822755798697,172.53205151001947,8806193152,11362369536
E,PARD2,humaneval,HumanEval/25,prefill,151,256,cap,True,110.75610108673573,,8857294848,11362369536
E,PARD2,humaneval,HumanEval/25,decode,151,256,cap,True,1275.4916474223137,200.70691996875047,8705872896,11362369536
E,PARD2,humaneval,HumanEval/25,e2e,151,256,cap,True,1365.0520704686642,187.53863353513495,8857294848,11362369536
E,PARD2,humaneval,HumanEval/113,prefill,205,256,cap,True,127.64175795018673,,8929867776,11362369536
E,PARD2,humaneval,HumanEval/113,decode,205,256,cap,True,2659.4620253890753,96.26006972690185,8705873920,11362369536
E,PARD2,humaneval,HumanEval/113,e2e,205,256,cap,True,2787.8813752904534,91.82600173342341,8929867776,11362369536
E,PARD2,math_500,test/intermediate_algebra/158.json,prefill,73,256,cap,True,81.92098513245583,,8752547840,11362369536
E,PARD2,math_500,test/intermediate_algebra/158.json,decode,73,256,cap,True,2351.7656102776527,108.85438535253361,8705871872,11362369536
E,PARD2,math_500,test/intermediate_algebra/158.json,e2e,73,256,cap,True,2434.979408979416,105.13435927053628,8752547840,11362369536
E,PARD2,gsm8k,gsm8k/test/676,prefill,82,256,cap,True,89.28130194544792,,8765228032,11362369536
E,PARD2,gsm8k,gsm8k/test/676,decode,82,256,cap,True,1532.9465512186289,166.9986470151165,8705871872,11362369536
E,PARD2,gsm8k,gsm8k/test/676,e2e,82,256,cap,True,1612.864376977086,158.7238230655255,8765228032,11362369536
E,PARD2,math_500,test/counting_and_probability/190.json,prefill,42,256,cap,True,89.04994931071997,,8710942720,11362369536
E,PARD2,math_500,test/counting_and_probability/190.json,decode,42,256,cap,True,1878.453217446804,136.2823399711575,8705870848,11362369536
E,PARD2,math_500,test/counting_and_probability/190.json,e2e,42,256,cap,True,1938.3748723194003,132.06939671771445,8710942720,11362369536
E,PARD2,math_500,test/geometry/347.json,prefill,64,256,cap,True,90.45409504324198,,8740375552,11362369536
E,PARD2,math_500,test/geometry/347.json,decode,64,256,cap,True,2690.440881997347,95.15169120161045,8702991872,11362369536
E,PARD2,math_500,test/geometry/347.json,e2e,64,256,cap,True,2760.203290730715,92.74679182497046,8740375552,11362369536
E,PARD2,gsm8k,gsm8k/test/513,prefill,62,191,eos,False,105.11679667979479,,8737699840,11362369536
E,PARD2,gsm8k,gsm8k/test/513,decode,62,191,eos,False,1162.993922829628,164.23129669954469,8705263104,11362369536
E,PARD2,gsm8k,gsm8k/test/513,e2e,62,191,eos,False,1234.1801039874554,154.75861212063535,8737699840,11362369536
E,PARD2,math_500,test/algebra/1098.json,prefill,35,114,eos,False,78.62043287605047,,8701577216,11362369536
E,PARD2,math_500,test/algebra/1098.json,decode,35,114,eos,False,675.2452263608575,168.82755412339236,8704047616,11362369536
E,PARD2,math_500,test/algebra/1098.json,e2e,35,114,eos,False,747.1955893561244,152.57049375550574,8704047616,11362369536
E,PARD2,humaneval,HumanEval/142,prefill,194,256,cap,True,132.884556427598,,8915332096,11362369536
E,PARD2,humaneval,HumanEval/142,decode,194,256,cap,True,1164.680004119873,219.80286352855728,8705873920,11362369536
E,PARD2,humaneval,HumanEval/142,e2e,194,256,cap,True,1287.2305372729897,198.87657462068796,8915332096,11362369536
E,PARD2,math_500,test/number_theory/72.json,prefill,46,256,cap,True,82.71133340895176,,8717080576,11362369536
E,PARD2,math_500,test/number_theory/72.json,decode,46,256,cap,True,2266.1751015111804,112.965674995409,8705870848,11362369536
E,PARD2,math_500,test/number_theory/72.json,e2e,46,256,cap,True,2337.2814683243632,109.52895638347347,8717080576,11362369536
E,PARD2,gsm8k,gsm8k/test/577,prefill,114,256,cap,True,99.38009735196829,,8807515136,11362369536
E,PARD2,gsm8k,gsm8k/test/577,decode,114,256,cap,True,1444.8854252696037,177.1766781800242,8705871872,11362369536
E,PARD2,gsm8k,gsm8k/test/577,e2e,114,256,cap,True,1546.050931327045,165.58316082139913,8807515136,11362369536
E,PARD2,math_500,test/algebra/661.json,prefill,47,256,cap,True,79.04101442545652,,8720252928,11362369536
E,PARD2,math_500,test/algebra/661.json,decode,47,256,cap,True,3450.253534130752,74.19744591740444,8700255232,11362369536
E,PARD2,math_500,test/algebra/661.json,e2e,47,256,cap,True,3516.186366789043,72.8061522614279,8720252928,11362369536
E,PARD2,humaneval,HumanEval/98,prefill,95,256,cap,True,97.72794507443905,,8782930944,11362369536
E,PARD2,humaneval,HumanEval/98,decode,95,256,cap,True,2262.9237538203597,113.12798302099681,8705871872,11362369536
E,PARD2,humaneval,HumanEval/98,e2e,95,256,cap,True,2370.2305937185884,108.00636894926276,8782930944,11362369536
E,PARD2,math_500,test/intermediate_algebra/1930.json,prefill,95,256,cap,True,112.01753374189138,,8782930944,11362369536
E,PARD2,math_500,test/intermediate_algebra/1930.json,decode,95,256,cap,True,1412.367225624621,181.25597603469149,8705264128,11362369536
E,PARD2,math_500,test/intermediate_algebra/1930.json,e2e,95,256,cap,True,1496.0912633687258,171.11255594365863,8782930944,11362369536
E,PARD2,gsm8k,gsm8k/test/530,prefill,96,256,cap,True,110.46275030821562,,8783990784,11362369536
E,PARD2,gsm8k,gsm8k/test/530,decode,96,256,cap,True,2724.4624029845,93.96349155692732,8705871872,11362369536
E,PARD2,gsm8k,gsm8k/test/530,e2e,96,256,cap,True,2771.7170426622033,92.361520335465,8783990784,11362369536
E,PARD2,gsm8k,gsm8k/test/966,prefill,131,256,cap,True,125.87274983525276,,8830013440,11362369536
E,PARD2,gsm8k,gsm8k/test/966,decode,131,256,cap,True,2511.853809468448,101.91675926162839,8704049664,11362369536
E,PARD2,gsm8k,gsm8k/test/966,e2e,131,256,cap,True,2605.7757902890444,98.24329512693927,8830013440,11362369536
E,PARD2,math_500,test/algebra/170.json,prefill,45,256,cap,True,78.36692314594984,,8716004352,11362369536
E,PARD2,math_500,test/algebra/170.json,decode,45,256,cap,True,1742.6464427262545,146.90300552274104,8705870848,11362369536
E,PARD2,math_500,test/algebra/170.json,e2e,45,256,cap,True,1821.696457453072,140.5283514455068,8716004352,11362369536
E,PARD2,humaneval,HumanEval/66,prefill,143,256,cap,True,121.9005398452282,,8846067712,11362369536
E,PARD2,humaneval,HumanEval/66,decode,143,256,cap,True,1547.903017140925,165.3850384456568,8705872896,11362369536
E,PARD2,humaneval,HumanEval/66,e2e,143,256,cap,True,1654.3786423280835,154.74087578871928,8846067712,11362369536
E,PARD2,math_500,test/intermediate_algebra/1797.json,prefill,85,256,cap,True,109.05029345303774,,8769191936,11362369536
E,PARD2,math_500,test/intermediate_algebra/1797.json,decode,85,256,cap,True,2578.40484008193,99.2861927733061,8705871872,11362369536
E,PARD2,math_500,test/intermediate_algebra/1797.json,e2e,85,256,cap,True,2643.9147191122174,96.82611853908833,8769191936,11362369536
E,PARD2,gsm8k,gsm8k/test/151,prefill,114,256,cap,True,103.4062672406435,,8807515136,11362369536
E,PARD2,gsm8k,gsm8k/test/151,decode,114,256,cap,True,2282.5616812333465,112.15469097933617,8705871872,11362369536
E,PARD2,gsm8k,gsm8k/test/151,e2e,114,256,cap,True,2369.487917982042,108.04022171086682,8807515136,11362369536
E,PARD2,math_500,test/number_theory/516.json,prefill,50,256,cap,True,81.15614391863346,,8721645568,11362369536
E,PARD2,math_500,test/number_theory/516.json,decode,50,256,cap,True,3107.1219444274902,82.39135913514005,8702832128,11362369536
E,PARD2,math_500,test/number_theory/516.json,e2e,50,256,cap,True,3179.721025750041,80.51020763358133,8721645568,11362369536
E,PARD2,humaneval,HumanEval/90,prefill,147,256,cap,True,109.82926841825247,,8851419136,11362369536
E,PARD2,humaneval,HumanEval/90,decode,147,256,cap,True,1713.3938390761614,149.41106601505683,8705872896,11362369536
E,PARD2,humaneval,HumanEval/90,e2e,147,256,cap,True,1803.8308704271913,141.92017899071266,8851419136,11362369536
E,PARD2,gsm8k,gsm8k/test/976,prefill,110,256,cap,True,114.82248734682798,,8802229248,11362369536
E,PARD2,gsm8k,gsm8k/test/976,decode,110,256,cap,True,1995.9448520094156,128.26005675571258,8704048640,11362369536
E,PARD2,gsm8k,gsm8k/test/976,e2e,110,256,cap,True,2077.871954999864,123.20297185974424,8802229248,11362369536
E,PARD2,gsm8k,gsm8k/test/202,prefill,72,182,eos,False,87.18355931341648,,8751226880,11362369536
E,PARD2,gsm8k,gsm8k/test/202,decode,72,182,eos,False,1402.7912635356188,129.74132697496572,8705144320,11362369536
E,PARD2,gsm8k,gsm8k/test/202,e2e,72,182,eos,False,1477.3711264133453,123.19179436100556,8751226880,11362369536
E,PARD2,math_500,test/algebra/694.json,prefill,95,256,cap,True,97.75076899677515,,8782930944,11362369536
E,PARD2,math_500,test/algebra/694.json,decode,95,256,cap,True,1844.333671964705,138.80351689685958,8705871872,11362369536
E,PARD2,math_500,test/algebra/694.json,e2e,95,256,cap,True,1926.4677232131362,132.88569380909232,8782930944,11362369536
E,PARD2,math_500,test/counting_and_probability/23957.json,prefill,75,256,cap,True,91.74886718392372,,8757287936,11362369536
E,PARD2,math_500,test/counting_and_probability/23957.json,decode,75,256,cap,True,1584.3072915449739,161.58481461658596,8705871872,11362369536
E,PARD2,math_500,test/counting_and_probability/23957.json,e2e,75,256,cap,True,1656.1519941315055,154.5751844680462,8757287936,11362369536
E,PARD2,gsm8k,gsm8k/test/206,prefill,101,255,eos,False,99.56514183431864,,8790335488,11362369536
E,PARD2,gsm8k,gsm8k/test/206,decode,101,255,eos,False,1508.5228476673365,169.0395345316197,8705871872,11362369536
E,PARD2,gsm8k,gsm8k/test/206,e2e,101,255,eos,False,1592.4435881897807,160.1312610953288,8790335488,11362369536
E,PARD2,gsm8k,gsm8k/test/1194,prefill,77,130,eos,False,86.12977247685194,,8757833728,11362369536
E,PARD2,gsm8k,gsm8k/test/1194,decode,77,130,eos,False,1162.7612616866827,111.8028302829973,8702833152,11362369536
E,PARD2,gsm8k,gsm8k/test/1194,e2e,77,130,eos,False,1243.0362896993756,104.58262649068764,8757833728,11362369536
E,PARD2,humaneval,HumanEval/91,prefill,130,256,cap,True,108.62246993929148,,8828676096,11362369536
E,PARD2,humaneval,HumanEval/91,decode,130,256,cap,True,2470.3301433473825,103.6298733954285,8705872896,11362369536
E,PARD2,humaneval,HumanEval/91,e2e,130,256,cap,True,2555.127300322056,100.19070281458501,8828676096,11362369536
E,PARD2,math_500,test/intermediate_algebra/1981.json,prefill,75,256,cap,True,82.30243623256683,,8757287936,11362369536
E,PARD2,math_500,test/intermediate_algebra/1981.json,decode,75,256,cap,True,1797.2641671076417,142.43871584664362,8705871872,11362369536
E,PARD2,math_500,test/intermediate_algebra/1981.json,e2e,75,256,cap,True,1883.2507524639368,135.93516405877673,8757287936,11362369536
E,PARD2,gsm8k,gsm8k/test/621,prefill,79,230,eos,False,95.74415907263756,,8760476672,11362369536
E,PARD2,gsm8k,gsm8k/test/621,decode,79,230,eos,False,1675.9250815957785,137.23763820098637,8705871872,11362369536
E,PARD2,gsm8k,gsm8k/test/621,e2e,79,230,eos,False,1755.4063759744167,131.02379206770752,8760476672,11362369536
E,PARD2,humaneval,HumanEval/136,prefill,161,256,cap,True,119.07558050006628,,8870149120,11362369536
E,PARD2,humaneval,HumanEval/136,decode,161,256,cap,True,2345.751764252782,109.1334572997951,8705872896,11362369536
E,PARD2,humaneval,HumanEval/136,e2e,161,256,cap,True,2455.252871848643,104.2662460291713,8870149120,11362369536
E,PARD2,math_500,test/algebra/907.json,prefill,55,256,cap,True,82.26809557527304,,8728858624,11362369536
E,PARD2,math_500,test/algebra/907.json,decode,55,256,cap,True,1002.8229523450136,255.2793585361867,8705870848,11362369536
E,PARD2,math_500,test/algebra/907.json,e2e,55,256,cap,True,1084.5180302858353,236.0495564398581,8728858624,11362369536
E,PARD2,gsm8k,gsm8k/test/788,prefill,74,187,eos,False,82.3413459584117,,8753869824,11362369536
E,PARD2,gsm8k,gsm8k/test/788,decode,74,187,eos,False,2370.6769281998277,78.88042346706362,8701617664,11362369536
E,PARD2,gsm8k,gsm8k/test/788,e2e,74,187,eos,False,2447.3179532215,76.41017782501233,8753869824,11362369536
E,PARD2,humaneval,HumanEval/129,prefill,419,256,cap,True,211.22101694345474,,9217802240,11362369536
E,PARD2,humaneval,HumanEval/129,decode,419,256,cap,True,3314.2586490139365,77.2420100875849,8699167232,11362369536
E,PARD2,humaneval,HumanEval/129,e2e,419,256,cap,True,3520.38143761456,72.71939263873284,9217802240,11362369536
E,PARD2,math_500,test/precalculus/881.json,prefill,197,256,cap,True,143.17178633064032,,8920344576,11362369536
E,PARD2,math_500,test/precalculus/881.json,decode,197,256,cap,True,1568.0594202131033,163.25911932929745,8705873920,11362369536
E,PARD2,math_500,test/precalculus/881.json,e2e,197,256,cap,True,1691.8966434895992,151.30947920789686,8920344576,11362369536
E,PARD2,gsm8k,gsm8k/test/1047,prefill,98,256,cap,True,97.1516827121377,,8786371584,11362369536
E,PARD2,gsm8k,gsm8k/test/1047,decode,98,256,cap,True,1971.0395550355315,129.88070145319085,8705871872,11362369536
E,PARD2,gsm8k,gsm8k/test/1047,e2e,98,256,cap,True,2056.7660247907043,124.4672446522207,8786371584,11362369536
E,PARD2,humaneval,HumanEval/64,prefill,149,256,cap,True,121.39709014445543,,8855143424,11362369536
E,PARD2,humaneval,HumanEval/64,decode,149,256,cap,True,1959.8111724480987,130.6248293707896,8705872896,11362369536
E,PARD2,humaneval,HumanEval/64,e2e,149,256,cap,True,2073.239433579147,123.47826105065596,8855143424,11362369536
E,PARD2,math_500,test/intermediate_algebra/1462.json,prefill,101,256,cap,True,106.44887201488018,,8790335488,11362369536
E,PARD2,math_500,test/intermediate_algebra/1462.json,decode,101,256,cap,True,1935.3776322677732,132.27392718186618,8705871872,11362369536
E,PARD2,math_500,test/intermediate_algebra/1462.json,e2e,101,256,cap,True,2016.664600931108,126.94227879132853,8790335488,11362369536
E,PARD2,humaneval,HumanEval/111,prefill,174,256,cap,True,117.69739910960197,,8887541760,11362369536
E,PARD2,humaneval,HumanEval/111,decode,174,256,cap,True,1565.247512422502,163.5524081452102,8705872896,11362369536
E,PARD2,humaneval,HumanEval/111,e2e,174,256,cap,True,1682.4105512350798,152.16262155040994,8887541760,11362369536
E,PARD2,math_500,test/counting_and_probability/389.json,prefill,54,182,eos,False,86.40800975263119,,8727783424,11362369536
E,PARD2,math_500,test/counting_and_probability/389.json,decode,54,182,eos,False,1784.5824528485537,101.98464055807075,8705143296,11362369536
E,PARD2,math_500,test/counting_and_probability/389.json,e2e,54,182,eos,False,1860.2295508608222,97.83738781903524,8727783424,11362369536
E,PARD2,gsm8k,gsm8k/test/285,prefill,49,86,eos,False,73.83774593472481,,8720307200,11362369536
E,PARD2,gsm8k,gsm8k/test/285,decode,49,86,eos,False,529.9936132505536,162.2661063263486,8705567232,11362369536
E,PARD2,gsm8k,gsm8k/test/285,e2e,49,86,eos,False,604.6925773844123,142.22102803376814,8720307200,11362369536
E,PARD2,gsm8k,gsm8k/test/724,prefill,80,256,cap,True,94.44603323936462,,8761798656,11362369536
E,PARD2,gsm8k,gsm8k/test/724,decode,80,256,cap,True,3208.006323315203,79.80034145800737,8703440896,11362369536
E,PARD2,gsm8k,gsm8k/test/724,e2e,80,256,cap,True,3281.4029240980744,78.01541167650544,8761798656,11362369536
E,PARD2,gsm8k,gsm8k/test/829,prefill,101,256,cap,True,93.66691205650568,,8790335488,11362369536
E,PARD2,gsm8k,gsm8k/test/829,decode,101,256,cap,True,1703.7843242287636,150.2537594456864,8705871872,11362369536
E,PARD2,gsm8k,gsm8k/test/829,e2e,101,256,cap,True,1789.8699697107077,143.027149643377,8790335488,11362369536
E,PARD2,gsm8k,gsm8k/test/1090,prefill,92,233,eos,False,90.80000687390566,,8778442752,11362369536
E,PARD2,gsm8k,gsm8k/test/1090,decode,92,233,eos,False,1645.3234776854515,141.6134900887522,8705871872,11362369536
E,PARD2,gsm8k,gsm8k/test/1090,e2e,92,233,eos,False,1715.20964987576,135.84345214993232,8778442752,11362369536
E,PARD2,gsm8k,gsm8k/test/889,prefill,76,235,eos,False,83.6062915623188,,8757561344,11362369536
E,PARD2,gsm8k,gsm8k/test/889,decode,76,235,eos,False,1551.6241937875748,151.45419937437035,8705144320,11362369536
E,PARD2,gsm8k,gsm8k/test/889,e2e,76,235,eos,False,1627.35905777663,144.40574676928853,8757561344,11362369536
E,PARD2,math_500,test/number_theory/838.json,prefill,88,256,cap,True,91.24941844493151,,8773156864,11362369536
E,PARD2,math_500,test/number_theory/838.json,decode,88,256,cap,True,2090.3708934783936,122.46630528518985,8705871872,11362369536
E,PARD2,math_500,test/number_theory/838.json,e2e,88,256,cap,True,2159.0495323762298,118.57069333571462,8773156864,11362369536
E,PARD2,gsm8k,gsm8k/test/861,prefill,84,256,cap,True,86.88749186694622,,8767870976,11362369536
E,PARD2,gsm8k,gsm8k/test/861,decode,84,256,cap,True,2165.7546777278185,118.20360017348781,8705871872,11362369536
E,PARD2,gsm8k,gsm8k/test/861,e2e,84,256,cap,True,2269.1547945141792,112.81733648973427,8767870976,11362369536
E,PARD2,humaneval,HumanEval/124,prefill,312,256,cap,True,181.25599808990955,,9072913408,11362369536
E,PARD2,humaneval,HumanEval/124,decode,312,256,cap,True,1826.4353470876813,140.16373500885288,8705874944,11362369536
E,PARD2,humaneval,HumanEval/124,e2e,312,256,cap,True,1989.1304327175021,128.69945368552777,9072913408,11362369536
E,PARD2,gsm8k,gsm8k/test/300,prefill,79,178,eos,False,95.01228388398886,,8760476672,11362369536
E,PARD2,gsm8k,gsm8k/test/300,decode,79,178,eos,False,1401.0955058038235,127.04344512038064,8705871872,11362369536
E,PARD2,gsm8k,gsm8k/test/300,e2e,79,178,eos,False,1480.017083697021,120.26888200193164,8760476672,11362369536
E,PARD2,gsm8k,gsm8k/test/1266,prefill,77,202,eos,False,97.48684894293547,,8757833728,11362369536
E,PARD2,gsm8k,gsm8k/test/1266,decode,77,202,eos,False,1643.2573841884732,122.92657373315758,8705144320,11362369536
E,PARD2,gsm8k,gsm8k/test/1266,e2e,77,202,eos,False,1730.7761926203966,116.71064165388815,8757833728,11362369536
